pair,regulator,direction,recurrence,recur_fold,n_combinations,median_agreement,background_percentile,n_targets,tissue_pairing,agreement_top100,agreement_top12,tissue_generality_percentile,share_of_pairs_reporting
Acute_Myeloid_Leukemia||Stroke,HOXA11,concordant,0.7037037037037037,7.037037037037039,27,0.5762985335411707,0.940721649484536,4,blood|bone_marrow,0.46625,0.3333333333333332,0.7984,0.063
Acute_Myeloid_Leukemia||Stroke,MAML1,concordant,0.5925925925925926,5.925925925925927,27,0.6780630376541038,0.9123711340206184,5,blood|bone_marrow,0.46625,0.3333333333333332,0.5496,0.014
Acute_Myeloid_Leukemia||Stroke,ZBTB20,concordant,0.5555555555555556,5.555555555555557,27,0.8245976598655309,0.9020618556701032,3,blood|bone_marrow,0.46625,0.3333333333333332,0.5334,0.014
Acute_Myeloid_Leukemia||Stroke,ZNF76,concordant,0.5185185185185185,5.185185185185186,27,0.4605619977727663,0.904639175257732,7,blood|bone_marrow,0.46625,0.3333333333333332,0.6892,0.005
Acute_Myeloid_Leukemia||Stroke,PML,concordant,0.5185185185185185,5.185185185185186,27,0.3391863649532406,0.9072164948453608,17,blood|bone_marrow,0.46625,0.3333333333333332,0.7004,0.036
Acute_Myeloid_Leukemia||Stroke,HMX1,concordant,0.4814814814814814,4.814814814814816,27,0.8161165889961446,0.884020618556701,3,blood|bone_marrow,0.46625,0.3333333333333332,0.6394,0.018
Acute_Myeloid_Leukemia||Stroke,MYRF,concordant,0.4814814814814814,4.814814814814816,27,0.2865796254446402,0.8144329896907216,9,blood|bone_marrow,0.46625,0.3333333333333332,0.6016,0.014
Acute_Myeloid_Leukemia||Stroke,ZNF304,concordant,0.4444444444444444,4.4444444444444455,27,0.9330846972385112,0.8917525773195877,2,blood|bone_marrow,0.46625,0.3333333333333332,0.4802,0.009
Acute_Myeloid_Leukemia||Stroke,GTF3A,concordant,0.4444444444444444,4.4444444444444455,27,0.2342082171908138,0.7963917525773195,24,blood|bone_marrow,0.46625,0.3333333333333332,0.7932,0.054
Acute_Myeloid_Leukemia||Stroke,ZNF281,concordant,0.4074074074074074,4.074074074074074,27,0.6133472109410002,0.8530927835051546,3,blood|bone_marrow,0.46625,0.3333333333333332,0.7054,0.036
Acute_Myeloid_Leukemia||Stroke,HIPK2,concordant,0.4074074074074074,4.074074074074074,27,0.5076780194861372,0.7448453608247423,9,blood|bone_marrow,0.46625,0.3333333333333332,0.6718,0.018
Acute_Myeloid_Leukemia||Stroke,DMBX1,concordant,0.4074074074074074,4.074074074074074,27,0.4999484286701876,0.8865979381443299,4,blood|bone_marrow,0.46625,0.3333333333333332,0.6506,0.005
Alzheimers_Disease||Bladder_Cancer,GATA3,concordant,0.835,8.350000000000001,200,0.3870856808428028,0.9563492063492064,165,bladder|brain,0.7577499999999999,0.7366666666666666,0.7382,0.036
Alzheimers_Disease||Bladder_Cancer,PPARG,concordant,0.805,8.050000000000002,200,0.0109562403948418,0.9396825396825396,319,bladder|brain,0.7577499999999999,0.7366666666666666,0.7432,0.036
Alzheimers_Disease||Bladder_Cancer,AHR,concordant,0.79,7.900000000000002,200,0.2142894737308015,0.9523809523809524,174,bladder|brain,0.7577499999999999,0.7366666666666666,0.7486,0.009
Alzheimers_Disease||Bladder_Cancer,NR2E1,concordant,0.75,7.500000000000002,200,0.4803123457194731,0.9547619047619048,12,bladder|brain,0.7577499999999999,0.7366666666666666,0.4622,0.014
Alzheimers_Disease||Bladder_Cancer,PRRX1,concordant,0.75,7.500000000000002,200,0.1191443743300719,0.9492063492063492,7,bladder|brain,0.7577499999999999,0.7366666666666666,0.8614,0.023
Alzheimers_Disease||Bladder_Cancer,FOSL2,concordant,0.7,7.000000000000001,200,0.2156861217202101,0.9523809523809524,39,bladder|brain,0.7577499999999999,0.7366666666666666,0.658,0.036
Alzheimers_Disease||Bladder_Cancer,TP53,concordant,0.69,6.900000000000001,200,0.2973134065872224,0.9595238095238096,824,bladder|brain,0.7577499999999999,0.7366666666666666,0.5166,0.063
Alzheimers_Disease||Bladder_Cancer,LHX2,concordant,0.665,6.650000000000002,200,0.1820564397542352,0.9317460317460318,27,bladder|brain,0.7577499999999999,0.7366666666666666,0.6558,0.005
Alzheimers_Disease||Bladder_Cancer,ETV4,concordant,0.655,6.550000000000002,200,0.1992733243855958,0.95,60,bladder|brain,0.7577499999999999,0.7366666666666666,0.7062,0.027
Alzheimers_Disease||Bladder_Cancer,AR,concordant,0.625,6.250000000000002,200,0.1481597949743579,0.9253968253968254,446,bladder|brain,0.7577499999999999,0.7366666666666666,0.6128,0.014
Alzheimers_Disease||Bladder_Cancer,MAML2,concordant,0.61,6.100000000000001,200,0.8651066049966347,0.923809523809524,2,bladder|brain,0.7577499999999999,0.7366666666666666,0.4862,0.023
Alzheimers_Disease||Bladder_Cancer,SALL3,concordant,0.6,6.000000000000001,200,0.5827847661636187,0.9293650793650794,8,bladder|brain,0.7577499999999999,0.7366666666666666,0.6652,0.018
Alzheimers_Disease||Breast_Cancer,TP53,concordant,0.7532051282051282,7.532051282051284,312,0.2934360848522048,0.952819956616052,824,brain|breast,0.7505499999999999,0.65,0.5166,0.063
Alzheimers_Disease||Breast_Cancer,BMAL2,concordant,0.7147435897435898,7.1474358974359,312,0.2643917419626824,0.9479392624728852,9,brain|breast,0.7505499999999999,0.65,0.3402,0.027
Alzheimers_Disease||Breast_Cancer,PATZ1,concordant,0.7115384615384616,7.115384615384618,312,0.328003309413485,0.938177874186551,9,brain|breast,0.7505499999999999,0.65,0.5488,0.032
Alzheimers_Disease||Breast_Cancer,GATA3,concordant,0.6730769230769231,6.730769230769233,312,0.2867602198617733,0.9300433839479392,165,brain|breast,0.7505499999999999,0.65,0.7382,0.036
Alzheimers_Disease||Breast_Cancer,NR5A2,concordant,0.5961538461538461,5.961538461538463,312,0.0782420478863072,0.9398047722342732,54,brain|breast,0.7505499999999999,0.65,0.2508,0.041
Alzheimers_Disease||Breast_Cancer,TP73,concordant,0.5769230769230769,5.76923076923077,312,0.2358479880396007,0.9148590021691974,110,brain|breast,0.7505499999999999,0.65,0.4242,0.041
Alzheimers_Disease||Breast_Cancer,PAX2,concordant,0.5673076923076923,5.673076923076924,312,0.3792510484771614,0.9213665943600868,21,brain|breast,0.7505499999999999,0.65,0.4672,0.018
Alzheimers_Disease||Breast_Cancer,VSX1,concordant,0.5512820512820513,5.5128205128205146,312,0.6646796301842008,0.9202819956616052,3,brain|breast,0.7505499999999999,0.65,0.5466,0.014
Alzheimers_Disease||Breast_Cancer,ZNF165,concordant,0.5512820512820513,5.5128205128205146,312,0.6302189527935936,0.913232104121475,3,brain|breast,0.7505499999999999,0.65,0.358,0.018
Alzheimers_Disease||Breast_Cancer,HOXC9,concordant,0.5480769230769231,5.480769230769233,312,0.5912115629799966,0.905639913232104,3,brain|breast,0.7505499999999999,0.65,0.442,0.041
Alzheimers_Disease||Breast_Cancer,NFYB,concordant,0.5384615384615384,5.384615384615386,312,0.2573924568837529,0.9099783080260304,30,brain|breast,0.7505499999999999,0.65,0.667,0.014
Alzheimers_Disease||Breast_Cancer,MEF2D,concordant,0.5256410256410257,5.256410256410258,312,0.2722648084080094,0.908351409978308,23,brain|breast,0.7505499999999999,0.65,0.862,0.027
Alzheimers_Disease||COVID-19,LDB1,concordant,1.0,10.000000000000002,32,0.8939523629894677,0.9413333333333334,3,blood|brain,0.7253999999999999,0.5583333333333333,0.7226,0.009
Alzheimers_Disease||COVID-19,HOXC9,concordant,0.8125,8.125000000000002,32,0.795776619036668,0.923,3,blood|brain,0.7253999999999999,0.5583333333333333,0.8418,0.041
Alzheimers_Disease||COVID-19,CREBL2,concordant,0.75,7.500000000000002,32,0.9529624650885083,0.939,2,blood|brain,0.7253999999999999,0.5583333333333333,0.6872,0.032
Alzheimers_Disease||COVID-19,TOX,concordant,0.75,7.500000000000002,32,0.8515728990141618,0.946,4,blood|brain,0.7253999999999999,0.5583333333333333,0.6602,0.032
Alzheimers_Disease||COVID-19,CIC,concordant,0.75,7.500000000000002,32,0.8224498342562819,0.9393333333333334,3,blood|brain,0.7253999999999999,0.5583333333333333,0.7458,0.041
Alzheimers_Disease||COVID-19,LMO2,concordant,0.75,7.500000000000002,32,0.5482820851716232,0.967,27,blood|brain,0.7253999999999999,0.5583333333333333,0.869,0.018
Alzheimers_Disease||COVID-19,BATF,concordant,0.75,7.500000000000002,32,0.4866676857097791,0.9333333333333332,15,blood|brain,0.7253999999999999,0.5583333333333333,0.8564,0.009
Alzheimers_Disease||COVID-19,TP53,concordant,0.75,7.500000000000002,32,0.2512381480637439,0.9853333333333332,824,blood|brain,0.7253999999999999,0.5583333333333333,0.6512,0.063
Alzheimers_Disease||COVID-19,CARF,concordant,0.6875,6.875000000000002,32,0.7999253471607709,0.9116666666666666,3,blood|brain,0.7253999999999999,0.5583333333333333,0.755,0.009
Alzheimers_Disease||COVID-19,SOX8,concordant,0.6875,6.875000000000002,32,0.7499420260647753,0.9673333333333334,4,blood|brain,0.7253999999999999,0.5583333333333333,0.7468,0.023
Alzheimers_Disease||COVID-19,PARK7,concordant,0.6875,6.875000000000002,32,0.6250213781948917,0.9536666666666668,7,blood|brain,0.7253999999999999,0.5583333333333333,0.7956,0.009
Alzheimers_Disease||COVID-19,TFE3,concordant,0.6875,6.875000000000002,32,0.2929346166995034,0.952,34,blood|brain,0.7253999999999999,0.5583333333333333,0.8756,0.005
Alzheimers_Disease||Cardiovascular_Disease,HOXB3,concordant,1.0,10.000000000000002,64,0.8347298635024608,0.9646666666666668,5,blood|brain,0.7722,0.7375,0.676,0.041
Alzheimers_Disease||Cardiovascular_Disease,HOXB2,concordant,0.90625,9.062500000000002,64,0.5620247349956649,0.9603333333333334,8,blood|brain,0.7722,0.7375,0.8838,0.014
Alzheimers_Disease||Cardiovascular_Disease,HOXC9,concordant,0.890625,8.906250000000002,64,0.9191363853847088,0.9656666666666668,3,blood|brain,0.7722,0.7375,0.8114,0.041
Alzheimers_Disease||Cardiovascular_Disease,FOSL1,concordant,0.859375,8.593750000000002,64,0.4643437152641225,0.9816666666666668,48,blood|brain,0.7722,0.7375,0.7822,0.05
Alzheimers_Disease||Cardiovascular_Disease,TCF7,concordant,0.828125,8.281250000000002,64,0.3039093832925738,0.9433333333333334,22,blood|brain,0.7722,0.7375,0.8872,0.023
Alzheimers_Disease||Cardiovascular_Disease,HOXA4,concordant,0.8125,8.125000000000002,64,0.8856358782007385,0.9763333333333334,4,blood|brain,0.7722,0.7375,0.8084,0.014
Alzheimers_Disease||Cardiovascular_Disease,GTF2I,concordant,0.796875,7.968750000000002,64,0.5222912200197619,0.958,22,blood|brain,0.7722,0.7375,0.7388,0.014
Alzheimers_Disease||Cardiovascular_Disease,HOXA5,concordant,0.78125,7.812500000000002,64,0.5633027529298307,0.9703333333333334,15,blood|brain,0.7722,0.7375,0.7482,0.032
Alzheimers_Disease||Cardiovascular_Disease,SRSF2,concordant,0.765625,7.656250000000002,64,0.6586345456824916,0.962,10,blood|brain,0.7722,0.7375,0.753,0.023
Alzheimers_Disease||Cardiovascular_Disease,HOXA13,concordant,0.765625,7.656250000000002,64,0.4976416063685865,0.958,14,blood|brain,0.7722,0.7375,0.7964,0.05
Alzheimers_Disease||Cardiovascular_Disease,GRHL2,concordant,0.75,7.500000000000002,64,0.9230015987487302,0.985,8,blood|brain,0.7722,0.7375,0.7274,0.027
Alzheimers_Disease||Cardiovascular_Disease,HOXA11,concordant,0.71875,7.187500000000002,64,0.6899846425737527,0.938,4,blood|brain,0.7722,0.7375,0.8006,0.063
Alzheimers_Disease||Chronic_obstructive_pulmonary_disease_(COPD),MYBL2,concordant,1.0,10.000000000000002,104,0.6507794132285841,0.97442799461642,43,brain|lung,0.8052000000000001,0.6625,0.2674,0.027
Alzheimers_Disease||Chronic_obstructive_pulmonary_disease_(COPD),NR4A3,concordant,0.9230769230769232,9.230769230769234,104,0.5781913600143918,0.9762225213100044,30,brain|lung,0.8052000000000001,0.6625,0.4298,0.032
Alzheimers_Disease||Chronic_obstructive_pulmonary_disease_(COPD),HOXA13,concordant,0.903846153846154,9.03846153846154,104,0.5027191081463273,0.9793629430237776,14,brain|lung,0.8052000000000001,0.6625,0.6902,0.05
Alzheimers_Disease||Chronic_obstructive_pulmonary_disease_(COPD),AR,concordant,0.8846153846153846,8.846153846153848,104,0.1666104406727249,0.9434724091520862,446,brain|lung,0.8052000000000001,0.6625,0.6128,0.014
Alzheimers_Disease||Chronic_obstructive_pulmonary_disease_(COPD),FOSL1,concordant,0.8653846153846154,8.653846153846157,104,0.4129471933249916,0.9878869448183042,48,brain|lung,0.8052000000000001,0.6625,0.6844,0.05
Alzheimers_Disease||Chronic_obstructive_pulmonary_disease_(COPD),GFI1,concordant,0.8653846153846154,8.653846153846157,104,0.3382068686831487,0.9834006280843428,50,brain|lung,0.8052000000000001,0.6625,0.5988,0.014
Alzheimers_Disease||Chronic_obstructive_pulmonary_disease_(COPD),HOXA11,concordant,0.8557692307692307,8.557692307692308,104,0.8204834165967865,0.9614176760879318,4,brain|lung,0.8052000000000001,0.6625,0.5964,0.063
Alzheimers_Disease||Chronic_obstructive_pulmonary_disease_(COPD),KDM5B,concordant,0.8269230769230769,8.26923076923077,104,0.2657345531848587,0.93719156572454,29,brain|lung,0.8052000000000001,0.6625,0.7048,0.009
Alzheimers_Disease||Chronic_obstructive_pulmonary_disease_(COPD),ELK3,concordant,0.7980769230769231,7.980769230769233,104,0.3561563405141141,0.9614176760879318,25,brain|lung,0.8052000000000001,0.6625,0.575,0.018
Alzheimers_Disease||Chronic_obstructive_pulmonary_disease_(COPD),MYC,concordant,0.7980769230769231,7.980769230769233,104,0.0558406676498056,0.9434724091520862,784,brain|lung,0.8052000000000001,0.6625,0.4164,0.009
Alzheimers_Disease||Chronic_obstructive_pulmonary_disease_(COPD),E2F7,concordant,0.7884615384615384,7.884615384615386,104,0.5285558457806767,0.9582772543741588,7,brain|lung,0.8052000000000001,0.6625,0.7126,0.023
Alzheimers_Disease||Chronic_obstructive_pulmonary_disease_(COPD),MEF2D,concordant,0.7884615384615384,7.884615384615386,104,0.3174007619486896,0.9457155675190668,23,brain|lung,0.8052000000000001,0.6625,0.862,0.027
Alzheimers_Disease||Colon_and_Rectal_Cancer,HOXB3,concordant,0.8947368421052632,8.947368421052634,152,0.7737445717916007,0.9602842809364548,5,brain|colorectal,0.7376,0.79,0.676,0.041
Alzheimers_Disease||Colon_and_Rectal_Cancer,ZNF451,concordant,0.8289473684210527,8.28947368421053,152,0.9642668571971192,0.9481605351170568,3,brain|colorectal,0.7376,0.79,0.4268,0.014
Alzheimers_Disease||Colon_and_Rectal_Cancer,VDR,concordant,0.8289473684210527,8.28947368421053,152,0.2220138087331632,0.9448160535117056,129,brain|colorectal,0.7376,0.79,0.6242,0.027
Alzheimers_Disease||Colon_and_Rectal_Cancer,HMGA2,concordant,0.756578947368421,7.5657894736842115,152,0.3538571997671572,0.9489966555183946,38,brain|colorectal,0.7376,0.79,0.537,0.023
Alzheimers_Disease||Colon_and_Rectal_Cancer,PLAGL2,concordant,0.6710526315789473,6.710526315789475,152,0.60472808176986,0.93938127090301,7,brain|colorectal,0.7376,0.79,0.5316,0.023
Alzheimers_Disease||Colon_and_Rectal_Cancer,FOXA2,concordant,0.6644736842105263,6.644736842105265,152,0.2201198311037129,0.9343645484949832,111,brain|colorectal,0.7376,0.79,0.4218,0.018
Alzheimers_Disease||Colon_and_Rectal_Cancer,PAX9,concordant,0.6381578947368421,6.381578947368423,152,0.4949758019531165,0.943979933110368,8,brain|colorectal,0.7376,0.79,0.5376,0.027
Alzheimers_Disease||Colon_and_Rectal_Cancer,SOX7,concordant,0.6118421052631579,6.11842105263158,152,0.7025287700618035,0.9648829431438128,6,brain|colorectal,0.7376,0.79,0.4952,0.018
Alzheimers_Disease||Colon_and_Rectal_Cancer,TP53,concordant,0.5921052631578947,5.921052631578948,152,0.2449744157992079,0.9686454849498328,824,brain|colorectal,0.7376,0.79,0.5166,0.063
Alzheimers_Disease||Colon_and_Rectal_Cancer,SMARCC1,concordant,0.5855263157894737,5.855263157894738,152,0.5905192984241936,0.9268394648829432,7,brain|colorectal,0.7376,0.79,0.498,0.027
Alzheimers_Disease||Colon_and_Rectal_Cancer,ZBTB18,concordant,0.5723684210526315,5.723684210526317,152,0.3605658822431888,0.9142976588628764,8,brain|colorectal,0.7376,0.79,0.8096,0.032
Alzheimers_Disease||Colon_and_Rectal_Cancer,FOSL1,concordant,0.5592105263157895,5.5921052631578965,152,0.3023695251568698,0.919314381270903,48,brain|colorectal,0.7376,0.79,0.6844,0.05
Alzheimers_Disease||Endometrioid_Cancer,MSX1,concordant,0.6875,6.875000000000002,96,0.6244536266025549,0.950354609929078,18,brain|uterus_endometrium,0.70695,0.66,0.719,0.023
Alzheimers_Disease||Endometrioid_Cancer,STOX1,concordant,0.6666666666666666,6.666666666666668,96,0.6135893813463583,0.9209726443768996,5,brain|uterus_endometrium,0.70695,0.66,0.459,0.018
Alzheimers_Disease||Endometrioid_Cancer,GATA3,concordant,0.6458333333333334,6.458333333333335,96,0.2476730077445296,0.9321175278622088,165,brain|uterus_endometrium,0.70695,0.66,0.7382,0.036
Alzheimers_Disease||Endometrioid_Cancer,NFKBIB,concordant,0.6354166666666666,6.354166666666668,96,0.303405935417367,0.9432624113475178,16,brain|uterus_endometrium,0.70695,0.66,0.5922,0.045
Alzheimers_Disease||Endometrioid_Cancer,CDX1,concordant,0.6145833333333334,6.145833333333335,96,0.2954326183378058,0.938196555217832,28,brain|uterus_endometrium,0.70695,0.66,0.3146,0.041
Alzheimers_Disease||Endometrioid_Cancer,TBPL1,concordant,0.6145833333333334,6.145833333333335,96,0.2448572531822655,0.9463019250253292,36,brain|uterus_endometrium,0.70695,0.66,0.4278,0.027
Alzheimers_Disease||Endometrioid_Cancer,TBP,concordant,0.59375,5.937500000000001,96,0.1815972883883645,0.9260385005065856,140,brain|uterus_endometrium,0.70695,0.66,0.5854,0.014
Alzheimers_Disease||Endometrioid_Cancer,HOXD10,concordant,0.5833333333333334,5.833333333333335,96,0.4332113330904299,0.9199594731509624,5,brain|uterus_endometrium,0.70695,0.66,0.6692,0.023
Alzheimers_Disease||Endometrioid_Cancer,SOX8,concordant,0.5625,5.625000000000001,96,0.5276143932348853,0.916919959473151,4,brain|uterus_endometrium,0.70695,0.66,0.4028,0.023
Alzheimers_Disease||Endometrioid_Cancer,PAX2,concordant,0.5625,5.625000000000001,96,0.3030225286094166,0.9088145896656536,21,brain|uterus_endometrium,0.70695,0.66,0.4672,0.018
Alzheimers_Disease||Endometrioid_Cancer,HOXA13,concordant,0.5625,5.625000000000001,96,0.2653709506556772,0.92806484295846,14,brain|uterus_endometrium,0.70695,0.66,0.6902,0.05
Alzheimers_Disease||Endometrioid_Cancer,POU2F1,concordant,0.5520833333333334,5.520833333333335,96,0.1390495222348309,0.9108409321175278,103,brain|uterus_endometrium,0.70695,0.66,0.373,0.018
Alzheimers_Disease||Esophageal_Cancer,VDR,concordant,0.8043478260869565,8.043478260869568,184,0.1789161234933405,0.9625935162094764,129,brain|esophagus,0.75275,0.6104166666666667,0.6242,0.027
Alzheimers_Disease||Esophageal_Cancer,MSX1,concordant,0.6847826086956522,6.847826086956523,184,0.4432912544887253,0.9310058187863676,18,brain|esophagus,0.75275,0.6104166666666667,0.719,0.023
Alzheimers_Disease||Esophageal_Cancer,TP53,concordant,0.6847826086956522,6.847826086956523,184,0.2588705972621309,0.9542809642560266,824,brain|esophagus,0.75275,0.6104166666666667,0.5166,0.063
Alzheimers_Disease||Esophageal_Cancer,SIM2,concordant,0.657608695652174,6.576086956521741,184,0.3846682344616633,0.9501246882793016,10,brain|esophagus,0.75275,0.6104166666666667,0.5418,0.032
Alzheimers_Disease||Esophageal_Cancer,DLX4,concordant,0.6304347826086957,6.304347826086958,184,0.0628817584940043,0.9293433083956776,37,brain|esophagus,0.75275,0.6104166666666667,0.5556,0.009
Alzheimers_Disease||Esophageal_Cancer,ELK1,concordant,0.625,6.250000000000002,184,0.1476126621944541,0.9243557772236076,59,brain|esophagus,0.75275,0.6104166666666667,0.3614,0.014
Alzheimers_Disease||Esophageal_Cancer,ETV3,concordant,0.6195652173913043,6.195652173913045,184,0.5381313636676618,0.9301745635910224,10,brain|esophagus,0.75275,0.6104166666666667,0.424,0.023
Alzheimers_Disease||Esophageal_Cancer,ARID4A,concordant,0.6086956521739131,6.086956521739133,184,0.7486378394357432,0.940149625935162,5,brain|esophagus,0.75275,0.6104166666666667,0.5252,0.032
Alzheimers_Disease||Esophageal_Cancer,MLX,concordant,0.6086956521739131,6.086956521739133,184,0.2860372609191178,0.9285120532003324,5,brain|esophagus,0.75275,0.6104166666666667,0.7576,0.023
Alzheimers_Disease||Esophageal_Cancer,ATF6,concordant,0.6032608695652174,6.032608695652176,184,0.3895524172478961,0.9359933499584372,43,brain|esophagus,0.75275,0.6104166666666667,0.22,0.023
Alzheimers_Disease||Esophageal_Cancer,BCL11A,concordant,0.5815217391304348,5.815217391304349,184,0.5214865531967247,0.916043225270158,11,brain|esophagus,0.75275,0.6104166666666667,0.6474,0.023
Alzheimers_Disease||Esophageal_Cancer,JARID2,concordant,0.5815217391304348,5.815217391304349,184,0.3252453791307418,0.9002493765586035,12,brain|esophagus,0.75275,0.6104166666666667,0.4492,0.036
Alzheimers_Disease||Fibromyalgia,GLIS3,concordant,0.875,8.750000000000002,32,0.7656332967842762,0.9676666666666668,6,blood|brain,0.7142499999999998,0.4095833333333333,0.6572,0.032
Alzheimers_Disease||Fibromyalgia,USF2,concordant,0.8125,8.125000000000002,32,0.2408275972152635,0.9316666666666666,103,blood|brain,0.7142499999999998,0.4095833333333333,0.7114,0.014
Alzheimers_Disease||Fibromyalgia,TP53,concordant,0.75,7.500000000000002,32,0.2313844917978333,0.9793333333333332,824,blood|brain,0.7142499999999998,0.4095833333333333,0.6022,0.063
Alzheimers_Disease||Fibromyalgia,CIC,concordant,0.71875,7.187500000000002,32,0.8621213508449208,0.954,3,blood|brain,0.7142499999999998,0.4095833333333333,0.7382,0.041
Alzheimers_Disease||Fibromyalgia,AIP,concordant,0.71875,7.187500000000002,32,0.6407785965151178,0.9316666666666666,6,blood|brain,0.7142499999999998,0.4095833333333333,0.4654,0.018
Alzheimers_Disease||Fibromyalgia,TFCP2,concordant,0.71875,7.187500000000002,32,0.2456681462863194,0.955,60,blood|brain,0.7142499999999998,0.4095833333333333,0.7482,0.018
Alzheimers_Disease||Fibromyalgia,ZNF331,concordant,0.6875,6.875000000000002,32,0.6221119365984487,0.97,15,blood|brain,0.7142499999999998,0.4095833333333333,0.6602,0.032
Alzheimers_Disease||Fibromyalgia,HOXB4,concordant,0.6875,6.875000000000002,32,0.5481325500840182,0.9546666666666668,10,blood|brain,0.7142499999999998,0.4095833333333333,0.6668,0.027
Alzheimers_Disease||Fibromyalgia,HIVEP1,concordant,0.6875,6.875000000000002,32,0.507437655276308,0.9323333333333332,10,blood|brain,0.7142499999999998,0.4095833333333333,0.6742,0.014
Alzheimers_Disease||Fibromyalgia,THRA,concordant,0.6875,6.875000000000002,32,0.2725825080348634,0.916,69,blood|brain,0.7142499999999998,0.4095833333333333,0.7994,0.023
Alzheimers_Disease||Fibromyalgia,AEBP1,concordant,0.65625,6.562500000000002,32,0.8655226470853878,0.9646666666666668,5,blood|brain,0.7142499999999998,0.4095833333333333,0.8264,0.036
Alzheimers_Disease||Fibromyalgia,SOX8,concordant,0.65625,6.562500000000002,32,0.6200898407384209,0.9266666666666666,4,blood|brain,0.7142499999999998,0.4095833333333333,0.7512,0.023
Alzheimers_Disease||Glioblastoma,TFEB,concordant,0.53125,5.312500000000001,64,0.7444344445388291,0.9043088975937326,5,brain|brain,0.61995,0.4916666666666667,0.6806,0.018
Alzheimers_Disease||Glioblastoma,YY1,concordant,0.53125,5.312500000000001,64,0.2365937788667637,0.905987688864018,224,brain|brain,0.61995,0.4916666666666667,0.486,0.018
Alzheimers_Disease||Glioblastoma,KLF1,concordant,0.5,5.000000000000001,64,0.4971907658473727,0.9003917179630666,20,brain|brain,0.61995,0.4916666666666667,0.4964,0.018
Alzheimers_Disease||Glioblastoma,CRX,concordant,0.5,5.000000000000001,64,0.3490422386767459,0.906547285954113,20,brain|brain,0.61995,0.4916666666666667,0.455,0.018
Alzheimers_Disease||Glioblastoma,SIM1,concordant,0.484375,4.843750000000001,64,0.7965226352417181,0.8964745383324007,4,brain|brain,0.61995,0.4916666666666667,0.5466,0.014
Alzheimers_Disease||Glioblastoma,ZHX3,concordant,0.46875,4.687500000000001,64,0.9177554747664634,0.893676552881925,2,brain|brain,0.61995,0.4916666666666667,0.4094,0.009
Alzheimers_Disease||Glioblastoma,IKZF4,concordant,0.453125,4.531250000000001,64,0.5946930051931678,0.87241186345831,5,brain|brain,0.61995,0.4916666666666667,0.6336,0.018
Alzheimers_Disease||Glioblastoma,ELF5,concordant,0.453125,4.531250000000001,64,0.5321773125204645,0.8987129266927812,8,brain|brain,0.61995,0.4916666666666667,0.3656,0.014
Alzheimers_Disease||Glioblastoma,ZHX2,concordant,0.453125,4.531250000000001,64,0.5090712660495595,0.8925573587017348,9,brain|brain,0.61995,0.4916666666666667,0.497,0.009
Alzheimers_Disease||Glioblastoma,MKX,concordant,0.421875,4.218750000000001,64,0.7533934477288904,0.868494683827644,5,brain|brain,0.61995,0.4916666666666667,0.5564,0.005
Alzheimers_Disease||Glioblastoma,NRG1,concordant,0.421875,4.218750000000001,64,0.2867045657299347,0.7431449356463347,31,brain|brain,0.61995,0.4916666666666667,0.7018,0.027
Alzheimers_Disease||Glioblastoma,ZBTB32,concordant,0.40625,4.062500000000001,64,0.5331419072525931,0.8673754896474538,4,brain|brain,0.61995,0.4916666666666667,0.2326,0.014
Alzheimers_Disease||Head_and_Neck_Cancer,SIM2,concordant,0.7418478260869565,7.418478260869567,368,0.5900449321199642,0.9613506916192026,10,brain|head_neck,0.74045,0.7183333333333334,0.5418,0.032
Alzheimers_Disease||Head_and_Neck_Cancer,HOXB7,concordant,0.6766304347826086,6.766304347826088,368,0.1268641648421442,0.936126932465419,17,brain|head_neck,0.74045,0.7183333333333334,0.7134,0.036
Alzheimers_Disease||Head_and_Neck_Cancer,ETV4,concordant,0.654891304347826,6.548913043478262,368,0.1105396703770138,0.9446704637917006,60,brain|head_neck,0.74045,0.7183333333333334,0.7062,0.027
Alzheimers_Disease||Head_and_Neck_Cancer,ATF5,concordant,0.6521739130434783,6.521739130434784,368,0.2530604123032886,0.9458909682668836,26,brain|head_neck,0.74045,0.7183333333333334,0.3964,0.023
Alzheimers_Disease||Head_and_Neck_Cancer,KLF5,concordant,0.6467391304347826,6.467391304347827,368,0.0601740767241731,0.9300244100895037,71,brain|head_neck,0.74045,0.7183333333333334,0.6044,0.023
Alzheimers_Disease||Head_and_Neck_Cancer,NCOA6,concordant,0.625,6.250000000000002,368,0.6077791208443022,0.934499593165175,5,brain|head_neck,0.74045,0.7183333333333334,0.5106,0.014
Alzheimers_Disease||Head_and_Neck_Cancer,YBX3,concordant,0.6032608695652174,6.032608695652176,368,0.2510373705464278,0.9296175752644428,22,brain|head_neck,0.74045,0.7183333333333334,0.7854,0.018
Alzheimers_Disease||Head_and_Neck_Cancer,HIC1,concordant,0.595108695652174,5.951086956521741,368,0.1099856924603163,0.9202603742880392,20,brain|head_neck,0.74045,0.7183333333333334,0.7252,0.009
Alzheimers_Disease||Head_and_Neck_Cancer,NR5A2,concordant,0.5896739130434783,5.896739130434784,368,0.0608674565602161,0.922294548413344,54,brain|head_neck,0.74045,0.7183333333333334,0.2508,0.041
Alzheimers_Disease||Head_and_Neck_Cancer,HMGA2,concordant,0.5842391304347826,5.842391304347827,368,0.1923671526702249,0.9308380797396256,38,brain|head_neck,0.74045,0.7183333333333334,0.537,0.023
Alzheimers_Disease||Head_and_Neck_Cancer,TP73,concordant,0.5652173913043478,5.652173913043479,368,0.1534484360022361,0.9218877135882833,110,brain|head_neck,0.74045,0.7183333333333334,0.4242,0.041
Alzheimers_Disease||Head_and_Neck_Cancer,NFIL3,concordant,0.5543478260869565,5.543478260869566,368,0.4444005601658142,0.9385679414157851,30,brain|head_neck,0.74045,0.7183333333333334,0.473,0.032
Alzheimers_Disease||Huntingtons_Disease,HOXA11,concordant,0.8988095238095238,8.98809523809524,168,0.7310749468238351,0.946,4,blood|brain,0.83235,0.6945833333333333,0.758,0.063
Alzheimers_Disease||Huntingtons_Disease,HOXC9,concordant,0.875,8.750000000000002,168,0.9093496292496968,0.961,3,blood|brain,0.83235,0.6945833333333333,0.7998,0.041
Alzheimers_Disease||Huntingtons_Disease,FOSL1,concordant,0.7619047619047619,7.61904761904762,168,0.3579246778753939,0.9703333333333334,48,blood|brain,0.83235,0.6945833333333333,0.7102,0.05
Alzheimers_Disease||Huntingtons_Disease,GRHL2,concordant,0.7202380952380952,7.202380952380954,168,0.8784238492277477,0.969,8,blood|brain,0.83235,0.6945833333333333,0.7274,0.027
Alzheimers_Disease||Huntingtons_Disease,HOXA5,concordant,0.7142857142857143,7.142857142857145,168,0.5082486621399126,0.956,15,blood|brain,0.83235,0.6945833333333333,0.7774,0.032
Alzheimers_Disease||Huntingtons_Disease,HOXA13,concordant,0.7142857142857143,7.142857142857145,168,0.3857948967570416,0.9343333333333332,14,blood|brain,0.83235,0.6945833333333333,0.7106,0.05
Alzheimers_Disease||Huntingtons_Disease,ASH1L,concordant,0.6785714285714286,6.785714285714287,168,0.7483328827746809,0.9366666666666666,4,blood|brain,0.83235,0.6945833333333333,0.6658,0.032
Alzheimers_Disease||Huntingtons_Disease,SF1,concordant,0.6726190476190477,6.726190476190478,168,0.4886759090196871,0.9543333333333334,12,blood|brain,0.83235,0.6945833333333333,0.5852,0.023
Alzheimers_Disease||Huntingtons_Disease,UBTF,concordant,0.6607142857142857,6.6071428571428585,168,0.6306154745590251,0.9643333333333334,8,blood|brain,0.83235,0.6945833333333333,0.5526,0.009
Alzheimers_Disease||Huntingtons_Disease,ELK3,concordant,0.6607142857142857,6.6071428571428585,168,0.4241381456175245,0.9376666666666666,25,blood|brain,0.83235,0.6945833333333333,0.881,0.018
Alzheimers_Disease||Huntingtons_Disease,GATA3,concordant,0.6607142857142857,6.6071428571428585,168,0.1664961571264706,0.958,165,blood|brain,0.83235,0.6945833333333333,0.8918,0.036
Alzheimers_Disease||Huntingtons_Disease,KAT7,concordant,0.6547619047619048,6.547619047619049,168,0.3617689307412761,0.9556666666666668,76,blood|brain,0.83235,0.6945833333333333,0.7972,0.023
Alzheimers_Disease||Irritable_bowel_syndrome_(IBS),TFAP4,concordant,0.75,7.500000000000002,32,0.2614182679542537,0.9406354515050168,31,brain|colorectal,0.5861,0.2754166666666666,0.6208,0.023
Alzheimers_Disease||Irritable_bowel_syndrome_(IBS),TRPS1,concordant,0.65625,6.562500000000002,32,0.2514079075416064,0.9243311036789298,14,brain|colorectal,0.5861,0.2754166666666666,0.6958,0.027
Alzheimers_Disease||Irritable_bowel_syndrome_(IBS),MECOM,concordant,0.65625,6.562500000000002,32,0.1900240225685812,0.9322742474916388,18,brain|colorectal,0.5861,0.2754166666666666,0.7844,0.041
Alzheimers_Disease||Irritable_bowel_syndrome_(IBS),HDAC1,concordant,0.65625,6.562500000000002,32,0.1717358986375823,0.919314381270903,79,brain|colorectal,0.5861,0.2754166666666666,0.8296,0.023
Alzheimers_Disease||Irritable_bowel_syndrome_(IBS),NKRF,concordant,0.625,6.250000000000002,32,0.4622995268214257,0.9498327759197324,9,brain|colorectal,0.5861,0.2754166666666666,0.5192,0.018
Alzheimers_Disease||Irritable_bowel_syndrome_(IBS),RREB1,concordant,0.625,6.250000000000002,32,0.4087035855210317,0.9168060200668896,9,brain|colorectal,0.5861,0.2754166666666666,0.5668,0.009
Alzheimers_Disease||Irritable_bowel_syndrome_(IBS),SNAI1,concordant,0.625,6.250000000000002,32,0.1807486605066442,0.9489966555183946,89,brain|colorectal,0.5861,0.2754166666666666,0.5166,0.027
Alzheimers_Disease||Irritable_bowel_syndrome_(IBS),SSRP1,concordant,0.625,6.250000000000002,32,0.1735922910937816,0.9418896321070234,123,brain|colorectal,0.5861,0.2754166666666666,0.2452,0.027
Alzheimers_Disease||Irritable_bowel_syndrome_(IBS),HBP1,concordant,0.59375,5.937500000000001,32,0.2335789754190574,0.9055183946488294,43,brain|colorectal,0.5861,0.2754166666666666,0.6858,0.032
Alzheimers_Disease||Irritable_bowel_syndrome_(IBS),KLF1,concordant,0.5625,5.625000000000001,32,0.5208960748236375,0.9372909698996656,20,brain|colorectal,0.5861,0.2754166666666666,0.5106,0.018
Alzheimers_Disease||Irritable_bowel_syndrome_(IBS),NPAS2,concordant,0.5625,5.625000000000001,32,0.3358512971375806,0.9147157190635452,9,brain|colorectal,0.5861,0.2754166666666666,0.836,0.032
Alzheimers_Disease||Irritable_bowel_syndrome_(IBS),PRRX1,concordant,0.5625,5.625000000000001,32,0.2926042940549822,0.9506688963210702,7,brain|colorectal,0.5861,0.2754166666666666,0.8614,0.023
Alzheimers_Disease||Kidney_Clear_Cell_Carcinoma,VDR,concordant,0.875,8.750000000000002,120,0.3341233555028517,0.9808126410835214,129,brain|kidney,0.7920000000000001,0.7816666666666666,0.6242,0.027
Alzheimers_Disease||Kidney_Clear_Cell_Carcinoma,NR4A3,concordant,0.7083333333333334,7.083333333333336,120,0.4532190044993687,0.956546275395034,30,brain|kidney,0.7920000000000001,0.7816666666666666,0.4298,0.032
Alzheimers_Disease||Kidney_Clear_Cell_Carcinoma,HOXA13,concordant,0.7,7.000000000000001,120,0.3914820782558028,0.9492099322799096,14,brain|kidney,0.7920000000000001,0.7816666666666666,0.6902,0.05
Alzheimers_Disease||Kidney_Clear_Cell_Carcinoma,TCF12,concordant,0.7,7.000000000000001,120,0.2271418442679596,0.9548532731376976,45,brain|kidney,0.7920000000000001,0.7816666666666666,0.3784,0.018
Alzheimers_Disease||Kidney_Clear_Cell_Carcinoma,CDX1,concordant,0.675,6.750000000000002,120,0.3346480162757222,0.9475169300225732,28,brain|kidney,0.7920000000000001,0.7816666666666666,0.3146,0.041
Alzheimers_Disease||Kidney_Clear_Cell_Carcinoma,NFKBIB,concordant,0.65,6.500000000000002,120,0.4967269852022903,0.979683972911964,16,brain|kidney,0.7920000000000001,0.7816666666666666,0.5922,0.045
Alzheimers_Disease||Kidney_Clear_Cell_Carcinoma,FLI1,concordant,0.65,6.500000000000002,120,0.2107741666708868,0.9452595936794582,88,brain|kidney,0.7920000000000001,0.7816666666666666,0.7026,0.009
Alzheimers_Disease||Kidney_Clear_Cell_Carcinoma,MTF2,concordant,0.6333333333333333,6.333333333333335,120,0.6454126717497054,0.9362302483069976,6,brain|kidney,0.7920000000000001,0.7816666666666666,0.3614,0.014
Alzheimers_Disease||Kidney_Clear_Cell_Carcinoma,MTA3,concordant,0.6166666666666667,6.166666666666669,120,0.451586879915139,0.9198645598194132,11,brain|kidney,0.7920000000000001,0.7816666666666666,0.4852,0.018
Alzheimers_Disease||Kidney_Clear_Cell_Carcinoma,SREBF1,concordant,0.6166666666666667,6.166666666666669,120,0.2335688991225503,0.966704288939052,118,brain|kidney,0.7920000000000001,0.7816666666666666,0.6546,0.009
Alzheimers_Disease||Kidney_Clear_Cell_Carcinoma,ZBTB18,concordant,0.5833333333333334,5.833333333333335,120,0.3435379396160243,0.9294582392776524,8,brain|kidney,0.7920000000000001,0.7816666666666666,0.8096,0.032
Alzheimers_Disease||Kidney_Clear_Cell_Carcinoma,TFAP4,concordant,0.5583333333333333,5.583333333333335,120,0.2482876307950576,0.922686230248307,31,brain|kidney,0.7920000000000001,0.7816666666666666,0.6208,0.023
Alzheimers_Disease||Kidney_Papillary_Cell_Carcinoma,STAT1,concordant,0.9285714285714286,9.285714285714288,112,0.3826483143317714,0.9621896162528216,279,brain|kidney,0.7597499999999999,0.8,0.7226,0.018
Alzheimers_Disease||Kidney_Papillary_Cell_Carcinoma,FOXD1,concordant,0.75,7.500000000000002,112,0.668732473463051,0.9424379232505644,5,brain|kidney,0.7597499999999999,0.8,0.6956,0.032
Alzheimers_Disease||Kidney_Papillary_Cell_Carcinoma,IRF7,concordant,0.7410714285714286,7.410714285714287,112,0.4592391732757137,0.9582392776523702,17,brain|kidney,0.7597499999999999,0.8,0.4958,0.023
Alzheimers_Disease||Kidney_Papillary_Cell_Carcinoma,PPARG,concordant,0.7232142857142857,7.232142857142858,112,0.1805769837586975,0.9559819413092552,319,brain|kidney,0.7597499999999999,0.8,0.7432,0.036
Alzheimers_Disease||Kidney_Papillary_Cell_Carcinoma,DNMT1,concordant,0.6875,6.875000000000002,112,0.2029840800784874,0.95372460496614,164,brain|kidney,0.7597499999999999,0.8,0.4754,0.023
Alzheimers_Disease||Kidney_Papillary_Cell_Carcinoma,INSM1,concordant,0.6785714285714286,6.785714285714287,112,0.6334247595210567,0.9554176072234764,5,brain|kidney,0.7597499999999999,0.8,0.4232,0.027
Alzheimers_Disease||Kidney_Papillary_Cell_Carcinoma,MSC,concordant,0.6785714285714286,6.785714285714287,112,0.4334207932054797,0.9294582392776524,27,brain|kidney,0.7597499999999999,0.8,0.6244,0.032
Alzheimers_Disease||Kidney_Papillary_Cell_Carcinoma,HOXA13,concordant,0.6785714285714286,6.785714285714287,112,0.3296679751297673,0.9311512415349888,14,brain|kidney,0.7597499999999999,0.8,0.6902,0.05
Alzheimers_Disease||Kidney_Papillary_Cell_Carcinoma,DMAP1,concordant,0.6607142857142857,6.6071428571428585,112,0.5770769753464909,0.9542889390519188,5,brain|kidney,0.7597499999999999,0.8,0.6278,0.023
Alzheimers_Disease||Kidney_Papillary_Cell_Carcinoma,RCOR2,concordant,0.6428571428571429,6.428571428571431,112,0.3311878822848968,0.95372460496614,14,brain|kidney,0.7597499999999999,0.8,0.3138,0.027
Alzheimers_Disease||Kidney_Papillary_Cell_Carcinoma,RBPJ,concordant,0.6428571428571429,6.428571428571431,112,0.1770560106486048,0.950902934537246,134,brain|kidney,0.7597499999999999,0.8,0.6594,0.054
Alzheimers_Disease||Kidney_Papillary_Cell_Carcinoma,IRF5,concordant,0.625,6.250000000000002,112,0.4325483963441547,0.914785553047404,23,brain|kidney,0.7597499999999999,0.8,0.4354,0.009
Alzheimers_Disease||Liver_Cancer,HLX,concordant,0.8625,8.625000000000002,80,0.528162491646159,0.952755905511811,14,brain|liver,0.7666499999999999,0.7016666666666667,0.6686,0.018
Alzheimers_Disease||Liver_Cancer,PLAG1,concordant,0.8375,8.375000000000002,80,0.6438257929259292,0.9625984251968503,6,brain|liver,0.7666499999999999,0.7016666666666667,0.6002,0.027
Alzheimers_Disease||Liver_Cancer,VSX1,concordant,0.7875,7.875000000000002,80,0.8889910987518674,0.9409448818897638,3,brain|liver,0.7666499999999999,0.7016666666666667,0.5466,0.014
Alzheimers_Disease||Liver_Cancer,GCM1,concordant,0.7375,7.375000000000002,80,0.6145957029932301,0.9468503937007874,6,brain|liver,0.7666499999999999,0.7016666666666667,0.5508,0.014
Alzheimers_Disease||Liver_Cancer,FOXP2,concordant,0.7,7.000000000000001,80,0.4837504976036325,0.937007874015748,11,brain|liver,0.7666499999999999,0.7016666666666667,0.6394,0.014
Alzheimers_Disease||Liver_Cancer,RBPJ,concordant,0.7,7.000000000000001,80,0.1069545370711463,0.952755905511811,134,brain|liver,0.7666499999999999,0.7016666666666667,0.6594,0.054
Alzheimers_Disease||Liver_Cancer,CEBPG,concordant,0.6875,6.875000000000002,80,0.2607551814908722,0.9586614173228346,154,brain|liver,0.7666499999999999,0.7016666666666667,0.7586,0.023
Alzheimers_Disease||Liver_Cancer,NFIA,concordant,0.65,6.500000000000002,80,0.0557909825389995,0.9488188976377953,48,brain|liver,0.7666499999999999,0.7016666666666667,0.5878,0.041
Alzheimers_Disease||Liver_Cancer,NHLH2,concordant,0.6375,6.375000000000001,80,0.7162577971063984,0.938976377952756,5,brain|liver,0.7666499999999999,0.7016666666666667,0.5866,0.005
Alzheimers_Disease||Liver_Cancer,HOXD9,concordant,0.625,6.250000000000002,80,0.7687421540561281,0.9311023622047244,2,brain|liver,0.7666499999999999,0.7016666666666667,0.5652,0.014
Alzheimers_Disease||Liver_Cancer,IRF7,concordant,0.6125,6.125000000000002,80,0.4234402816876544,0.9153543307086616,17,brain|liver,0.7666499999999999,0.7016666666666667,0.4958,0.023
Alzheimers_Disease||Liver_Cancer,TRPS1,concordant,0.6125,6.125000000000002,80,0.3257712777194316,0.9271653543307088,14,brain|liver,0.7666499999999999,0.7016666666666667,0.6958,0.027
Alzheimers_Disease||Lower_Grade_Glioma,PGR,concordant,0.5080645161290323,5.080645161290324,248,0.4517683015382706,0.9015109121432568,107,brain|brain,0.65015,0.3441666666666666,0.6122,0.009
Alzheimers_Disease||Lower_Grade_Glioma,MNT,concordant,0.4838709677419355,4.838709677419356,248,0.6148605111559545,0.8953553441522104,10,brain|brain,0.65015,0.3441666666666666,0.3462,0.023
Alzheimers_Disease||Lower_Grade_Glioma,PHF20,concordant,0.3911290322580645,3.911290322580646,248,0.4695420394610563,0.8617795187465025,9,brain|brain,0.65015,0.3441666666666666,0.194,0.036
Alzheimers_Disease||Lower_Grade_Glioma,HOXD8,concordant,0.3830645161290322,3.8306451612903234,248,0.4191297421993881,0.761611639619474,4,brain|brain,0.65015,0.3441666666666666,0.4924,0.009
Alzheimers_Disease||Lower_Grade_Glioma,SPDEF,concordant,0.375,3.750000000000001,248,0.4750808489240001,0.8416340235030778,15,brain|brain,0.65015,0.3441666666666666,0.2112,0.018
Alzheimers_Disease||Lower_Grade_Glioma,NKRF,concordant,0.375,3.750000000000001,248,0.4451488696510656,0.846670397313934,9,brain|brain,0.65015,0.3441666666666666,0.4724,0.018
Alzheimers_Disease||Lower_Grade_Glioma,SMAD6,concordant,0.3629032258064516,3.629032258064517,248,0.4911388627337375,0.8310016787912703,20,brain|brain,0.65015,0.3441666666666666,0.7618,0.009
Alzheimers_Disease||Lower_Grade_Glioma,NRL,concordant,0.3629032258064516,3.629032258064517,248,0.372701616587126,0.8461108002238389,15,brain|brain,0.65015,0.3441666666666666,0.143,0.005
Alzheimers_Disease||Lower_Grade_Glioma,KLF11,concordant,0.3629032258064516,3.629032258064517,248,0.3093609886320112,0.838276440962507,21,brain|brain,0.65015,0.3441666666666666,0.5632,0.009
Alzheimers_Disease||Lower_Grade_Glioma,ATOH7,concordant,0.3588709677419355,3.588709677419356,248,0.6565399087585622,0.7772803581421377,8,brain|brain,0.65015,0.3441666666666666,0.8564,0.014
Alzheimers_Disease||Lower_Grade_Glioma,LMO4,concordant,0.3508064516129032,3.5080645161290334,248,0.6125935292087125,0.8589815332960269,5,brain|brain,0.65015,0.3441666666666666,0.3738,0.018
Alzheimers_Disease||Lower_Grade_Glioma,KLF2,concordant,0.3508064516129032,3.5080645161290334,248,0.240931366266973,0.8343592613318411,58,brain|brain,0.65015,0.3441666666666666,0.6722,0.009
Alzheimers_Disease||Lung_Cancer,TP53,concordant,0.75,7.500000000000002,224,0.2986155255809875,0.962314939434724,824,brain|lung,0.74055,0.6683333333333334,0.5166,0.063
Alzheimers_Disease||Lung_Cancer,IKZF4,concordant,0.7098214285714286,7.098214285714287,224,0.7878083897235768,0.94302377747869,5,brain|lung,0.74055,0.6683333333333334,0.6224,0.018
Alzheimers_Disease||Lung_Cancer,HIF3A,concordant,0.6205357142857143,6.205357142857144,224,0.5082805843901625,0.924629878869448,6,brain|lung,0.74055,0.6683333333333334,0.4046,0.014
Alzheimers_Disease||Lung_Cancer,KLF1,concordant,0.5625,5.625000000000001,224,0.3418552225196321,0.9089277703005832,20,brain|lung,0.74055,0.6683333333333334,0.5106,0.018
Alzheimers_Disease||Lung_Cancer,VSX1,concordant,0.5580357142857143,5.580357142857144,224,0.792641469293195,0.9138627187079408,3,brain|lung,0.74055,0.6683333333333334,0.5466,0.014
Alzheimers_Disease||Lung_Cancer,ASCL2,concordant,0.5580357142857143,5.580357142857144,224,0.51638426663945,0.9165545087483176,9,brain|lung,0.74055,0.6683333333333334,0.4482,0.023
Alzheimers_Disease||Lung_Cancer,ETV4,concordant,0.5223214285714286,5.223214285714287,224,0.1702624442165689,0.9044414535666218,60,brain|lung,0.74055,0.6683333333333334,0.7062,0.027
Alzheimers_Disease||Lung_Cancer,KLF7,concordant,0.5178571428571429,5.178571428571431,224,0.4478699278827491,0.9071332436069988,8,brain|lung,0.74055,0.6683333333333334,0.5062,0.05
Alzheimers_Disease||Lung_Cancer,ZNF148,concordant,0.5044642857142857,5.0446428571428585,224,0.3938590890402018,0.9035441902198296,26,brain|lung,0.74055,0.6683333333333334,0.2986,0.018
Alzheimers_Disease||Lung_Cancer,PAX9,concordant,0.4955357142857143,4.955357142857144,224,0.52092713914963,0.8941229250785105,8,brain|lung,0.74055,0.6683333333333334,0.5376,0.027
Alzheimers_Disease||Lung_Cancer,GBX2,concordant,0.4955357142857143,4.955357142857144,224,0.4973388043056335,0.8936742934051144,6,brain|lung,0.74055,0.6683333333333334,0.2528,0.023
Alzheimers_Disease||Lung_Cancer,DBP,concordant,0.4955357142857143,4.955357142857144,224,0.2136687611840814,0.8995065051592642,33,brain|lung,0.74055,0.6683333333333334,0.4518,0.018
Alzheimers_Disease||Multiple_sclerosis,E2F2,concordant,0.7067307692307693,7.067307692307694,208,0.582954010009244,0.9434806939003916,47,brain|brain,0.7975,0.695,0.5126,0.014
Alzheimers_Disease||Multiple_sclerosis,ID1,concordant,0.6923076923076923,6.923076923076924,208,0.3527708394340623,0.9350867375489648,72,brain|brain,0.7975,0.695,0.7698,0.014
Alzheimers_Disease||Multiple_sclerosis,CIITA,concordant,0.6826923076923077,6.826923076923078,208,0.6424839994817058,0.9373251259093452,24,brain|brain,0.7975,0.695,0.5916,0.009
Alzheimers_Disease||Multiple_sclerosis,GTF2I,concordant,0.6586538461538461,6.586538461538463,208,0.4205082556936534,0.9345271404588696,22,brain|brain,0.7975,0.695,0.505,0.014
Alzheimers_Disease||Multiple_sclerosis,THAP1,concordant,0.6490384615384616,6.490384615384617,208,0.821458695041267,0.9255735870173476,3,brain|brain,0.7975,0.695,0.468,0.036
Alzheimers_Disease||Multiple_sclerosis,FOXQ1,concordant,0.6490384615384616,6.490384615384617,208,0.6494961040366658,0.9423614997202014,15,brain|brain,0.7975,0.695,0.7366,0.009
Alzheimers_Disease||Multiple_sclerosis,NR2F6,concordant,0.6346153846153846,6.346153846153848,208,0.5243739233157974,0.9210968102965864,7,brain|brain,0.7975,0.695,0.506,0.014
Alzheimers_Disease||Multiple_sclerosis,STAT1,concordant,0.6298076923076923,6.298076923076924,208,0.450357326497396,0.9373251259093452,279,brain|brain,0.7975,0.695,0.839,0.018
Alzheimers_Disease||Multiple_sclerosis,SMARCA1,concordant,0.625,6.250000000000002,208,0.3681285641998615,0.9272523782876329,49,brain|brain,0.7975,0.695,0.7952,0.018
Alzheimers_Disease||Multiple_sclerosis,IRF9,concordant,0.6201923076923077,6.201923076923078,208,0.5298779209043077,0.9306099608282036,21,brain|brain,0.7975,0.695,0.6156,0.032
Alzheimers_Disease||Multiple_sclerosis,YBX1,concordant,0.6105769230769231,6.105769230769233,208,0.3956038817695592,0.9418019026301064,84,brain|brain,0.7975,0.695,0.7956,0.032
Alzheimers_Disease||Multiple_sclerosis,ZNF91,concordant,0.6009615384615384,6.009615384615386,208,0.3484902945930422,0.93564633463906,38,brain|brain,0.7975,0.695,0.7674,0.009
Alzheimers_Disease||Ocular_Melanomas,TRIM28,concordant,1.0,10.000000000000002,32,0.4579251601664746,0.9578059071729956,6,brain|uvea,0.75315,0.70625,0.6574,0.023
Alzheimers_Disease||Ocular_Melanomas,ZBTB33,concordant,0.9375,9.375000000000002,32,0.6949574249894167,0.9451476793248944,11,brain|uvea,0.75315,0.70625,0.4548,0.018
Alzheimers_Disease||Ocular_Melanomas,MUC1,concordant,0.9375,9.375000000000002,32,0.6597483534537105,0.9493670886075948,3,brain|uvea,0.75315,0.70625,0.5434,0.027
Alzheimers_Disease||Ocular_Melanomas,NR4A3,concordant,0.9375,9.375000000000002,32,0.6141702722659865,0.9535864978902954,30,brain|uvea,0.75315,0.70625,0.4298,0.032
Alzheimers_Disease||Ocular_Melanomas,SP2,concordant,0.9375,9.375000000000002,32,0.432167985758831,0.9662447257383966,23,brain|uvea,0.75315,0.70625,0.617,0.018
Alzheimers_Disease||Ocular_Melanomas,MEF2D,concordant,0.90625,9.062500000000002,32,0.1692266872676322,0.9451476793248944,23,brain|uvea,0.75315,0.70625,0.862,0.027
Alzheimers_Disease||Ocular_Melanomas,ZNF202,concordant,0.875,8.750000000000002,32,0.5123819380839024,0.9662447257383966,7,brain|uvea,0.75315,0.70625,0.6268,0.027
Alzheimers_Disease||Ocular_Melanomas,NFKBIB,concordant,0.875,8.750000000000002,32,0.3960148464221208,0.9620253164556962,16,brain|uvea,0.75315,0.70625,0.5922,0.045
Alzheimers_Disease||Ocular_Melanomas,CIC,concordant,0.8125,8.125000000000002,32,0.841609622267451,0.9620253164556962,3,brain|uvea,0.75315,0.70625,0.6136,0.041
Alzheimers_Disease||Ocular_Melanomas,EZH2,concordant,0.8125,8.125000000000002,32,0.2891296617705316,0.9451476793248944,140,brain|uvea,0.75315,0.70625,0.4808,0.005
Alzheimers_Disease||Ocular_Melanomas,ELF3,concordant,0.78125,7.812500000000002,32,0.3785089788632992,0.9578059071729956,29,brain|uvea,0.75315,0.70625,0.7264,0.023
Alzheimers_Disease||Ocular_Melanomas,SRCAP,concordant,0.75,7.500000000000002,32,0.9548530583725304,0.9493670886075948,2,brain|uvea,0.75315,0.70625,0.5546,0.005
Alzheimers_Disease||Ovarian_Cancer,HMGA2,concordant,0.6875,6.875000000000002,128,0.3119780260644967,0.9253065774804904,38,brain|ovary,0.6891499999999999,0.5883333333333333,0.537,0.023
Alzheimers_Disease||Ovarian_Cancer,KAT7,concordant,0.6171875,6.171875000000002,128,0.3518667612485703,0.9286510590858416,76,brain|ovary,0.6891499999999999,0.5883333333333333,0.2906,0.023
Alzheimers_Disease||Ovarian_Cancer,TEAD4,concordant,0.6171875,6.171875000000002,128,0.305365337545465,0.9319955406911928,11,brain|ovary,0.6891499999999999,0.5883333333333333,0.5596,0.027
Alzheimers_Disease||Ovarian_Cancer,PGR,concordant,0.609375,6.093750000000002,128,0.5443404597308868,0.9487179487179488,107,brain|ovary,0.6891499999999999,0.5883333333333333,0.7172,0.009
Alzheimers_Disease||Ovarian_Cancer,GLIS3,concordant,0.5703125,5.703125000000001,128,0.4932970745096112,0.9219620958751392,6,brain|ovary,0.6891499999999999,0.5883333333333333,0.5412,0.032
Alzheimers_Disease||Ovarian_Cancer,TP73,concordant,0.5703125,5.703125000000001,128,0.288455879503064,0.910813823857302,110,brain|ovary,0.6891499999999999,0.5883333333333333,0.4242,0.041
Alzheimers_Disease||Ovarian_Cancer,CREM,concordant,0.5625,5.625000000000001,128,0.2789568568848627,0.9063545150501672,63,brain|ovary,0.6891499999999999,0.5883333333333333,0.2272,0.014
Alzheimers_Disease||Ovarian_Cancer,VHL,concordant,0.5390625,5.390625000000001,128,0.4712085061098923,0.9085841694537348,24,brain|ovary,0.6891499999999999,0.5883333333333333,0.5792,0.005
Alzheimers_Disease||Ovarian_Cancer,TP53,concordant,0.5234375,5.234375000000001,128,0.2298146493286268,0.9342251950947604,824,brain|ovary,0.6891499999999999,0.5883333333333333,0.5166,0.063
Alzheimers_Disease||Ovarian_Cancer,CARF,concordant,0.5078125,5.078125000000001,128,0.842404300038593,0.8996655518394648,3,brain|ovary,0.6891499999999999,0.5883333333333333,0.4128,0.009
Alzheimers_Disease||Ovarian_Cancer,IKZF4,concordant,0.5078125,5.078125000000001,128,0.354000155412048,0.903010033444816,5,brain|ovary,0.6891499999999999,0.5883333333333333,0.6224,0.018
Alzheimers_Disease||Ovarian_Cancer,NFE2L2,concordant,0.5078125,5.078125000000001,128,0.2838698637328744,0.9041248606465998,171,brain|ovary,0.6891499999999999,0.5883333333333333,0.7902,0.032
Alzheimers_Disease||Pheochromocytoma_and_Paraganglioma,YBX1,concordant,0.8875,8.875000000000002,80,0.4364871108744944,0.9611650485436892,84,adrenal|brain,0.7605500000000001,0.7283333333333333,0.6416,0.032
Alzheimers_Disease||Pheochromocytoma_and_Paraganglioma,GATA3,concordant,0.8,8.000000000000002,80,0.4027870246685062,0.9625520110957004,165,adrenal|brain,0.7605500000000001,0.7283333333333333,0.7382,0.036
Alzheimers_Disease||Pheochromocytoma_and_Paraganglioma,SF1,concordant,0.75,7.500000000000002,80,0.4085013690438432,0.9514563106796116,12,adrenal|brain,0.7605500000000001,0.7283333333333333,0.5852,0.023
Alzheimers_Disease||Pheochromocytoma_and_Paraganglioma,TCF3,concordant,0.725,7.250000000000002,80,0.2651684623628061,0.941747572815534,118,adrenal|brain,0.7605500000000001,0.7283333333333333,0.4832,0.032
Alzheimers_Disease||Pheochromocytoma_and_Paraganglioma,ZBTB4,concordant,0.6875,6.875000000000002,80,0.6314214289982372,0.9403606102635228,12,adrenal|brain,0.7605500000000001,0.7283333333333333,0.4214,0.014
Alzheimers_Disease||Pheochromocytoma_and_Paraganglioma,CREBL2,concordant,0.675,6.750000000000002,80,0.9942617621470512,0.9514563106796116,2,adrenal|brain,0.7605500000000001,0.7283333333333333,0.6872,0.032
Alzheimers_Disease||Pheochromocytoma_and_Paraganglioma,DMAP1,concordant,0.675,6.750000000000002,80,0.7546287240919053,0.957004160887656,5,adrenal|brain,0.7605500000000001,0.7283333333333333,0.6278,0.023
Alzheimers_Disease||Pheochromocytoma_and_Paraganglioma,RCOR2,concordant,0.675,6.750000000000002,80,0.4479577296581163,0.9680998613037448,14,adrenal|brain,0.7605500000000001,0.7283333333333333,0.3138,0.027
Alzheimers_Disease||Pheochromocytoma_and_Paraganglioma,GLI2,concordant,0.675,6.750000000000002,80,0.4117505633158573,0.9472954230235784,124,adrenal|brain,0.7605500000000001,0.7283333333333333,0.7942,0.014
Alzheimers_Disease||Pheochromocytoma_and_Paraganglioma,RBPJ,concordant,0.675,6.750000000000002,80,0.21525898999982,0.9334257975034674,134,adrenal|brain,0.7605500000000001,0.7283333333333333,0.6594,0.054
Alzheimers_Disease||Pheochromocytoma_and_Paraganglioma,GRHL2,concordant,0.6375,6.375000000000001,80,0.7304534117507268,0.9098474341192788,8,adrenal|brain,0.7605500000000001,0.7283333333333333,0.7274,0.027
Alzheimers_Disease||Pheochromocytoma_and_Paraganglioma,SP1,concordant,0.6375,6.375000000000001,80,0.2503280837072197,0.9472954230235784,1173,adrenal|brain,0.7605500000000001,0.7283333333333333,0.63,0.005
Alzheimers_Disease||Prostate_Cancer,SP100,concordant,0.8161764705882353,8.161764705882355,136,0.7950334102450393,0.9609704641350212,3,brain|prostate,0.76405,0.6016666666666667,0.6466,0.018
Alzheimers_Disease||Prostate_Cancer,ERG,concordant,0.7352941176470589,7.3529411764705905,136,0.6361870090576782,0.9430379746835444,55,brain|prostate,0.76405,0.6016666666666667,0.6644,0.005
Alzheimers_Disease||Prostate_Cancer,HOXD9,concordant,0.6176470588235294,6.176470588235296,136,0.8952028679749992,0.9187763713080168,2,brain|prostate,0.76405,0.6016666666666667,0.5652,0.014
Alzheimers_Disease||Prostate_Cancer,ID4,concordant,0.5882352941176471,5.882352941176472,136,0.4142067270704508,0.940928270042194,11,brain|prostate,0.76405,0.6016666666666667,0.8772,0.027
Alzheimers_Disease||Prostate_Cancer,SMARCD3,concordant,0.5514705882352942,5.514705882352943,136,0.5329324361199915,0.9135021097046412,2,brain|prostate,0.76405,0.6016666666666667,0.6988,0.014
Alzheimers_Disease||Prostate_Cancer,HOXD10,concordant,0.5514705882352942,5.514705882352943,136,0.4793393484299816,0.940928270042194,5,brain|prostate,0.76405,0.6016666666666667,0.6692,0.023
Alzheimers_Disease||Prostate_Cancer,TRIM28,concordant,0.5441176470588235,5.441176470588236,136,0.3762328268379294,0.929324894514768,6,brain|prostate,0.76405,0.6016666666666667,0.6574,0.023
Alzheimers_Disease||Prostate_Cancer,HOXA4,concordant,0.5367647058823529,5.367647058823531,136,0.6310753612309231,0.9071729957805909,4,brain|prostate,0.76405,0.6016666666666667,0.5114,0.014
Alzheimers_Disease||Prostate_Cancer,AHRR,concordant,0.5147058823529411,5.147058823529412,136,0.4573158499605428,0.9029535864978904,5,brain|prostate,0.76405,0.6016666666666667,0.6836,0.009
Alzheimers_Disease||Prostate_Cancer,SOX4,concordant,0.5073529411764706,5.0735294117647065,136,0.1656964117567093,0.9082278481012658,22,brain|prostate,0.76405,0.6016666666666667,0.5604,0.023
Alzheimers_Disease||Prostate_Cancer,IRF7,concordant,0.5,5.000000000000001,136,0.3647936920822707,0.8997890295358649,17,brain|prostate,0.76405,0.6016666666666667,0.4958,0.023
Alzheimers_Disease||Prostate_Cancer,PAX2,concordant,0.5,5.000000000000001,136,0.3123381186234185,0.9040084388185654,21,brain|prostate,0.76405,0.6016666666666667,0.4672,0.018
Alzheimers_Disease||Psoriasis,SF1,concordant,0.765625,7.656250000000002,64,0.4152822193767681,0.94947209653092,12,brain|skin,0.6767500000000001,0.7104166666666666,0.5852,0.023
Alzheimers_Disease||Psoriasis,GATA3,concordant,0.765625,7.656250000000002,64,0.276581598649167,0.9570135746606336,165,brain|skin,0.6767500000000001,0.7104166666666666,0.7382,0.036
Alzheimers_Disease||Psoriasis,HOXA5,concordant,0.75,7.500000000000002,64,0.4386826161846265,0.9720965309200604,15,brain|skin,0.6767500000000001,0.7104166666666666,0.4168,0.032
Alzheimers_Disease||Psoriasis,MTA1,concordant,0.734375,7.343750000000002,64,0.3005376625819215,0.9615384615384616,50,brain|skin,0.6767500000000001,0.7104166666666666,0.5152,0.018
Alzheimers_Disease||Psoriasis,JARID2,concordant,0.6875,6.875000000000002,64,0.3963564808169351,0.9170437405731524,12,brain|skin,0.6767500000000001,0.7104166666666666,0.4492,0.036
Alzheimers_Disease||Psoriasis,CIC,concordant,0.671875,6.718750000000002,64,0.7902586280369561,0.9396681749622926,3,brain|skin,0.6767500000000001,0.7104166666666666,0.6136,0.041
Alzheimers_Disease||Psoriasis,BCLAF1,concordant,0.65625,6.562500000000002,64,0.7808765613818283,0.9796380090497736,8,brain|skin,0.6767500000000001,0.7104166666666666,0.443,0.009
Alzheimers_Disease||Psoriasis,HMGB2,concordant,0.640625,6.406250000000002,64,0.4834620293320223,0.9238310708898944,8,brain|skin,0.6767500000000001,0.7104166666666666,0.3838,0.014
Alzheimers_Disease||Psoriasis,TBPL1,concordant,0.640625,6.406250000000002,64,0.25316668980734,0.9238310708898944,36,brain|skin,0.6767500000000001,0.7104166666666666,0.4278,0.027
Alzheimers_Disease||Psoriasis,SP2,concordant,0.609375,6.093750000000002,64,0.4069556585142239,0.9328808446455504,23,brain|skin,0.6767500000000001,0.7104166666666666,0.617,0.018
Alzheimers_Disease||Psoriasis,ELK3,concordant,0.609375,6.093750000000002,64,0.2551474882383977,0.9238310708898944,25,brain|skin,0.6767500000000001,0.7104166666666666,0.575,0.018
Alzheimers_Disease||Psoriasis,ZNF219,concordant,0.59375,5.937500000000001,64,0.7335579773098142,0.9223227752639518,4,brain|skin,0.6767500000000001,0.7104166666666666,0.5296,0.023
Alzheimers_Disease||Rectal_Cancer,HOXB3,concordant,0.7,7.000000000000001,160,0.6713319036051666,0.9297658862876256,5,brain|colorectal,0.69195,0.5933333333333334,0.676,0.041
Alzheimers_Disease||Rectal_Cancer,VDR,concordant,0.6875,6.875000000000002,160,0.1851869524026763,0.9301839464882944,129,brain|colorectal,0.69195,0.5933333333333334,0.6242,0.027
Alzheimers_Disease||Rectal_Cancer,ZBTB18,concordant,0.68125,6.812500000000002,160,0.6072049265902839,0.968227424749164,8,brain|colorectal,0.69195,0.5933333333333334,0.8096,0.032
Alzheimers_Disease||Rectal_Cancer,NR2F6,concordant,0.61875,6.187500000000002,160,0.6945519176668281,0.956103678929766,7,brain|colorectal,0.69195,0.5933333333333334,0.3976,0.014
Alzheimers_Disease||Rectal_Cancer,ELF3,concordant,0.575,5.750000000000001,160,0.1766365559879795,0.9168060200668896,29,brain|colorectal,0.69195,0.5933333333333334,0.7264,0.023
Alzheimers_Disease||Rectal_Cancer,HMGA2,concordant,0.5,5.000000000000001,160,0.2168447739951741,0.9017558528428092,38,brain|colorectal,0.69195,0.5933333333333334,0.537,0.023
Alzheimers_Disease||Rectal_Cancer,TP53,concordant,0.5,5.000000000000001,160,0.1543321860668411,0.8971571906354515,824,brain|colorectal,0.69195,0.5933333333333334,0.5166,0.063
Alzheimers_Disease||Rectal_Cancer,IRF2,concordant,0.49375,4.937500000000001,160,0.2689802685263712,0.8954849498327759,53,brain|colorectal,0.69195,0.5933333333333334,0.5172,0.018
Alzheimers_Disease||Rectal_Cancer,IRF7,concordant,0.4875,4.875000000000001,160,0.3717540512388912,0.8959030100334449,17,brain|colorectal,0.69195,0.5933333333333334,0.4958,0.023
Alzheimers_Disease||Rectal_Cancer,KAT6A,concordant,0.48125,4.812500000000001,160,0.3891440645512782,0.8620401337792643,10,brain|colorectal,0.69195,0.5933333333333334,0.3388,0.018
Alzheimers_Disease||Rectal_Cancer,PAX9,concordant,0.48125,4.812500000000001,160,0.3182289031173904,0.879180602006689,8,brain|colorectal,0.69195,0.5933333333333334,0.5376,0.027
Alzheimers_Disease||Rectal_Cancer,MBD1,concordant,0.45625,4.562500000000001,160,0.2183507814079485,0.862876254180602,15,brain|colorectal,0.69195,0.5933333333333334,0.5324,0.005
Alzheimers_Disease||Sarcoma,IKZF2,concordant,0.8125,8.125000000000002,80,0.8285999924230095,0.9465346534653464,5,brain|soft_tissue,0.6852000000000001,0.605,0.5894,0.032
Alzheimers_Disease||Sarcoma,MAZ,concordant,0.6375,6.375000000000001,80,0.2636605084461645,0.9366336633663368,42,brain|soft_tissue,0.6852000000000001,0.605,0.4256,0.023
Alzheimers_Disease||Sarcoma,GCM1,concordant,0.625,6.250000000000002,80,0.5584893569672791,0.9227722772277228,6,brain|soft_tissue,0.6852000000000001,0.605,0.5508,0.014
Alzheimers_Disease||Sarcoma,MEF2D,concordant,0.6125,6.125000000000002,80,0.557351023896987,0.9128712871287128,23,brain|soft_tissue,0.6852000000000001,0.605,0.862,0.027
Alzheimers_Disease||Sarcoma,JARID2,concordant,0.575,5.750000000000001,80,0.4331217902746843,0.906930693069307,12,brain|soft_tissue,0.6852000000000001,0.605,0.4492,0.036
Alzheimers_Disease||Sarcoma,SP2,concordant,0.575,5.750000000000001,80,0.4113547911524494,0.9465346534653464,23,brain|soft_tissue,0.6852000000000001,0.605,0.617,0.018
Alzheimers_Disease||Sarcoma,NR2C2,concordant,0.575,5.750000000000001,80,0.3793491657006577,0.9247524752475248,50,brain|soft_tissue,0.6852000000000001,0.605,0.463,0.032
Alzheimers_Disease||Sarcoma,TP73,concordant,0.575,5.750000000000001,80,0.122001525977693,0.904950495049505,110,brain|soft_tissue,0.6852000000000001,0.605,0.4242,0.041
Alzheimers_Disease||Sarcoma,MYOCD,concordant,0.5375,5.375000000000001,80,0.8229500171572565,0.9108910891089108,8,brain|soft_tissue,0.6852000000000001,0.605,0.7262,0.014
Alzheimers_Disease||Sarcoma,KAT7,concordant,0.5375,5.375000000000001,80,0.3541320236003475,0.9326732673267328,76,brain|soft_tissue,0.6852000000000001,0.605,0.2906,0.023
Alzheimers_Disease||Sarcoma,SMARCE1,concordant,0.525,5.250000000000002,80,0.8554860043450683,0.9405940594059404,3,brain|soft_tissue,0.6852000000000001,0.605,0.6114,0.023
Alzheimers_Disease||Sarcoma,GLI2,concordant,0.525,5.250000000000002,80,0.4068145709469831,0.9584158415841584,124,brain|soft_tissue,0.6852000000000001,0.605,0.7942,0.014
Alzheimers_Disease||Stomach_Cancer,TFAP2A,concordant,0.7791666666666667,7.791666666666669,240,0.0898599640390765,0.9524702939337084,270,brain|stomach,0.7850999999999999,0.6683333333333334,0.4112,0.036
Alzheimers_Disease||Stomach_Cancer,ZBTB10,concordant,0.7625,7.625000000000001,240,0.8662822344357387,0.9462163852407754,2,brain|stomach,0.7850999999999999,0.6683333333333334,0.6194,0.014
Alzheimers_Disease||Stomach_Cancer,FOSL1,concordant,0.7375,7.375000000000002,240,0.2869869179699349,0.9624765478424016,48,brain|stomach,0.7850999999999999,0.6683333333333334,0.6844,0.05
Alzheimers_Disease||Stomach_Cancer,ETV3,concordant,0.7041666666666667,7.041666666666669,240,0.6554325166726637,0.9487179487179488,10,brain|stomach,0.7850999999999999,0.6683333333333334,0.424,0.023
Alzheimers_Disease||Stomach_Cancer,VDR,concordant,0.6541666666666667,6.541666666666668,240,0.1230936861529327,0.9418386491557224,129,brain|stomach,0.7850999999999999,0.6683333333333334,0.6242,0.027
Alzheimers_Disease||Stomach_Cancer,CREBBP,concordant,0.6333333333333333,6.333333333333335,240,0.2421658992687112,0.9343339587242028,30,brain|stomach,0.7850999999999999,0.6683333333333334,0.5964,0.018
Alzheimers_Disease||Stomach_Cancer,HMGA2,concordant,0.6208333333333333,6.208333333333335,240,0.1597969476049068,0.936835522201376,38,brain|stomach,0.7850999999999999,0.6683333333333334,0.537,0.023
Alzheimers_Disease||Stomach_Cancer,ZNF436,concordant,0.6083333333333333,6.083333333333334,240,0.4676912370911213,0.9280800500312696,6,brain|stomach,0.7850999999999999,0.6683333333333334,0.3218,0.032
Alzheimers_Disease||Stomach_Cancer,YBX3,concordant,0.6083333333333333,6.083333333333334,240,0.2249083221654043,0.9399624765478424,22,brain|stomach,0.7850999999999999,0.6683333333333334,0.7854,0.018
Alzheimers_Disease||Stomach_Cancer,ZNF202,concordant,0.6041666666666666,6.041666666666668,240,0.4734817808019202,0.9237023139462164,7,brain|stomach,0.7850999999999999,0.6683333333333334,0.6268,0.027
Alzheimers_Disease||Stomach_Cancer,MLX,concordant,0.5958333333333333,5.958333333333335,240,0.5068767254729251,0.9161976235146968,5,brain|stomach,0.7850999999999999,0.6683333333333334,0.7576,0.023
Alzheimers_Disease||Stomach_Cancer,TCF7,concordant,0.575,5.750000000000001,240,0.1825725150488226,0.9230769230769232,22,brain|stomach,0.7850999999999999,0.6683333333333334,0.567,0.023
Alzheimers_Disease||Stroke,TP73,concordant,0.9166666666666666,9.166666666666668,24,0.3429595267909376,0.9703333333333334,110,blood|brain,0.6347,0.3554166666666666,0.653,0.041
Alzheimers_Disease||Stroke,IKZF4,concordant,0.875,8.750000000000002,24,0.7810075733931585,0.9566666666666668,5,blood|brain,0.6347,0.3554166666666666,0.672,0.018
Alzheimers_Disease||Stroke,CTBP2,concordant,0.8333333333333334,8.333333333333336,24,0.4430582032521372,0.947,14,blood|brain,0.6347,0.3554166666666666,0.7514,0.023
Alzheimers_Disease||Stroke,HDAC1,concordant,0.8333333333333334,8.333333333333336,24,0.2193139502588847,0.9833333333333332,79,blood|brain,0.6347,0.3554166666666666,0.8296,0.023
Alzheimers_Disease||Stroke,NR4A3,concordant,0.7916666666666666,7.916666666666668,24,0.5173869996833447,0.962,30,blood|brain,0.6347,0.3554166666666666,0.899,0.032
Alzheimers_Disease||Stroke,FOSL1,concordant,0.7916666666666666,7.916666666666668,24,0.3709797864053934,0.9723333333333334,48,blood|brain,0.6347,0.3554166666666666,0.7872,0.05
Alzheimers_Disease||Stroke,PHF5A,concordant,0.75,7.500000000000002,24,0.7588898767284686,0.9396666666666668,5,blood|brain,0.6347,0.3554166666666666,0.8356,0.018
Alzheimers_Disease||Stroke,LMO2,concordant,0.75,7.500000000000002,24,0.463100846700086,0.9273333333333332,27,blood|brain,0.6347,0.3554166666666666,0.8702,0.018
Alzheimers_Disease||Stroke,SMARCE1,concordant,0.7083333333333334,7.083333333333336,24,0.9100949064947496,0.9443333333333334,3,blood|brain,0.6347,0.3554166666666666,0.6114,0.023
Alzheimers_Disease||Stroke,XPC,concordant,0.7083333333333334,7.083333333333336,24,0.8604060209803247,0.9576666666666668,4,blood|brain,0.6347,0.3554166666666666,0.6446,0.009
Alzheimers_Disease||Stroke,ARHGAP35,concordant,0.7083333333333334,7.083333333333336,24,0.8327439289672889,0.965,4,blood|brain,0.6347,0.3554166666666666,0.697,0.009
Alzheimers_Disease||Stroke,HOXC9,concordant,0.7083333333333334,7.083333333333336,24,0.7966948273385566,0.9236666666666666,3,blood|brain,0.6347,0.3554166666666666,0.8322,0.041
Alzheimers_Disease||Thymoma,HOXA11,concordant,1.0,10.000000000000002,80,0.5722541650736629,0.9558823529411764,4,brain|thymus,0.8064500000000001,0.8645833333333335,0.5964,0.063
Alzheimers_Disease||Thymoma,TP73,concordant,1.0,10.000000000000002,80,0.2589707706776719,0.9540441176470588,110,brain|thymus,0.8064500000000001,0.8645833333333335,0.4242,0.041
Alzheimers_Disease||Thymoma,CDX1,concordant,0.975,9.750000000000002,80,0.513622725052854,0.9613970588235294,28,brain|thymus,0.8064500000000001,0.8645833333333335,0.3146,0.041
Alzheimers_Disease||Thymoma,GCM1,concordant,0.925,9.250000000000002,80,0.7340893050798134,0.9540441176470588,6,brain|thymus,0.8064500000000001,0.8645833333333335,0.5508,0.014
Alzheimers_Disease||Thymoma,NCOA6,concordant,0.9125,9.125000000000002,80,0.7465199915333021,0.9485294117647058,5,brain|thymus,0.8064500000000001,0.8645833333333335,0.5106,0.014
Alzheimers_Disease||Thymoma,HOXB4,concordant,0.875,8.750000000000002,80,0.2439045104049989,0.9485294117647058,10,brain|thymus,0.8064500000000001,0.8645833333333335,0.6668,0.027
Alzheimers_Disease||Thymoma,TBP,concordant,0.875,8.750000000000002,80,0.0817242594355565,0.9503676470588236,140,brain|thymus,0.8064500000000001,0.8645833333333335,0.5854,0.014
Alzheimers_Disease||Thymoma,MECOM,concordant,0.8375,8.375000000000002,80,0.3533604013726061,0.96875,18,brain|thymus,0.8064500000000001,0.8645833333333335,0.7844,0.041
Alzheimers_Disease||Thymoma,NFKBIB,concordant,0.825,8.250000000000002,80,0.7071010435588948,0.9705882352941176,16,brain|thymus,0.8064500000000001,0.8645833333333335,0.5922,0.045
Alzheimers_Disease||Thymoma,ZGPAT,concordant,0.8,8.000000000000002,80,0.5529127254404367,0.9503676470588236,10,brain|thymus,0.8064500000000001,0.8645833333333335,0.5638,0.018
Alzheimers_Disease||Thymoma,PATZ1,concordant,0.7625,7.625000000000001,80,0.4024925322073898,0.9558823529411764,9,brain|thymus,0.8064500000000001,0.8645833333333335,0.5488,0.032
Alzheimers_Disease||Thymoma,LMO2,concordant,0.75,7.500000000000002,80,0.5954055597526984,0.9485294117647058,27,brain|thymus,0.8064500000000001,0.8645833333333335,0.5818,0.018
Alzheimers_Disease||Thyroid_Cancer,NFKBIB,concordant,0.7391304347826086,7.391304347826088,184,0.4493993333551143,0.9460112812248188,16,brain|thyroid,0.8217,0.7479166666666666,0.5922,0.045
Alzheimers_Disease||Thyroid_Cancer,DMAP1,concordant,0.7282608695652174,7.282608695652176,184,0.7644396014261972,0.9548751007252216,5,brain|thyroid,0.8217,0.7479166666666666,0.6278,0.023
Alzheimers_Disease||Thyroid_Cancer,MLX,concordant,0.7282608695652174,7.282608695652176,184,0.5497045092523758,0.958904109589041,5,brain|thyroid,0.8217,0.7479166666666666,0.7576,0.023
Alzheimers_Disease||Thyroid_Cancer,INSM1,concordant,0.6684782608695652,6.684782608695653,184,0.6675520953192284,0.9298952457695407,5,brain|thyroid,0.8217,0.7479166666666666,0.4232,0.027
Alzheimers_Disease||Thyroid_Cancer,AEBP1,concordant,0.6630434782608695,6.630434782608696,184,0.6540692323981978,0.9476228847703464,5,brain|thyroid,0.8217,0.7479166666666666,0.6406,0.036
Alzheimers_Disease||Thyroid_Cancer,SOX4,concordant,0.6467391304347826,6.467391304347827,184,0.2952665428926128,0.934730056406124,22,brain|thyroid,0.8217,0.7479166666666666,0.5604,0.023
Alzheimers_Disease||Thyroid_Cancer,MYOCD,concordant,0.625,6.250000000000002,184,0.8446198806486931,0.9250604351329572,8,brain|thyroid,0.8217,0.7479166666666666,0.7262,0.014
Alzheimers_Disease||Thyroid_Cancer,PPARGC1A,concordant,0.6032608695652174,6.032608695652176,184,0.2168230360726483,0.9323126510878323,28,brain|thyroid,0.8217,0.7479166666666666,0.6522,0.014
Alzheimers_Disease||Thyroid_Cancer,FOXA2,concordant,0.6032608695652174,6.032608695652176,184,0.1472601663098052,0.9145850120870266,111,brain|thyroid,0.8217,0.7479166666666666,0.4218,0.018
Alzheimers_Disease||Thyroid_Cancer,POU2F1,concordant,0.592391304347826,5.923913043478262,184,0.2068397294746534,0.9371474617244158,103,brain|thyroid,0.8217,0.7479166666666666,0.373,0.018
Alzheimers_Disease||Thyroid_Cancer,MYCN,concordant,0.5706521739130435,5.706521739130436,184,0.125922114759561,0.9282836422240128,130,brain|thyroid,0.8217,0.7479166666666666,0.477,0.023
Alzheimers_Disease||Thyroid_Cancer,LMX1A,concordant,0.5652173913043478,5.652173913043479,184,0.547194667856253,0.9178082191780822,6,brain|thyroid,0.8217,0.7479166666666666,0.28,0.014
Alzheimers_Disease||Uterine_Corpus_Endometrial_Carcinoma,CDX1,concordant,1.0,10.000000000000002,48,0.351541709485455,0.9706180344478216,28,brain|uterus_endometrium,0.7416499999999999,0.6991666666666666,0.3146,0.041
Alzheimers_Disease||Uterine_Corpus_Endometrial_Carcinoma,TP73,concordant,0.875,8.750000000000002,48,0.4364371321167376,0.9817629179331308,110,brain|uterus_endometrium,0.7416499999999999,0.6991666666666666,0.4242,0.041
Alzheimers_Disease||Uterine_Corpus_Endometrial_Carcinoma,TFAP2E,concordant,0.7708333333333334,7.708333333333336,48,0.8046294823175626,0.940222897669706,3,brain|uterus_endometrium,0.7416499999999999,0.6991666666666666,0.8246,0.023
Alzheimers_Disease||Uterine_Corpus_Endometrial_Carcinoma,HES4,concordant,0.75,7.500000000000002,48,0.91146718994912,0.9473150962512664,2,brain|uterus_endometrium,0.7416499999999999,0.6991666666666666,0.5608,0.018
Alzheimers_Disease||Uterine_Corpus_Endometrial_Carcinoma,VENTX,concordant,0.75,7.500000000000002,48,0.5816927313620062,0.9493414387031408,4,brain|uterus_endometrium,0.7416499999999999,0.6991666666666666,0.7434,0.009
Alzheimers_Disease||Uterine_Corpus_Endometrial_Carcinoma,CREB3,concordant,0.75,7.500000000000002,48,0.5435520081833647,0.9199594731509624,11,brain|uterus_endometrium,0.7416499999999999,0.6991666666666666,0.4934,0.036
Alzheimers_Disease||Uterine_Corpus_Endometrial_Carcinoma,TBPL1,concordant,0.75,7.500000000000002,48,0.3055195147578938,0.9736575481256332,36,brain|uterus_endometrium,0.7416499999999999,0.6991666666666666,0.4278,0.027
Alzheimers_Disease||Uterine_Corpus_Endometrial_Carcinoma,POU2F1,concordant,0.75,7.500000000000002,48,0.2445041788278769,0.9858156028368794,103,brain|uterus_endometrium,0.7416499999999999,0.6991666666666666,0.373,0.018
Alzheimers_Disease||Uterine_Corpus_Endometrial_Carcinoma,DNMT1,concordant,0.75,7.500000000000002,48,0.2413855855962802,0.9736575481256332,164,brain|uterus_endometrium,0.7416499999999999,0.6991666666666666,0.4754,0.023
Alzheimers_Disease||Uterine_Corpus_Endometrial_Carcinoma,LMO4,concordant,0.6875,6.875000000000002,48,0.5047312154430439,0.9361702127659576,5,brain|uterus_endometrium,0.7416499999999999,0.6991666666666666,0.4294,0.018
Alzheimers_Disease||Uterine_Corpus_Endometrial_Carcinoma,HOXB4,concordant,0.6875,6.875000000000002,48,0.4931923149882203,0.9260385005065856,10,brain|uterus_endometrium,0.7416499999999999,0.6991666666666666,0.6668,0.027
Alzheimers_Disease||Uterine_Corpus_Endometrial_Carcinoma,PAX2,concordant,0.6875,6.875000000000002,48,0.3677202249719384,0.9473150962512664,21,brain|uterus_endometrium,0.7416499999999999,0.6991666666666666,0.4672,0.018
Alzheimers_Disease||lower_grade_glioma_and_glioblastoma,PAWR,concordant,0.532608695652174,5.326086956521741,184,0.8274517249215859,0.9087856743144936,5,brain|brain,0.7230500000000001,0.4833333333333333,0.7016,0.009
Alzheimers_Disease||lower_grade_glioma_and_glioblastoma,CBFB,concordant,0.4728260869565217,4.728260869565219,184,0.8187998459833392,0.8903189703413542,3,brain|brain,0.7230500000000001,0.4833333333333333,0.3712,0.009
Alzheimers_Disease||lower_grade_glioma_and_glioblastoma,NRG1,concordant,0.4728260869565217,4.728260869565219,184,0.5232628365164231,0.8908785674314493,31,brain|brain,0.7230500000000001,0.4833333333333333,0.661,0.027
Alzheimers_Disease||lower_grade_glioma_and_glioblastoma,RAX,concordant,0.4565217391304347,4.565217391304349,184,0.8743363969291699,0.8768886401790711,2,brain|brain,0.7230500000000001,0.4833333333333333,0.2346,0.023
Alzheimers_Disease||lower_grade_glioma_and_glioblastoma,ATOH7,concordant,0.4565217391304347,4.565217391304349,184,0.7088838866809312,0.8668158925573587,8,brain|brain,0.7230500000000001,0.4833333333333333,0.793,0.014
Alzheimers_Disease||lower_grade_glioma_and_glioblastoma,HHEX,concordant,0.4402173913043478,4.402173913043479,184,0.3348309153865405,0.8500279798545047,25,brain|brain,0.7230500000000001,0.4833333333333333,0.538,0.018
Alzheimers_Disease||lower_grade_glioma_and_glioblastoma,HIVEP2,concordant,0.4293478260869565,4.293478260869566,184,0.6133432400771508,0.8875209848908786,8,brain|brain,0.7230500000000001,0.4833333333333333,0.4484,0.014
Alzheimers_Disease||lower_grade_glioma_and_glioblastoma,HR,concordant,0.4293478260869565,4.293478260869566,184,0.2516368762133533,0.8819250139899273,84,brain|brain,0.7230500000000001,0.4833333333333333,0.3362,0.027
Alzheimers_Disease||lower_grade_glioma_and_glioblastoma,SIM1,concordant,0.4239130434782608,4.239130434782609,184,0.7444780154285162,0.87241186345831,4,brain|brain,0.7230500000000001,0.4833333333333333,0.5176,0.014
Alzheimers_Disease||lower_grade_glioma_and_glioblastoma,MNX1,concordant,0.4184782608695652,4.184782608695653,184,0.4878241990676514,0.8259653049804141,5,brain|brain,0.7230500000000001,0.4833333333333333,0.5094,0.014
Alzheimers_Disease||lower_grade_glioma_and_glioblastoma,HNF4A,concordant,0.4076086956521739,4.07608695652174,184,0.2593140765858677,0.8864017907106883,223,brain|brain,0.7230500000000001,0.4833333333333333,0.192,0.005
Alzheimers_Disease||lower_grade_glioma_and_glioblastoma,LHX3,concordant,0.4021739130434782,4.021739130434784,184,0.4210141349830832,0.8561835478455512,8,brain|brain,0.7230500000000001,0.4833333333333333,0.2044,0.023
Bipolar_disorder||Stroke,TCF20,concordant,0.8,8.000000000000002,15,0.8406843181716803,0.9593333333333334,3,blood|brain,0.44405,0.3070833333333333,0.8,0.023
Bipolar_disorder||Stroke,LRRFIP1,concordant,0.8,8.000000000000002,15,0.670067111572616,0.9926666666666668,12,blood|brain,0.44405,0.3070833333333333,0.7882,0.018
Bipolar_disorder||Stroke,SOX17,concordant,0.8,8.000000000000002,15,0.6219513644800502,0.9976666666666668,42,blood|brain,0.44405,0.3070833333333333,0.8854,0.041
Bipolar_disorder||Stroke,BRCA1,concordant,0.8,8.000000000000002,15,0.5997254752023028,1.0,54,blood|brain,0.44405,0.3070833333333333,0.8492,0.023
Bipolar_disorder||Stroke,FOSL1,concordant,0.8,8.000000000000002,15,0.5737873945151486,0.9906666666666668,48,blood|brain,0.44405,0.3070833333333333,0.7774,0.05
Bipolar_disorder||Stroke,FOXJ1,concordant,0.8,8.000000000000002,15,0.5657632799076436,0.982,14,blood|brain,0.44405,0.3070833333333333,0.7172,0.018
Bipolar_disorder||Stroke,SOX4,concordant,0.8,8.000000000000002,15,0.4875696675417292,0.9916666666666668,22,blood|brain,0.44405,0.3070833333333333,0.8028,0.023
Bipolar_disorder||Stroke,GLI1,concordant,0.8,8.000000000000002,15,0.4092841127918134,0.9603333333333334,165,blood|brain,0.44405,0.3070833333333333,0.897,0.009
Bipolar_disorder||Stroke,RXRA,concordant,0.8,8.000000000000002,15,0.328869753139515,0.981,98,blood|brain,0.44405,0.3070833333333333,0.7882,0.009
Bipolar_disorder||Stroke,RELA,concordant,0.8,8.000000000000002,15,0.1970493008644361,0.98,838,blood|brain,0.44405,0.3070833333333333,0.6716,0.018
Bipolar_disorder||Stroke,ZNF521,concordant,0.7333333333333333,7.333333333333335,15,0.88210730910619,0.9346666666666666,3,blood|brain,0.44405,0.3070833333333333,0.799,0.014
Bipolar_disorder||Stroke,ATF6,concordant,0.7333333333333333,7.333333333333335,15,0.6539603100723049,0.997,43,blood|brain,0.44405,0.3070833333333333,0.8426,0.023
Bladder_Cancer||COVID-19,PIAS1,concordant,0.9,9.000000000000002,100,0.7618595904103502,0.9678362573099416,4,bladder|blood,0.81255,0.6895833333333334,0.5278,0.014
Bladder_Cancer||COVID-19,PML,concordant,0.78,7.800000000000002,100,0.3547629329816152,0.9629629629629628,17,bladder|blood,0.81255,0.6895833333333334,0.6784,0.036
Bladder_Cancer||COVID-19,CREB3,concordant,0.74,7.400000000000001,100,0.67702721604931,0.96588693957115,11,bladder|blood,0.81255,0.6895833333333334,0.5766,0.036
Bladder_Cancer||COVID-19,IRF7,concordant,0.72,7.200000000000001,100,0.2172614868640928,0.9269005847953216,17,bladder|blood,0.81255,0.6895833333333334,0.8982,0.023
Bladder_Cancer||COVID-19,ZBTB7A,concordant,0.7,7.000000000000001,100,0.1826171547671499,0.9366471734892788,36,bladder|blood,0.81255,0.6895833333333334,0.6972,0.023
Bladder_Cancer||COVID-19,RARG,concordant,0.68,6.800000000000002,100,0.3946327783690486,0.9366471734892788,28,bladder|blood,0.81255,0.6895833333333334,0.6462,0.036
Bladder_Cancer||COVID-19,EP300,concordant,0.66,6.600000000000001,100,0.2281187056524003,0.9473684210526316,65,bladder|blood,0.81255,0.6895833333333334,0.8368,0.018
Bladder_Cancer||COVID-19,SSRP1,concordant,0.66,6.600000000000001,100,0.1150960476836658,0.9269005847953216,123,bladder|blood,0.81255,0.6895833333333334,0.831,0.027
Bladder_Cancer||COVID-19,DMTF1,concordant,0.58,5.800000000000001,100,0.5362114837425024,0.9181286549707602,15,bladder|blood,0.81255,0.6895833333333334,0.6306,0.036
Bladder_Cancer||COVID-19,SRSF2,concordant,0.56,5.600000000000001,100,0.4927613222591068,0.9249512670565302,10,bladder|blood,0.81255,0.6895833333333334,0.7124,0.023
Bladder_Cancer||COVID-19,ZNF263,concordant,0.56,5.600000000000001,100,0.4728630815508203,0.928849902534113,9,bladder|blood,0.81255,0.6895833333333334,0.6092,0.014
Bladder_Cancer||COVID-19,STAT4,discordant,0.56,5.600000000000001,100,-0.1539157867945395,0.9200779727095516,27,bladder|blood,0.81255,0.6895833333333334,0.849,0.018
Bladder_Cancer||Cardiovascular_Disease,BTG2,concordant,0.575,5.750000000000001,200,0.4162033280977794,0.928849902534113,7,bladder|blood,0.6341500000000001,0.6325,0.6688,0.023
Bladder_Cancer||Cardiovascular_Disease,BRD4,concordant,0.575,5.750000000000001,200,0.3737946582582155,0.9161793372319688,10,bladder|blood,0.6341500000000001,0.6325,0.7504,0.027
Bladder_Cancer||Cardiovascular_Disease,HTATIP2,concordant,0.555,5.550000000000002,200,0.198186651249673,0.9152046783625732,16,bladder|blood,0.6341500000000001,0.6325,0.7124,0.023
Bladder_Cancer||Cardiovascular_Disease,FOSL2,concordant,0.55,5.500000000000002,200,0.461572472774286,0.9307992202729044,39,bladder|blood,0.6341500000000001,0.6325,0.8884,0.036
Bladder_Cancer||Cardiovascular_Disease,RFX1,concordant,0.515,5.150000000000001,200,0.3317286129647709,0.9015594541910332,22,bladder|blood,0.6341500000000001,0.6325,0.765,0.027
Bladder_Cancer||Cardiovascular_Disease,ASH1L,concordant,0.505,5.050000000000002,200,0.4480446911399457,0.9005847953216374,4,bladder|blood,0.6341500000000001,0.6325,0.7396,0.032
Bladder_Cancer||Cardiovascular_Disease,HOXA7,concordant,0.48,4.800000000000001,200,0.3489854055779613,0.8840155945419104,12,bladder|blood,0.6341500000000001,0.6325,0.689,0.005
Bladder_Cancer||Cardiovascular_Disease,ZNF160,concordant,0.47,4.700000000000001,200,0.4930380069234178,0.8918128654970761,7,bladder|blood,0.6341500000000001,0.6325,0.7556,0.005
Bladder_Cancer||Cardiovascular_Disease,MAML1,concordant,0.405,4.050000000000002,200,0.5436426509064071,0.8635477582846004,5,bladder|blood,0.6341500000000001,0.6325,0.6058,0.014
Bladder_Cancer||Cardiovascular_Disease,ERF,concordant,0.4,4.000000000000001,200,0.2116020734894357,0.8791423001949318,15,bladder|blood,0.6341500000000001,0.6325,0.8218,0.009
Bladder_Cancer||Cardiovascular_Disease,PAX8,concordant,0.395,3.950000000000001,200,0.1880578892305086,0.8654970760233918,28,bladder|blood,0.6341500000000001,0.6325,0.621,0.023
Bladder_Cancer||Cardiovascular_Disease,FOXN1,concordant,0.385,3.850000000000001,200,7.118541913174459e-06,0.8157894736842105,50,bladder|blood,0.6341500000000001,0.6325,0.7304,0.036
Bladder_Cancer||Chronic_obstructive_pulmonary_disease_(COPD),FOSL2,concordant,0.4061538461538461,4.061538461538462,325,0.1800934423278686,0.8568935427574171,39,bladder|lung,0.6822999999999999,0.3866666666666666,,0.036
Bladder_Cancer||Chronic_obstructive_pulmonary_disease_(COPD),ZNF224,concordant,0.3846153846153846,3.846153846153847,325,0.5827140280889536,0.8464223385689355,3,bladder|lung,0.6822999999999999,0.3866666666666666,,0.023
Bladder_Cancer||Chronic_obstructive_pulmonary_disease_(COPD),HNF4G,concordant,0.3815384615384615,3.815384615384617,325,0.3973872847308482,0.8516579406631762,8,bladder|lung,0.6822999999999999,0.3866666666666666,,0.014
Bladder_Cancer||Chronic_obstructive_pulmonary_disease_(COPD),HOXB3,concordant,0.3692307692307692,3.692307692307693,325,0.4980655147882851,0.8621291448516579,5,bladder|lung,0.6822999999999999,0.3866666666666666,,0.041
Bladder_Cancer||Chronic_obstructive_pulmonary_disease_(COPD),SIM2,concordant,0.3476923076923077,3.476923076923077,325,0.2271964089845145,0.8481675392670157,10,bladder|lung,0.6822999999999999,0.3866666666666666,,0.032
Bladder_Cancer||Chronic_obstructive_pulmonary_disease_(COPD),SMARCA4,concordant,0.3476923076923077,3.476923076923077,325,0.19770709260939,0.8289703315881326,10,bladder|lung,0.6822999999999999,0.3866666666666666,,0.009
Bladder_Cancer||Chronic_obstructive_pulmonary_disease_(COPD),ZNF335,concordant,0.3476923076923077,3.476923076923077,325,0.1699032606732317,0.8184991273996509,7,bladder|lung,0.6822999999999999,0.3866666666666666,,0.041
Bladder_Cancer||Chronic_obstructive_pulmonary_disease_(COPD),IRF5,concordant,0.3446153846153846,3.446153846153847,325,0.3094681376628749,0.8568935427574171,23,bladder|lung,0.6822999999999999,0.3866666666666666,,0.009
Bladder_Cancer||Chronic_obstructive_pulmonary_disease_(COPD),TRIB3,concordant,0.3384615384615385,3.384615384615385,325,0.9256965192788272,0.8289703315881326,2,bladder|lung,0.6822999999999999,0.3866666666666666,,0.005
Bladder_Cancer||Chronic_obstructive_pulmonary_disease_(COPD),TRERF1,concordant,0.3384615384615385,3.384615384615385,325,0.6359523932457256,0.8184991273996509,15,bladder|lung,0.6822999999999999,0.3866666666666666,,0.041
Bladder_Cancer||Chronic_obstructive_pulmonary_disease_(COPD),RFX1,concordant,0.3261538461538461,3.261538461538462,325,0.3540938357054019,0.8272251308900523,22,bladder|lung,0.6822999999999999,0.3866666666666666,,0.027
Bladder_Cancer||Chronic_obstructive_pulmonary_disease_(COPD),KAT6B,concordant,0.32,3.2000000000000006,325,0.5098238667248938,0.7975567190226877,5,bladder|lung,0.6822999999999999,0.3866666666666666,,0.027
Bladder_Cancer||Fibromyalgia,KLF7,concordant,0.6,6.000000000000001,100,0.5100857538343102,0.932748538011696,8,bladder|blood,0.7435999999999998,0.7079166666666667,0.5854,0.05
Bladder_Cancer||Fibromyalgia,RFX5,concordant,0.6,6.000000000000001,100,0.4650206984765989,0.919103313840156,17,bladder|blood,0.7435999999999998,0.7079166666666667,0.632,0.018
Bladder_Cancer||Fibromyalgia,ZNF423,concordant,0.59,5.900000000000001,100,0.6468973355177333,0.9298245614035088,4,bladder|blood,0.7435999999999998,0.7079166666666667,0.7746,0.014
Bladder_Cancer||Fibromyalgia,ATOH1,concordant,0.58,5.800000000000001,100,0.6665152063983308,0.9405458089668616,8,bladder|blood,0.7435999999999998,0.7079166666666667,0.45,0.014
Bladder_Cancer||Fibromyalgia,HCFC1,concordant,0.58,5.800000000000001,100,0.3176769695315432,0.9161793372319688,6,bladder|blood,0.7435999999999998,0.7079166666666667,0.6044,0.036
Bladder_Cancer||Fibromyalgia,ASXL1,concordant,0.57,5.700000000000001,100,0.7833607246776269,0.9337231968810916,4,bladder|blood,0.7435999999999998,0.7079166666666667,0.6956,0.009
Bladder_Cancer||Fibromyalgia,ZFPM1,concordant,0.55,5.500000000000002,100,0.3696362333076873,0.912280701754386,15,bladder|blood,0.7435999999999998,0.7079166666666667,0.6122,0.023
Bladder_Cancer||Fibromyalgia,AEBP1,concordant,0.54,5.400000000000001,100,0.1516853558435895,0.919103313840156,5,bladder|blood,0.7435999999999998,0.7079166666666667,0.8264,0.036
Bladder_Cancer||Fibromyalgia,CREB3,concordant,0.51,5.100000000000001,100,0.4859878599742235,0.9005847953216374,11,bladder|blood,0.7435999999999998,0.7079166666666667,0.572,0.036
Bladder_Cancer||Fibromyalgia,EHF,concordant,0.51,5.100000000000001,100,0.2919218952314268,0.9044834307992202,11,bladder|blood,0.7435999999999998,0.7079166666666667,0.6698,0.009
Bladder_Cancer||Fibromyalgia,PML,concordant,0.49,4.900000000000001,100,0.2008589359964182,0.8898635477582846,17,bladder|blood,0.7435999999999998,0.7079166666666667,0.6678,0.036
Bladder_Cancer||Fibromyalgia,FOXJ3,concordant,0.48,4.800000000000001,100,0.9520069840200848,0.8830409356725146,2,bladder|blood,0.7435999999999998,0.7079166666666667,0.472,0.009
Bladder_Cancer||Irritable_bowel_syndrome_(IBS),GATA6,discordant,0.75,7.500000000000002,100,-0.054835151503759,0.9447236180904522,81,bladder|colorectal,0.7628,0.6254166666666667,,0.014
Bladder_Cancer||Irritable_bowel_syndrome_(IBS),ZNF410,concordant,0.68,6.800000000000002,100,0.7980173408769977,0.9597989949748744,3,bladder|colorectal,0.7628,0.6254166666666667,,0.032
Bladder_Cancer||Irritable_bowel_syndrome_(IBS),NFIA,concordant,0.67,6.700000000000002,100,0.1367632406835707,0.932998324958124,48,bladder|colorectal,0.7628,0.6254166666666667,,0.041
Bladder_Cancer||Irritable_bowel_syndrome_(IBS),ZBTB18,concordant,0.64,6.400000000000001,100,0.5319412360084352,0.931323283082077,8,bladder|colorectal,0.7628,0.6254166666666667,,0.032
Bladder_Cancer||Irritable_bowel_syndrome_(IBS),TEAD4,concordant,0.61,6.100000000000001,100,0.2299125646685267,0.9195979899497488,11,bladder|colorectal,0.7628,0.6254166666666667,,0.027
Bladder_Cancer||Irritable_bowel_syndrome_(IBS),PITX2,concordant,0.59,5.900000000000001,100,0.0897914635088243,0.932998324958124,103,bladder|colorectal,0.7628,0.6254166666666667,,0.032
Bladder_Cancer||Irritable_bowel_syndrome_(IBS),MAFF,concordant,0.58,5.800000000000001,100,0.4540302308636328,0.9195979899497488,4,bladder|colorectal,0.7628,0.6254166666666667,,0.009
Bladder_Cancer||Irritable_bowel_syndrome_(IBS),IRF2BPL,concordant,0.56,5.600000000000001,100,0.9247857179167004,0.9078726968174204,2,bladder|colorectal,0.7628,0.6254166666666667,,0.014
Bladder_Cancer||Irritable_bowel_syndrome_(IBS),TBX2,discordant,0.56,5.600000000000001,100,-0.0063254033511281,0.931323283082077,28,bladder|colorectal,0.7628,0.6254166666666667,,0.014
Bladder_Cancer||Irritable_bowel_syndrome_(IBS),PER2,concordant,0.55,5.500000000000002,100,0.6020102959625427,0.9112227805695142,3,bladder|colorectal,0.7628,0.6254166666666667,,0.027
Bladder_Cancer||Irritable_bowel_syndrome_(IBS),SOX9,concordant,0.52,5.200000000000001,100,0.0985350903336791,0.8994974874371859,90,bladder|colorectal,0.7628,0.6254166666666667,,0.009
Bladder_Cancer||Irritable_bowel_syndrome_(IBS),MSX1,concordant,0.51,5.100000000000001,100,0.0723415042377616,0.9095477386934674,18,bladder|colorectal,0.7628,0.6254166666666667,,0.023
Bladder_Cancer||Multiple_sclerosis,EBF2,concordant,0.4153846153846154,4.153846153846155,650,0.8759179940229738,0.8738095238095238,2,bladder|brain,0.5773,0.3133333333333333,0.7274,0.027
Bladder_Cancer||Multiple_sclerosis,TOX,concordant,0.38,3.8000000000000007,650,0.1742011995721825,0.8595238095238096,4,bladder|brain,0.5773,0.3133333333333333,0.8674,0.032
Bladder_Cancer||Multiple_sclerosis,ZNF8,concordant,0.3707692307692308,3.7076923076923087,650,0.9691876748853152,0.8515873015873016,2,bladder|brain,0.5773,0.3133333333333333,0.54,0.009
Bladder_Cancer||Multiple_sclerosis,ZBTB16,discordant,0.3661538461538461,3.6615384615384623,650,-0.0569423843417202,0.8468253968253968,48,bladder|brain,0.5773,0.3133333333333333,0.8144,0.018
Bladder_Cancer||Multiple_sclerosis,NFE2,concordant,0.36,3.6000000000000005,650,0.2091502484273501,0.8333333333333334,17,bladder|brain,0.5773,0.3133333333333333,0.8184,0.018
Bladder_Cancer||Multiple_sclerosis,RFX1,concordant,0.3369230769230769,3.36923076923077,650,0.1979325999581426,0.8142857142857143,22,bladder|brain,0.5773,0.3133333333333333,0.7152,0.027
Bladder_Cancer||Multiple_sclerosis,IKZF2,concordant,0.3307692307692307,3.3076923076923084,650,0.6276626889001001,0.7658730158730159,5,bladder|brain,0.5773,0.3133333333333333,0.5092,0.032
Bladder_Cancer||Multiple_sclerosis,HLX,concordant,0.3261538461538461,3.261538461538462,650,0.1499645711363709,0.8222222222222222,14,bladder|brain,0.5773,0.3133333333333333,0.8266,0.018
Bladder_Cancer||Multiple_sclerosis,SETBP1,concordant,0.3215384615384615,3.2153846153846164,650,0.502476646715603,0.8253968253968254,5,bladder|brain,0.5773,0.3133333333333333,0.696,0.005
Bladder_Cancer||Multiple_sclerosis,ETV1,concordant,0.3123076923076923,3.1230769230769235,650,0.008472860623378,0.8214285714285714,20,bladder|brain,0.5773,0.3133333333333333,0.8652,0.027
Bladder_Cancer||Multiple_sclerosis,ZNF217,discordant,0.3107692307692307,3.107692307692308,650,-0.0885317038177084,0.8023809523809524,6,bladder|brain,0.5773,0.3133333333333333,0.757,0.014
Bladder_Cancer||Multiple_sclerosis,NCOR2,concordant,0.3046153846153846,3.046153846153847,650,0.1422218567470331,0.8071428571428572,60,bladder|brain,0.5773,0.3133333333333333,0.715,0.027
Bladder_Cancer||Parkinsons_Disease,HAND2,concordant,0.6488888888888888,6.48888888888889,225,0.0748505430441405,0.9210526315789472,34,bladder|blood,0.7709999999999999,0.7025,0.6738,0.027
Bladder_Cancer||Parkinsons_Disease,HOXA13,concordant,0.6222222222222222,6.222222222222224,225,0.4025789685258251,0.9220272904483432,14,bladder|blood,0.7709999999999999,0.7025,0.8216,0.05
Bladder_Cancer||Parkinsons_Disease,ATF5,concordant,0.6177777777777778,6.177777777777779,225,0.2444813510072394,0.9239766081871345,26,bladder|blood,0.7709999999999999,0.7025,0.7724,0.023
Bladder_Cancer||Parkinsons_Disease,JARID2,concordant,0.6088888888888889,6.08888888888889,225,0.4107202009850172,0.925925925925926,12,bladder|blood,0.7709999999999999,0.7025,0.7234,0.036
Bladder_Cancer||Parkinsons_Disease,PITX2,concordant,0.5955555555555555,5.955555555555557,225,0.1986662479653979,0.9220272904483432,103,bladder|blood,0.7709999999999999,0.7025,0.711,0.032
Bladder_Cancer||Parkinsons_Disease,EGR3,concordant,0.5822222222222222,5.822222222222223,225,0.0775474968389937,0.9230019493177388,27,bladder|blood,0.7709999999999999,0.7025,0.8462,0.009
Bladder_Cancer||Parkinsons_Disease,SOX5,concordant,0.5777777777777777,5.777777777777779,225,0.3419127268649483,0.9103313840155944,15,bladder|blood,0.7709999999999999,0.7025,0.7558,0.023
Bladder_Cancer||Parkinsons_Disease,CREM,concordant,0.5555555555555556,5.555555555555557,225,0.0373222626800309,0.9093567251461988,63,bladder|blood,0.7709999999999999,0.7025,0.8462,0.014
Bladder_Cancer||Parkinsons_Disease,SP7,concordant,0.5244444444444445,5.244444444444446,225,0.2645828202708898,0.9161793372319688,32,bladder|blood,0.7709999999999999,0.7025,0.5414,0.005
Bladder_Cancer||Parkinsons_Disease,ESRRA,concordant,0.4933333333333333,4.933333333333335,225,0.1923399766812517,0.8976608187134503,41,bladder|blood,0.7709999999999999,0.7025,0.726,0.023
Bladder_Cancer||Parkinsons_Disease,KLF14,concordant,0.48,4.800000000000001,225,0.629462522460408,0.8908382066276803,4,bladder|blood,0.7709999999999999,0.7025,0.48,0.018
Bladder_Cancer||Parkinsons_Disease,FOXF1,discordant,0.4666666666666667,4.666666666666668,225,-0.1742313869724352,0.8879142300194932,7,bladder|blood,0.7709999999999999,0.7025,0.8888,0.023
Bladder_Cancer||Stroke,CXXC1,concordant,0.9866666666666668,9.866666666666667,75,0.3664348294312142,0.9571150097465888,16,bladder|blood,0.6639000000000002,0.7075,0.5294,0.023
Bladder_Cancer||Stroke,RBPJ,concordant,0.76,7.600000000000001,75,0.0051945312858895,0.9366471734892788,134,bladder|blood,0.6639000000000002,0.7075,0.8768,0.054
Bladder_Cancer||Stroke,FOXS1,concordant,0.6133333333333333,6.133333333333335,75,0.8567696697661086,0.95224171539961,3,bladder|blood,0.6639000000000002,0.7075,0.791,0.023
Bladder_Cancer||Stroke,ZFHX3,concordant,0.6133333333333333,6.133333333333335,75,0.4755275710607978,0.9113060428849904,11,bladder|blood,0.6639000000000002,0.7075,0.5526,0.018
Bladder_Cancer||Stroke,ASH1L,concordant,0.6,6.000000000000001,75,0.5823139164191092,0.9249512670565302,4,bladder|blood,0.6639000000000002,0.7075,0.7352,0.032
Bladder_Cancer||Stroke,HOXB7,concordant,0.6,6.000000000000001,75,0.2615377175885635,0.9200779727095516,17,bladder|blood,0.6639000000000002,0.7075,0.6426,0.036
Bladder_Cancer||Stroke,KAT5,concordant,0.6,6.000000000000001,75,0.2244698771033739,0.9385964912280702,53,bladder|blood,0.6639000000000002,0.7075,0.6112,0.036
Bladder_Cancer||Stroke,BCOR,concordant,0.5866666666666667,5.866666666666668,75,0.4122778744853717,0.9385964912280702,6,bladder|blood,0.6639000000000002,0.7075,0.6232,0.005
Bladder_Cancer||Stroke,TFDP3,concordant,0.5733333333333334,5.733333333333335,75,0.5529593674529826,0.928849902534113,6,bladder|blood,0.6639000000000002,0.7075,0.6136,0.014
Bladder_Cancer||Stroke,HR,concordant,0.5733333333333334,5.733333333333335,75,0.1783396521684179,0.925925925925926,84,bladder|blood,0.6639000000000002,0.7075,0.7352,0.027
Bladder_Cancer||Stroke,KLF5,discordant,0.5733333333333334,5.733333333333335,75,-0.0082437929066312,0.905458089668616,71,bladder|blood,0.6639000000000002,0.7075,0.8386,0.023
Bladder_Cancer||Stroke,NKX2-1,concordant,0.56,5.600000000000001,75,0.2378603256078048,0.9317738791423,51,bladder|blood,0.6639000000000002,0.7075,0.6028,0.023
Breast_Cancer||COVID-19,TFAP2E,concordant,0.7564102564102564,7.564102564102566,156,0.8560369658485029,0.9504950495049505,3,blood|breast,0.6844999999999999,0.6033333333333334,0.547,0.023
Breast_Cancer||COVID-19,TP53,concordant,0.717948717948718,7.1794871794871815,156,0.2201441064807474,0.952018278750952,824,blood|breast,0.6844999999999999,0.6033333333333334,0.6512,0.063
Breast_Cancer||COVID-19,PHF20,concordant,0.6538461538461539,6.53846153846154,156,0.2915285739146118,0.9390708301599392,9,blood|breast,0.6844999999999999,0.6033333333333334,0.7132,0.036
Breast_Cancer||COVID-19,TEAD4,concordant,0.5641025641025641,5.641025641025642,156,0.4969797298707282,0.913937547600914,11,blood|breast,0.6844999999999999,0.6033333333333334,0.5832,0.027
Breast_Cancer||COVID-19,MLXIP,concordant,0.5384615384615384,5.384615384615386,156,0.4961797065821184,0.9070830159939072,5,blood|breast,0.6844999999999999,0.6033333333333334,0.734,0.014
Breast_Cancer||COVID-19,HOXA10,concordant,0.5,5.000000000000001,156,0.1720091945153941,0.8918507235338918,44,blood|breast,0.6844999999999999,0.6033333333333334,0.5678,0.018
Breast_Cancer||COVID-19,SSRP1,concordant,0.5,5.000000000000001,156,0.1037063809062457,0.8948971820258949,123,blood|breast,0.6844999999999999,0.6033333333333334,0.831,0.027
Breast_Cancer||COVID-19,PHF5A,concordant,0.5,5.000000000000001,156,0.0636800627573313,0.8827113480578828,5,blood|breast,0.6844999999999999,0.6033333333333334,0.8564,0.018
Breast_Cancer||COVID-19,CHD4,concordant,0.4743589743589743,4.7435897435897445,156,0.7666512525361568,0.8636709824828637,3,blood|breast,0.6844999999999999,0.6033333333333334,0.5708,0.009
Breast_Cancer||COVID-19,TET1,concordant,0.4743589743589743,4.7435897435897445,156,0.2748134028041681,0.8804265041888805,10,blood|breast,0.6844999999999999,0.6033333333333334,0.7456,0.041
Breast_Cancer||COVID-19,ETV1,concordant,0.4743589743589743,4.7435897435897445,156,0.0842190431565698,0.8842345773038842,20,blood|breast,0.6844999999999999,0.6033333333333334,0.7764,0.027
Breast_Cancer||COVID-19,NFIX,concordant,0.4487179487179487,4.487179487179488,156,0.1917324913365853,0.8796648895658796,22,blood|breast,0.6844999999999999,0.6033333333333334,0.8272,0.005
Breast_Cancer||Fibromyalgia,FOXP2,concordant,0.6602564102564102,6.602564102564104,156,0.6731490993102478,0.9383092155369384,11,blood|breast,0.67695,0.6179166666666667,0.6548,0.014
Breast_Cancer||Fibromyalgia,MED1,concordant,0.6025641025641025,6.025641025641026,156,0.3549978576157589,0.9261233815689262,14,blood|breast,0.67695,0.6179166666666667,0.686,0.009
Breast_Cancer||Fibromyalgia,E2F8,concordant,0.5576923076923077,5.576923076923078,156,0.5007533979446388,0.9146991622239148,3,blood|breast,0.67695,0.6179166666666667,0.723,0.036
Breast_Cancer||Fibromyalgia,LDB1,concordant,0.5064102564102564,5.064102564102565,156,0.7527872506767698,0.904036557501904,3,blood|breast,0.67695,0.6179166666666667,0.5308,0.009
Breast_Cancer||Fibromyalgia,SKI,concordant,0.5064102564102564,5.064102564102565,156,0.4625585517905015,0.907844630616908,4,blood|breast,0.67695,0.6179166666666667,0.6926,0.023
Breast_Cancer||Fibromyalgia,KDM2B,concordant,0.4358974358974359,4.35897435897436,156,0.2312671603428872,0.837014470677837,3,blood|breast,0.67695,0.6179166666666667,0.625,0.036
Breast_Cancer||Fibromyalgia,NONO,concordant,0.4038461538461538,4.038461538461539,156,0.1790377068426056,0.8613861386138614,15,blood|breast,0.67695,0.6179166666666667,0.6854,0.009
Breast_Cancer||Fibromyalgia,KLF7,concordant,0.3846153846153846,3.846153846153847,156,0.2372349248418053,0.8217821782178217,8,blood|breast,0.67695,0.6179166666666667,0.5854,0.05
Breast_Cancer||Fibromyalgia,YBX3,discordant,0.3782051282051282,3.782051282051283,156,-0.0087627753837523,0.408987052551409,22,blood|breast,0.67695,0.6179166666666667,0.6032,0.018
Breast_Cancer||Fibromyalgia,SOX7,concordant,0.3717948717948718,3.717948717948719,156,0.2264838554832404,0.8187357197258187,6,blood|breast,0.67695,0.6179166666666667,0.616,0.018
Breast_Cancer||Fibromyalgia,NAB2,concordant,0.358974358974359,3.5897435897435908,156,0.4624097042071292,0.8225437928408226,7,blood|breast,0.67695,0.6179166666666667,0.6606,0.014
Breast_Cancer||Fibromyalgia,NR2C1,concordant,0.358974358974359,3.5897435897435908,156,0.1753160151830021,0.8309215536938309,15,blood|breast,0.67695,0.6179166666666667,0.7956,0.009
Breast_Cancer||Irritable_bowel_syndrome_(IBS),PPARG,concordant,0.8012820512820513,8.012820512820515,156,0.00402469835522,0.9642416769420468,319,breast|colorectal,0.7530500000000001,0.5345833333333334,,0.036
Breast_Cancer||Irritable_bowel_syndrome_(IBS),ST18,concordant,0.6538461538461539,6.53846153846154,156,0.8639041102520801,0.940813810110974,2,breast|colorectal,0.7530500000000001,0.5345833333333334,,0.023
Breast_Cancer||Irritable_bowel_syndrome_(IBS),AKNA,concordant,0.6153846153846154,6.153846153846156,156,0.9731092180024978,0.9223181257706536,2,breast|colorectal,0.7530500000000001,0.5345833333333334,,0.032
Breast_Cancer||Irritable_bowel_syndrome_(IBS),ETS2,concordant,0.5833333333333334,5.833333333333335,156,0.027234105262743,0.933415536374846,100,breast|colorectal,0.7530500000000001,0.5345833333333334,,0.009
Breast_Cancer||Irritable_bowel_syndrome_(IBS),TCF15,concordant,0.5641025641025641,5.641025641025642,156,0.0267018549187791,0.9235511713933416,6,breast|colorectal,0.7530500000000001,0.5345833333333334,,0.014
Breast_Cancer||Irritable_bowel_syndrome_(IBS),MUC1,concordant,0.5384615384615384,5.384615384615386,156,0.5719113387302642,0.9112207151664612,3,breast|colorectal,0.7530500000000001,0.5345833333333334,,0.027
Breast_Cancer||Irritable_bowel_syndrome_(IBS),MECOM,discordant,0.5384615384615384,5.384615384615386,156,-0.0233809432847359,0.9519112207151664,18,breast|colorectal,0.7530500000000001,0.5345833333333334,,0.041
Breast_Cancer||Irritable_bowel_syndrome_(IBS),BCL11B,concordant,0.532051282051282,5.320512820512822,156,0.0294199249617578,0.906288532675709,23,breast|colorectal,0.7530500000000001,0.5345833333333334,,0.041
Breast_Cancer||Irritable_bowel_syndrome_(IBS),HR,concordant,0.532051282051282,5.320512820512822,156,0.0289822434572538,0.906288532675709,84,breast|colorectal,0.7530500000000001,0.5345833333333334,,0.027
Breast_Cancer||Irritable_bowel_syndrome_(IBS),HOXB2,discordant,0.532051282051282,5.320512820512822,156,-0.1772266654042374,0.9149198520345252,8,breast|colorectal,0.7530500000000001,0.5345833333333334,,0.014
Breast_Cancer||Irritable_bowel_syndrome_(IBS),TFDP2,concordant,0.5256410256410257,5.256410256410258,156,0.1912882251297291,0.9149198520345252,5,breast|colorectal,0.7530500000000001,0.5345833333333334,,0.027
Breast_Cancer||Irritable_bowel_syndrome_(IBS),HOXA11,concordant,0.5192307692307693,5.192307692307694,156,0.3829597805457776,0.9247842170160296,4,breast|colorectal,0.7530500000000001,0.5345833333333334,,0.063
Breast_Cancer||Parkinsons_Disease,HOXA5,concordant,0.5612535612535613,5.612535612535615,351,0.3758572537811632,0.9116527037319117,15,blood|breast,0.7303999999999999,0.4245833333333333,0.8082,0.032
Breast_Cancer||Parkinsons_Disease,MECOM,concordant,0.5612535612535613,5.612535612535615,351,0.2214148309532909,0.9185072353389184,18,blood|breast,0.7303999999999999,0.4245833333333333,0.7912,0.041
Breast_Cancer||Parkinsons_Disease,IKZF3,concordant,0.5213675213675214,5.213675213675216,351,0.3421267438466756,0.9063214013709064,6,blood|breast,0.7303999999999999,0.4245833333333333,0.7398,0.018
Breast_Cancer||Parkinsons_Disease,GLI2,discordant,0.49002849002849,4.900284900284901,351,-0.0741966825274327,0.8971820258948972,124,blood|breast,0.7303999999999999,0.4245833333333333,0.8494,0.014
Breast_Cancer||Parkinsons_Disease,NRG1,concordant,0.4843304843304843,4.8433048433048445,351,0.1008682387563897,0.8842345773038842,31,blood|breast,0.7303999999999999,0.4245833333333333,0.7004,0.027
Breast_Cancer||Parkinsons_Disease,ZEB1,discordant,0.4729344729344729,4.729344729344731,351,-0.2163462687985284,0.8385376999238385,54,blood|breast,0.7303999999999999,0.4245833333333333,0.8716,0.014
Breast_Cancer||Parkinsons_Disease,PROX1,concordant,0.4643874643874643,4.6438746438746445,351,0.1167259673451263,0.8895658796648895,33,blood|breast,0.7303999999999999,0.4245833333333333,0.8302,0.005
Breast_Cancer||Parkinsons_Disease,NR3C1,discordant,0.4586894586894587,4.586894586894588,351,-0.1018048991520206,0.7273419649657273,252,blood|breast,0.7303999999999999,0.4245833333333333,0.859,0.018
Breast_Cancer||Parkinsons_Disease,TGFB1I1,discordant,0.4558404558404558,4.558404558404559,351,-0.0753370537152765,0.8629093678598629,12,blood|breast,0.7303999999999999,0.4245833333333333,0.8506,0.014
Breast_Cancer||Parkinsons_Disease,FOXP3,discordant,0.4501424501424501,4.501424501424502,351,-0.3115609694720133,0.8758568164508759,49,blood|breast,0.7303999999999999,0.4245833333333333,0.8328,0.018
Breast_Cancer||Parkinsons_Disease,PITX2,concordant,0.4415954415954416,4.415954415954417,351,0.0706451461796485,0.8773800456968773,103,blood|breast,0.7303999999999999,0.4245833333333333,0.711,0.032
Breast_Cancer||Parkinsons_Disease,EGR1,concordant,0.433048433048433,4.330484330484332,351,0.0447660785685589,0.8819497334348819,323,blood|breast,0.7303999999999999,0.4245833333333333,0.8378,0.032
Breast_Cancer||Psoriasis,SALL4,concordant,0.3717948717948718,3.717948717948719,312,0.1226333749752905,0.8337182448036952,16,breast|skin,0.5623,0.26625,,0.018
Breast_Cancer||Psoriasis,TCF4,discordant,0.358974358974359,3.5897435897435908,312,-0.0665788669464057,0.6027713625866051,53,breast|skin,0.5623,0.26625,,0.018
Breast_Cancer||Psoriasis,CTCFL,concordant,0.3461538461538461,3.461538461538462,312,0.4713905738240909,0.8290993071593533,7,breast|skin,0.5623,0.26625,,0.027
Breast_Cancer||Psoriasis,ETS1,discordant,0.3429487179487179,3.42948717948718,312,-0.0955523146432092,0.8521939953810623,210,breast|skin,0.5623,0.26625,,0.018
Breast_Cancer||Psoriasis,ONECUT2,concordant,0.3173076923076923,3.173076923076924,312,0.322487916632684,0.7413394919168591,4,breast|skin,0.5623,0.26625,,0.014
Breast_Cancer||Psoriasis,GATA3,concordant,0.3108974358974359,3.10897435897436,312,0.1944750021193043,0.8036951501154734,165,breast|skin,0.5623,0.26625,,0.036
Breast_Cancer||Psoriasis,HLX,concordant,0.3108974358974359,3.10897435897436,312,0.0678073429362558,0.7344110854503464,14,breast|skin,0.5623,0.26625,,0.018
Breast_Cancer||Psoriasis,KLF15,concordant,0.3076923076923077,3.076923076923078,312,0.1910162471305727,0.8175519630484989,22,breast|skin,0.5623,0.26625,,0.023
Breast_Cancer||Psoriasis,TCF12,concordant,0.3012820512820512,3.012820512820513,312,0.2066874644364153,0.7551963048498845,45,breast|skin,0.5623,0.26625,,0.018
Breast_Cancer||Psoriasis,MSC,concordant,0.3012820512820512,3.012820512820513,312,0.1830257440565129,0.8106235565819861,27,breast|skin,0.5623,0.26625,,0.032
Breast_Cancer||Psoriasis,MEF2C,discordant,0.3012820512820512,3.012820512820513,312,-0.073006952177422,0.7713625866050808,68,breast|skin,0.5623,0.26625,,0.005
Breast_Cancer||Psoriasis,RORC,concordant,0.2980769230769231,2.9807692307692317,312,0.5059836933587185,0.8036951501154734,20,breast|skin,0.5623,0.26625,,0.018
Breast_Cancer||Sjögrens_Syndrome,NR5A2,concordant,0.4468864468864469,4.46886446886447,273,0.0613818828086857,0.8865194211728865,54,blood|breast,0.6081,0.37,0.7216,0.041
Breast_Cancer||Sjögrens_Syndrome,SIX4,concordant,0.4395604395604395,4.395604395604397,273,0.3474400358177856,0.8750952018278751,6,blood|breast,0.6081,0.37,0.5264,0.018
Breast_Cancer||Sjögrens_Syndrome,FOXP4,concordant,0.3956043956043956,3.9560439560439566,273,0.7148402086555047,0.8773800456968773,3,blood|breast,0.6081,0.37,0.5046,0.032
Breast_Cancer||Sjögrens_Syndrome,BHLHE40,concordant,0.3882783882783883,3.882783882783884,273,0.2765346525697363,0.8591012947448591,39,blood|breast,0.6081,0.37,0.7646,0.014
Breast_Cancer||Sjögrens_Syndrome,RBPJ,concordant,0.3846153846153846,3.846153846153847,273,0.0894449285169472,0.7052551408987052,134,blood|breast,0.6081,0.37,0.8724,0.054
Breast_Cancer||Sjögrens_Syndrome,NANOG,concordant,0.3772893772893773,3.7728937728937737,273,0.1550733669906186,0.7981721249047982,44,blood|breast,0.6081,0.37,0.5602,0.009
Breast_Cancer||Sjögrens_Syndrome,THRA,concordant,0.3772893772893773,3.7728937728937737,273,0.1281682400584217,0.8286367098248286,69,blood|breast,0.6081,0.37,0.6924,0.023
Breast_Cancer||Sjögrens_Syndrome,RARG,concordant,0.3736263736263736,3.736263736263737,273,0.3755711970279194,0.8332063975628332,28,blood|breast,0.6081,0.37,0.6322,0.036
Breast_Cancer||Sjögrens_Syndrome,CNOT7,concordant,0.36996336996337,3.6996336996337007,273,0.1728012720868432,0.6999238385376999,4,blood|breast,0.6081,0.37,0.6284,0.014
Breast_Cancer||Sjögrens_Syndrome,ZNF165,discordant,0.3663003663003663,3.663003663003664,273,-0.104141889333416,0.7966488956587966,3,blood|breast,0.6081,0.37,0.7268,0.018
Breast_Cancer||Sjögrens_Syndrome,KDM5D,concordant,0.3626373626373626,3.6263736263736273,273,0.5514669649659164,0.8408225437928408,6,blood|breast,0.6081,0.37,0.4614,0.009
Breast_Cancer||Sjögrens_Syndrome,EGR4,concordant,0.3553113553113553,3.5531135531135543,273,0.2078111932497676,0.8225437928408226,12,blood|breast,0.6081,0.37,0.5068,0.018
Breast_Cancer||Stroke,ASH1L,concordant,0.6068376068376068,6.068376068376069,117,0.5982970280314344,0.9596344249809596,4,blood|breast,0.73065,0.3308333333333333,0.7352,0.032
Breast_Cancer||Stroke,ZFP64,concordant,0.5641025641025641,5.641025641025642,117,0.432621179184161,0.9253617669459252,4,blood|breast,0.73065,0.3308333333333333,0.7544,0.018
Breast_Cancer||Stroke,ISL1,concordant,0.5384615384615384,5.384615384615386,117,0.4158370935752048,0.923838537699924,30,blood|breast,0.73065,0.3308333333333333,0.5882,0.054
Breast_Cancer||Stroke,UTF1,concordant,0.4871794871794871,4.871794871794873,117,0.5097815333997276,0.8994668697638994,4,blood|breast,0.73065,0.3308333333333333,0.4924,0.014
Breast_Cancer||Stroke,EN1,concordant,0.4786324786324786,4.786324786324788,117,0.4163810964972945,0.8903274942878904,9,blood|breast,0.73065,0.3308333333333333,0.4936,0.009
Breast_Cancer||Stroke,NCOA4,concordant,0.4786324786324786,4.786324786324788,117,0.4109563139952048,0.8910891089108911,3,blood|breast,0.73065,0.3308333333333333,0.7026,0.027
Breast_Cancer||Stroke,SALL4,discordant,0.4786324786324786,4.786324786324788,117,-0.006360584697208,0.8926123381568926,16,blood|breast,0.73065,0.3308333333333333,0.7522,0.018
Breast_Cancer||Stroke,ID4,concordant,0.4700854700854701,4.700854700854702,117,0.3235607844167565,0.8880426504188881,11,blood|breast,0.73065,0.3308333333333333,0.6938,0.027
Breast_Cancer||Stroke,ZNF281,concordant,0.4615384615384615,4.615384615384617,117,0.7675275770263853,0.8804265041888805,3,blood|breast,0.73065,0.3308333333333333,0.7054,0.036
Breast_Cancer||Stroke,SIM2,concordant,0.452991452991453,4.529914529914531,117,0.3329364942454705,0.7867479055597868,10,blood|breast,0.73065,0.3308333333333333,0.672,0.032
Breast_Cancer||Stroke,TCFL5,concordant,0.4444444444444444,4.4444444444444455,117,0.7487727049855258,0.8804265041888805,3,blood|breast,0.73065,0.3308333333333333,0.596,0.041
Breast_Cancer||Stroke,LHX3,concordant,0.4444444444444444,4.4444444444444455,117,0.3653000778402017,0.872048743335872,8,blood|breast,0.73065,0.3308333333333333,0.5306,0.023
COVID-19||Cardiovascular_Disease,BCL11B,concordant,0.75,7.500000000000002,32,0.7556805415157533,0.978909090909091,23,blood|blood,0.6359999999999999,0.7041666666666666,0.8204,0.041
COVID-19||Cardiovascular_Disease,KLF8,concordant,0.75,7.500000000000002,32,0.5235410056179435,0.9134545454545454,20,blood|blood,0.6359999999999999,0.7041666666666666,0.6848,0.009
COVID-19||Cardiovascular_Disease,KCNIP3,concordant,0.6875,6.875000000000002,32,0.6762914979282998,0.9614545454545456,11,blood|blood,0.6359999999999999,0.7041666666666666,0.424,0.023
COVID-19||Cardiovascular_Disease,LMO2,concordant,0.625,6.250000000000002,32,0.7780411326615783,0.9563636363636364,27,blood|blood,0.6359999999999999,0.7041666666666666,0.8404,0.018
COVID-19||Cardiovascular_Disease,RUNX3,concordant,0.625,6.250000000000002,32,0.6451350977262318,0.9229090909090908,67,blood|blood,0.6359999999999999,0.7041666666666666,0.882,0.005
COVID-19||Cardiovascular_Disease,NFYC,concordant,0.625,6.250000000000002,32,0.6291039173202904,0.9454545454545454,20,blood|blood,0.6359999999999999,0.7041666666666666,0.7608,0.014
COVID-19||Cardiovascular_Disease,GATA3,concordant,0.625,6.250000000000002,32,0.552789694239719,0.9243636363636364,165,blood|blood,0.6359999999999999,0.7041666666666666,0.873,0.036
COVID-19||Cardiovascular_Disease,MYB,concordant,0.625,6.250000000000002,32,0.4001889636827879,0.9272727272727272,162,blood|blood,0.6359999999999999,0.7041666666666666,0.7248,0.032
COVID-19||Cardiovascular_Disease,ZNF571,concordant,0.5625,5.625000000000001,32,0.9430444644790292,0.9083636363636364,2,blood|blood,0.6359999999999999,0.7041666666666666,0.5082,0.014
COVID-19||Cardiovascular_Disease,ABL1,concordant,0.5625,5.625000000000001,32,0.5889354349041231,0.9032727272727272,10,blood|blood,0.6359999999999999,0.7041666666666666,0.723,0.009
COVID-19||Cardiovascular_Disease,HBP1,concordant,0.5625,5.625000000000001,32,0.4265681844837307,0.9105454545454544,43,blood|blood,0.6359999999999999,0.7041666666666666,0.7226,0.032
COVID-19||Cardiovascular_Disease,DNMT3A,concordant,0.5625,5.625000000000001,32,0.3691496191414052,0.9156363636363636,50,blood|blood,0.6359999999999999,0.7041666666666666,0.7414,0.005
COVID-19||Endometrioid_Cancer,POU3F1,concordant,0.5833333333333334,5.833333333333335,48,0.3493510573640301,0.9523809523809524,19,blood|uterus_endometrium,0.55605,0.3591666666666666,0.5908,0.023
COVID-19||Endometrioid_Cancer,JARID2,concordant,0.5,5.000000000000001,48,0.3178246193412352,0.8465608465608465,12,blood|uterus_endometrium,0.55605,0.3591666666666666,0.678,0.036
COVID-19||Endometrioid_Cancer,EP300,concordant,0.5,5.000000000000001,48,0.2288699013514961,0.8849206349206349,65,blood|uterus_endometrium,0.55605,0.3591666666666666,0.8368,0.018
COVID-19||Endometrioid_Cancer,LMX1B,concordant,0.5,5.000000000000001,48,0.2082412610022513,0.8915343915343915,21,blood|uterus_endometrium,0.55605,0.3591666666666666,0.4996,0.009
COVID-19||Endometrioid_Cancer,NR2C2,concordant,0.5,5.000000000000001,48,0.0072573728279249,0.4947089947089947,50,blood|uterus_endometrium,0.55605,0.3591666666666666,0.6518,0.032
COVID-19||Endometrioid_Cancer,MXD1,concordant,0.5,5.000000000000001,48,0.0053371663928392,0.5925925925925926,22,blood|uterus_endometrium,0.55605,0.3591666666666666,0.8084,0.014
COVID-19||Endometrioid_Cancer,HOPX,concordant,0.4583333333333333,4.583333333333334,48,0.622706174425245,0.8809523809523809,6,blood|uterus_endometrium,0.55605,0.3591666666666666,0.5688,0.018
COVID-19||Endometrioid_Cancer,SMARCE1,concordant,0.4583333333333333,4.583333333333334,48,0.5053040268721218,0.8783068783068783,3,blood|uterus_endometrium,0.55605,0.3591666666666666,0.576,0.023
COVID-19||Endometrioid_Cancer,CTCFL,concordant,0.4583333333333333,4.583333333333334,48,0.3472068966134102,0.8412698412698413,7,blood|uterus_endometrium,0.55605,0.3591666666666666,0.617,0.027
COVID-19||Endometrioid_Cancer,NFIL3,concordant,0.4583333333333333,4.583333333333334,48,0.2939783211710501,0.8928571428571429,30,blood|uterus_endometrium,0.55605,0.3591666666666666,0.8586,0.032
COVID-19||Endometrioid_Cancer,ZNF148,concordant,0.4583333333333333,4.583333333333334,48,0.2205169858577055,0.8809523809523809,26,blood|uterus_endometrium,0.55605,0.3591666666666666,0.7362,0.018
COVID-19||Endometrioid_Cancer,CREBBP,concordant,0.4583333333333333,4.583333333333334,48,0.1907732394272195,0.8042328042328042,30,blood|uterus_endometrium,0.55605,0.3591666666666666,0.8184,0.018
COVID-19||Fibromyalgia,ALX3,concordant,1.0,10.000000000000002,16,0.9820357545066122,0.9323636363636364,2,blood|blood,0.7724500000000001,0.6766666666666665,0.5064,0.009
COVID-19||Fibromyalgia,ZFP64,concordant,1.0,10.000000000000002,16,0.9744753471168242,0.9803636363636364,4,blood|blood,0.7724500000000001,0.6766666666666665,0.7072,0.018
COVID-19||Fibromyalgia,PIAS2,concordant,1.0,10.000000000000002,16,0.952959168005208,0.9854545454545456,4,blood|blood,0.7724500000000001,0.6766666666666665,0.6838,0.014
COVID-19||Fibromyalgia,GBX2,concordant,1.0,10.000000000000002,16,0.8884174386227023,0.9774545454545456,6,blood|blood,0.7724500000000001,0.6766666666666665,0.5724,0.023
COVID-19||Fibromyalgia,SMAD9,concordant,1.0,10.000000000000002,16,0.8792068485695195,0.9432727272727272,6,blood|blood,0.7724500000000001,0.6766666666666665,0.663,0.005
COVID-19||Fibromyalgia,HOXA13,concordant,1.0,10.000000000000002,16,0.856234993116191,0.992,14,blood|blood,0.7724500000000001,0.6766666666666665,0.812,0.05
COVID-19||Fibromyalgia,PBRM1,concordant,1.0,10.000000000000002,16,0.8384790752192759,0.978909090909091,9,blood|blood,0.7724500000000001,0.6766666666666665,0.7314,0.014
COVID-19||Fibromyalgia,ZNF382,concordant,1.0,10.000000000000002,16,0.8337893654276516,0.9803636363636364,11,blood|blood,0.7724500000000001,0.6766666666666665,0.7346,0.009
COVID-19||Fibromyalgia,DMTF1,concordant,1.0,10.000000000000002,16,0.8172872921404235,0.9905454545454544,15,blood|blood,0.7724500000000001,0.6766666666666665,0.6152,0.036
COVID-19||Fibromyalgia,AIP,concordant,1.0,10.000000000000002,16,0.8160679563496933,0.9818181818181818,6,blood|blood,0.7724500000000001,0.6766666666666665,0.4618,0.018
COVID-19||Fibromyalgia,PATZ1,concordant,1.0,10.000000000000002,16,0.8097818633116478,0.9796363636363636,9,blood|blood,0.7724500000000001,0.6766666666666665,0.7096,0.032
COVID-19||Fibromyalgia,ZNF331,concordant,1.0,10.000000000000002,16,0.8065069085467369,0.9505454545454546,15,blood|blood,0.7724500000000001,0.6766666666666665,0.6118,0.032
COVID-19||Glioblastoma,PITX2,concordant,0.6875,6.875000000000002,32,0.2508946432534683,0.9346666666666666,103,blood|brain,0.5714,0.4616666666666667,0.657,0.032
COVID-19||Glioblastoma,HES4,concordant,0.625,6.250000000000002,32,0.9801107941447916,0.93,2,blood|brain,0.5714,0.4616666666666667,0.4748,0.018
COVID-19||Glioblastoma,CBFB,concordant,0.625,6.250000000000002,32,0.8751160490151041,0.917,3,blood|brain,0.5714,0.4616666666666667,0.5422,0.009
COVID-19||Glioblastoma,MTA1,concordant,0.625,6.250000000000002,32,0.332590506692265,0.9716666666666668,50,blood|brain,0.5714,0.4616666666666667,0.8228,0.018
COVID-19||Glioblastoma,YY1,concordant,0.625,6.250000000000002,32,0.1627639347195604,0.9103333333333332,224,blood|brain,0.5714,0.4616666666666667,0.782,0.018
COVID-19||Glioblastoma,HOPX,concordant,0.5,5.000000000000001,32,0.6432221104745668,0.9013333333333332,6,blood|brain,0.5714,0.4616666666666667,0.5688,0.018
COVID-19||Glioblastoma,NR4A1,concordant,0.5,5.000000000000001,32,0.2525427017707934,0.909,96,blood|brain,0.5714,0.4616666666666667,0.7282,0.005
COVID-19||Glioblastoma,PER2,concordant,0.4375,4.375000000000001,32,0.7822271198598261,0.8756666666666667,3,blood|brain,0.5714,0.4616666666666667,0.4942,0.027
COVID-19||Glioblastoma,FOXL1,concordant,0.4375,4.375000000000001,32,0.572830306594581,0.5966666666666667,2,blood|brain,0.5714,0.4616666666666667,0.7576,0.009
COVID-19||Glioblastoma,KLF5,concordant,0.4375,4.375000000000001,32,0.2479204053490303,0.8586666666666667,71,blood|brain,0.5714,0.4616666666666667,0.8188,0.023
COVID-19||Glioblastoma,NPM1,concordant,0.4375,4.375000000000001,32,0.2400570350238892,0.778,10,blood|brain,0.5714,0.4616666666666667,0.5946,0.014
COVID-19||Glioblastoma,SMARCA1,concordant,0.4375,4.375000000000001,32,0.2068982161196993,0.8496666666666667,49,blood|brain,0.5714,0.4616666666666667,0.6656,0.018
COVID-19||Head_and_Neck_Cancer,STAT2,concordant,0.782608695652174,7.826086956521741,184,0.4179822757765675,0.943896103896104,42,blood|head_neck,0.7658000000000001,0.72875,0.895,0.023
COVID-19||Head_and_Neck_Cancer,CREB3,concordant,0.7608695652173914,7.608695652173915,184,0.5162976972990208,0.961038961038961,11,blood|head_neck,0.7658000000000001,0.72875,0.5766,0.036
COVID-19||Head_and_Neck_Cancer,RELA,concordant,0.7608695652173914,7.608695652173915,184,0.1411970755076401,0.9584415584415584,838,blood|head_neck,0.7658000000000001,0.72875,0.7424,0.018
COVID-19||Head_and_Neck_Cancer,PML,concordant,0.7391304347826086,7.391304347826088,184,0.2958735885944051,0.931948051948052,17,blood|head_neck,0.7658000000000001,0.72875,0.6784,0.036
COVID-19||Head_and_Neck_Cancer,TCFL5,concordant,0.7282608695652174,7.282608695652176,184,0.8577931554353004,0.9527272727272728,3,blood|head_neck,0.7658000000000001,0.72875,0.6294,0.041
COVID-19||Head_and_Neck_Cancer,RARG,concordant,0.6304347826086957,6.304347826086958,184,0.4582324793053353,0.9324675324675324,28,blood|head_neck,0.7658000000000001,0.72875,0.6462,0.036
COVID-19||Head_and_Neck_Cancer,PEG3,concordant,0.6195652173913043,6.195652173913045,184,0.5293218817853731,0.9215584415584416,8,blood|head_neck,0.7658000000000001,0.72875,0.6068,0.032
COVID-19||Head_and_Neck_Cancer,ZBTB7A,concordant,0.6195652173913043,6.195652173913045,184,0.3048740296940195,0.948051948051948,36,blood|head_neck,0.7658000000000001,0.72875,0.6972,0.023
COVID-19||Head_and_Neck_Cancer,HEY1,concordant,0.5869565217391305,5.869565217391306,184,0.1427966538532989,0.9231168831168832,28,blood|head_neck,0.7658000000000001,0.72875,0.8414,0.027
COVID-19||Head_and_Neck_Cancer,POU2F3,concordant,0.5652173913043478,5.652173913043479,184,0.408896362750707,0.9236363636363636,6,blood|head_neck,0.7658000000000001,0.72875,0.5934,0.009
COVID-19||Head_and_Neck_Cancer,VENTX,concordant,0.5543478260869565,5.543478260869566,184,0.7993544254472604,0.9122077922077922,4,blood|head_neck,0.7658000000000001,0.72875,0.7064,0.009
COVID-19||Head_and_Neck_Cancer,FOXD1,concordant,0.5543478260869565,5.543478260869566,184,0.268332988473826,0.9116883116883115,5,blood|head_neck,0.7658000000000001,0.72875,0.5394,0.032
COVID-19||Irritable_bowel_syndrome_(IBS),HDAC3,concordant,1.0,10.000000000000002,16,0.351334228459253,0.9644184811471056,23,blood|colorectal,0.4465,0.4729166666666667,0.482,0.032
COVID-19||Irritable_bowel_syndrome_(IBS),SNAI1,concordant,0.875,8.750000000000002,16,0.1785154963327967,0.9256505576208178,89,blood|colorectal,0.4465,0.4729166666666667,0.8456,0.027
COVID-19||Irritable_bowel_syndrome_(IBS),PIAS4,concordant,0.75,7.500000000000002,16,0.9982899272499411,0.9681359532660648,2,blood|colorectal,0.4465,0.4729166666666667,0.6254,0.005
COVID-19||Irritable_bowel_syndrome_(IBS),HOXC9,concordant,0.75,7.500000000000002,16,0.8518993910778239,0.9474243228890068,3,blood|colorectal,0.4465,0.4729166666666667,0.8418,0.041
COVID-19||Irritable_bowel_syndrome_(IBS),MLX,concordant,0.75,7.500000000000002,16,0.6154471858245001,0.9346787041954328,5,blood|colorectal,0.4465,0.4729166666666667,0.6348,0.023
COVID-19||Irritable_bowel_syndrome_(IBS),ESRRA,concordant,0.75,7.500000000000002,16,0.2163914236745129,0.9410515135422198,41,blood|colorectal,0.4465,0.4729166666666667,0.6914,0.023
COVID-19||Irritable_bowel_syndrome_(IBS),MAFB,discordant,0.75,7.500000000000002,16,-0.0458386369059933,0.9394583112055233,36,blood|colorectal,0.4465,0.4729166666666667,0.8586,0.023
COVID-19||Irritable_bowel_syndrome_(IBS),SOX8,concordant,0.625,6.250000000000002,16,0.7444954028061656,0.92777482740308,4,blood|colorectal,0.4465,0.4729166666666667,0.7468,0.023
COVID-19||Irritable_bowel_syndrome_(IBS),NFKBIB,concordant,0.625,6.250000000000002,16,0.5520422140081513,0.9559214020180564,16,blood|colorectal,0.4465,0.4729166666666667,0.4868,0.045
COVID-19||Irritable_bowel_syndrome_(IBS),KLF7,concordant,0.625,6.250000000000002,16,0.5132280996940948,0.9235262878385556,8,blood|colorectal,0.4465,0.4729166666666667,0.5442,0.05
COVID-19||Irritable_bowel_syndrome_(IBS),BCL11A,concordant,0.625,6.250000000000002,16,0.4077527867795754,0.9368029739776952,11,blood|colorectal,0.4465,0.4729166666666667,0.8554,0.023
COVID-19||Irritable_bowel_syndrome_(IBS),MXI1,concordant,0.625,6.250000000000002,16,0.3876895103451567,0.9187466808284652,7,blood|colorectal,0.4465,0.4729166666666667,0.7212,0.014
COVID-19||Kidney_Papillary_Cell_Carcinoma,HOXD9,concordant,0.75,7.500000000000002,56,0.9886044977892248,0.9217456734386756,2,blood|kidney,0.7692,0.7166666666666666,0.5696,0.014
COVID-19||Kidney_Papillary_Cell_Carcinoma,SMARCA1,concordant,0.75,7.500000000000002,56,0.3337702626981735,0.9601203912716328,49,blood|kidney,0.7692,0.7166666666666666,0.6656,0.018
COVID-19||Kidney_Papillary_Cell_Carcinoma,CTBP2,concordant,0.6785714285714286,6.785714285714287,56,0.4889048791296716,0.944319036869827,14,blood|kidney,0.7692,0.7166666666666666,0.759,0.023
COVID-19||Kidney_Papillary_Cell_Carcinoma,TET1,concordant,0.6785714285714286,6.785714285714287,56,0.3356027360207114,0.9157261098570354,10,blood|kidney,0.7692,0.7166666666666666,0.7456,0.041
COVID-19||Kidney_Papillary_Cell_Carcinoma,ASCL2,concordant,0.6785714285714286,6.785714285714287,56,0.3126665350998618,0.9375470278404816,9,blood|kidney,0.7692,0.7166666666666666,0.6538,0.023
COVID-19||Kidney_Papillary_Cell_Carcinoma,XPC,concordant,0.6428571428571429,6.428571428571431,56,0.7613844910934873,0.9240030097817908,4,blood|kidney,0.7692,0.7166666666666666,0.4916,0.009
COVID-19||Kidney_Papillary_Cell_Carcinoma,DAXX,concordant,0.6071428571428571,6.071428571428572,56,0.6790026076800474,0.9224981188863808,5,blood|kidney,0.7692,0.7166666666666666,0.6108,0.014
COVID-19||Kidney_Papillary_Cell_Carcinoma,TGIF1,concordant,0.6071428571428571,6.071428571428572,56,0.6118793340960463,0.9428141459744168,9,blood|kidney,0.7692,0.7166666666666666,0.6132,0.036
COVID-19||Kidney_Papillary_Cell_Carcinoma,DMTF1,concordant,0.5357142857142857,5.3571428571428585,56,0.3306873792726467,0.90744920993228,15,blood|kidney,0.7692,0.7166666666666666,0.6306,0.036
COVID-19||Kidney_Papillary_Cell_Carcinoma,MECP2,concordant,0.5357142857142857,5.3571428571428585,56,0.2564219060187369,0.9051918735891648,33,blood|kidney,0.7692,0.7166666666666666,0.6232,0.027
COVID-19||Kidney_Papillary_Cell_Carcinoma,HOXA11,concordant,0.5,5.000000000000001,56,0.7233515749493863,0.90744920993228,4,blood|kidney,0.7692,0.7166666666666666,0.7922,0.063
COVID-19||Kidney_Papillary_Cell_Carcinoma,MYRF,concordant,0.5,5.000000000000001,56,0.5375637361500145,0.8999247554552295,9,blood|kidney,0.7692,0.7166666666666666,0.5838,0.014
COVID-19||Liver_Cancer,TFAP2E,concordant,0.8,8.000000000000002,40,0.8028912869131928,0.9724310776942356,3,blood|liver,0.7264,0.5670833333333334,0.547,0.023
COVID-19||Liver_Cancer,NFIA,concordant,0.8,8.000000000000002,40,0.3015994501136085,0.9573934837092732,48,blood|liver,0.7264,0.5670833333333334,0.602,0.041
COVID-19||Liver_Cancer,KLF7,concordant,0.75,7.500000000000002,40,0.6131310737035923,0.9348370927318296,8,blood|liver,0.7264,0.5670833333333334,0.5442,0.05
COVID-19||Liver_Cancer,IKZF2,concordant,0.75,7.500000000000002,40,0.4559682302590776,0.9197994987468672,5,blood|liver,0.7264,0.5670833333333334,0.614,0.032
COVID-19||Liver_Cancer,PHF20,concordant,0.75,7.500000000000002,40,0.3876496325813984,0.9548872180451128,9,blood|liver,0.7264,0.5670833333333334,0.7132,0.036
COVID-19||Liver_Cancer,TP53,concordant,0.7,7.000000000000001,40,0.1202979689121162,0.9423558897243108,824,blood|liver,0.7264,0.5670833333333334,0.6512,0.063
COVID-19||Liver_Cancer,KCNIP3,concordant,0.65,6.500000000000002,40,0.6047742996131348,0.9448621553884712,11,blood|liver,0.7264,0.5670833333333334,0.4464,0.023
COVID-19||Liver_Cancer,DOT1L,concordant,0.6,6.000000000000001,40,0.5300321637432082,0.9323308270676692,6,blood|liver,0.7264,0.5670833333333334,0.605,0.014
COVID-19||Liver_Cancer,TSHZ3,concordant,0.6,6.000000000000001,40,0.3430133273007121,0.9172932330827068,4,blood|liver,0.7264,0.5670833333333334,0.8156,0.014
COVID-19||Liver_Cancer,FOSL1,concordant,0.6,6.000000000000001,40,0.273116650070982,0.9423558897243108,48,blood|liver,0.7264,0.5670833333333334,0.7982,0.05
COVID-19||Liver_Cancer,ZNF8,concordant,0.55,5.500000000000002,40,0.8021748492004477,0.912280701754386,2,blood|liver,0.7264,0.5670833333333334,0.5252,0.009
COVID-19||Liver_Cancer,ZMYND8,concordant,0.55,5.500000000000002,40,0.5983680844709373,0.9097744360902256,8,blood|liver,0.7264,0.5670833333333334,0.6352,0.027
COVID-19||Lower_Grade_Glioma,RARG,concordant,0.532258064516129,5.322580645161291,124,0.3303448931539536,0.907,28,blood|brain,0.726,0.6133333333333334,0.6462,0.036
COVID-19||Lower_Grade_Glioma,MTA1,concordant,0.5161290322580645,5.161290322580646,124,0.2330101480628154,0.9033333333333332,50,blood|brain,0.726,0.6133333333333334,0.8228,0.018
COVID-19||Lower_Grade_Glioma,SMARCE1,concordant,0.5,5.000000000000001,124,0.8196996750021279,0.8983333333333333,3,blood|brain,0.726,0.6133333333333334,0.576,0.023
COVID-19||Lower_Grade_Glioma,POU6F2,concordant,0.4838709677419355,4.838709677419356,124,0.942164757921366,0.899,2,blood|brain,0.726,0.6133333333333334,0.5212,0.009
COVID-19||Lower_Grade_Glioma,FGF2,concordant,0.4516129032258064,4.516129032258066,124,0.6140056898028052,0.8783333333333333,9,blood|brain,0.726,0.6133333333333334,0.6796,0.023
COVID-19||Lower_Grade_Glioma,PRDM10,concordant,0.4354838709677419,4.35483870967742,124,0.9463655545182136,0.8656666666666667,2,blood|brain,0.726,0.6133333333333334,0.5072,0.009
COVID-19||Lower_Grade_Glioma,NPAS1,concordant,0.4354838709677419,4.35483870967742,124,0.5143544802593306,0.872,4,blood|brain,0.726,0.6133333333333334,0.575,0.027
COVID-19||Lower_Grade_Glioma,TFCP2L1,concordant,0.4354838709677419,4.35483870967742,124,0.4925648039363356,0.774,3,blood|brain,0.726,0.6133333333333334,0.705,0.005
COVID-19||Lower_Grade_Glioma,MEIS3,concordant,0.4193548387096774,4.193548387096775,124,0.532114099433353,0.882,3,blood|brain,0.726,0.6133333333333334,0.622,0.023
COVID-19||Lower_Grade_Glioma,YAP1,concordant,0.4193548387096774,4.193548387096775,124,0.4722772104838851,0.852,9,blood|brain,0.726,0.6133333333333334,0.7098,0.018
COVID-19||Lower_Grade_Glioma,LMO4,concordant,0.4032258064516129,4.03225806451613,124,0.586453240037909,0.8766666666666667,5,blood|brain,0.726,0.6133333333333334,0.6444,0.018
COVID-19||Lower_Grade_Glioma,SMARCB1,concordant,0.3870967741935484,3.870967741935485,124,0.5139309469216325,0.8476666666666667,4,blood|brain,0.726,0.6133333333333334,0.5468,0.009
COVID-19||Lung_Cancer,PEG3,concordant,0.75,7.500000000000002,112,0.6871252234695087,0.9418742586002372,8,blood|lung,0.80135,0.6954166666666666,0.6068,0.032
COVID-19||Lung_Cancer,TGIF1,concordant,0.6428571428571429,6.428571428571431,112,0.5634720638020805,0.9211150652431792,9,blood|lung,0.80135,0.6954166666666666,0.6132,0.036
COVID-19||Lung_Cancer,CREB3,concordant,0.625,6.250000000000002,112,0.5763906306075792,0.924673784104389,11,blood|lung,0.80135,0.6954166666666666,0.5766,0.036
COVID-19||Lung_Cancer,NFE2,concordant,0.5535714285714286,5.535714285714287,112,0.4423940477704516,0.9051008303677344,17,blood|lung,0.80135,0.6954166666666666,0.7708,0.018
COVID-19||Lung_Cancer,PITX2,concordant,0.5535714285714286,5.535714285714287,112,0.2789685169375793,0.9074733096085408,103,blood|lung,0.80135,0.6954166666666666,0.657,0.032
COVID-19||Lung_Cancer,ZFPM2,concordant,0.5178571428571429,5.178571428571431,112,0.4521041557445378,0.9009489916963228,11,blood|lung,0.80135,0.6954166666666666,0.7856,0.018
COVID-19||Lung_Cancer,ZFHX3,concordant,0.5178571428571429,5.178571428571431,112,0.3317344037394373,0.9086595492289442,11,blood|lung,0.80135,0.6954166666666666,0.5476,0.018
COVID-19||Lung_Cancer,FOXD1,concordant,0.5,5.000000000000001,112,0.4317448358954376,0.8985765124555161,5,blood|lung,0.80135,0.6954166666666666,0.5394,0.032
COVID-19||Lung_Cancer,TP53,concordant,0.5,5.000000000000001,112,0.1619851960096651,0.900355871886121,824,blood|lung,0.80135,0.6954166666666666,0.6512,0.063
COVID-19||Lung_Cancer,PLAG1,concordant,0.4642857142857143,4.642857142857144,112,0.4948809224688125,0.868920521945433,6,blood|lung,0.80135,0.6954166666666666,0.724,0.027
COVID-19||Lung_Cancer,BARX2,concordant,0.4464285714285714,4.464285714285715,112,0.3524967059778066,0.8588374851720048,12,blood|lung,0.80135,0.6954166666666666,0.6818,0.023
COVID-19||Lung_Cancer,BMAL2,concordant,0.4285714285714285,4.285714285714287,112,0.4143637298674867,0.8641755634638197,9,blood|lung,0.80135,0.6954166666666666,0.7508,0.027
COVID-19||Multiple_sclerosis,NR1H3,concordant,0.8653846153846154,8.653846153846157,104,0.3267484626734969,0.952,122,blood|brain,0.7390000000000001,0.8158333333333333,0.7736,0.023
COVID-19||Multiple_sclerosis,DNMT3B,concordant,0.8076923076923077,8.076923076923078,104,0.2620913460462922,0.9476666666666668,63,blood|brain,0.7390000000000001,0.8158333333333333,0.8182,0.018
COVID-19||Multiple_sclerosis,NFKBIB,concordant,0.7884615384615384,7.884615384615386,104,0.5856787536565431,0.9796666666666668,16,blood|brain,0.7390000000000001,0.8158333333333333,0.4868,0.045
COVID-19||Multiple_sclerosis,ELF3,concordant,0.7692307692307693,7.692307692307694,104,0.5066618559814355,0.9456666666666668,29,blood|brain,0.7390000000000001,0.8158333333333333,0.7678,0.023
COVID-19||Multiple_sclerosis,TFAP2A,concordant,0.7307692307692307,7.307692307692309,104,0.2255303500663993,0.934,270,blood|brain,0.7390000000000001,0.8158333333333333,0.8992,0.036
COVID-19||Multiple_sclerosis,MED1,concordant,0.7115384615384616,7.115384615384618,104,0.5509515525365487,0.9763333333333334,14,blood|brain,0.7390000000000001,0.8158333333333333,0.6656,0.009
COVID-19||Multiple_sclerosis,KDM2B,concordant,0.6538461538461539,6.53846153846154,104,0.9323719808631776,0.96,3,blood|brain,0.7390000000000001,0.8158333333333333,0.631,0.036
COVID-19||Multiple_sclerosis,HMX1,concordant,0.6538461538461539,6.53846153846154,104,0.8966459837797851,0.9116666666666666,3,blood|brain,0.7390000000000001,0.8158333333333333,0.5778,0.018
COVID-19||Multiple_sclerosis,PAX9,concordant,0.6538461538461539,6.53846153846154,104,0.6766080650307018,0.9573333333333334,8,blood|brain,0.7390000000000001,0.8158333333333333,0.515,0.027
COVID-19||Multiple_sclerosis,E4F1,concordant,0.6538461538461539,6.53846153846154,104,0.6125088493760489,0.932,9,blood|brain,0.7390000000000001,0.8158333333333333,0.4882,0.023
COVID-19||Multiple_sclerosis,KLF12,concordant,0.6346153846153846,6.346153846153848,104,0.7530060356025363,0.968,8,blood|brain,0.7390000000000001,0.8158333333333333,0.8126,0.018
COVID-19||Multiple_sclerosis,BTG2,concordant,0.6153846153846154,6.153846153846156,104,0.5059752204649337,0.916,7,blood|brain,0.7390000000000001,0.8158333333333333,0.679,0.023
COVID-19||Ovarian_Cancer,THRA,concordant,0.5,5.000000000000001,64,0.2079144861298232,0.90282131661442,69,blood|ovary,0.5828,0.47125,0.71,0.023
COVID-19||Ovarian_Cancer,SOX6,concordant,0.46875,4.687500000000001,64,0.3363529090235291,0.8667711598746082,20,blood|ovary,0.5828,0.47125,0.7858,0.023
COVID-19||Ovarian_Cancer,FOXP4,concordant,0.4375,4.375000000000001,64,0.7308882825835812,0.8761755485893417,3,blood|ovary,0.5828,0.47125,0.502,0.032
COVID-19||Ovarian_Cancer,IRX5,concordant,0.4375,4.375000000000001,64,0.4692290295583657,0.6630094043887147,3,blood|ovary,0.5828,0.47125,0.524,0.005
COVID-19||Ovarian_Cancer,RARG,concordant,0.4375,4.375000000000001,64,0.3108928582119717,0.8793103448275862,28,blood|ovary,0.5828,0.47125,0.6462,0.036
COVID-19||Ovarian_Cancer,TFDP1,concordant,0.4375,4.375000000000001,64,0.2996804803348263,0.8040752351097179,30,blood|ovary,0.5828,0.47125,0.775,0.009
COVID-19||Ovarian_Cancer,AIRE,concordant,0.4375,4.375000000000001,64,0.2003413960937802,0.7758620689655172,20,blood|ovary,0.5828,0.47125,0.6106,0.023
COVID-19||Ovarian_Cancer,ZNF256,concordant,0.40625,4.062500000000001,64,0.74099286385706,0.8730407523510971,2,blood|ovary,0.5828,0.47125,0.5938,0.009
COVID-19||Ovarian_Cancer,KAT5,concordant,0.40625,4.062500000000001,64,0.1827661554176067,0.8871473354231975,53,blood|ovary,0.5828,0.47125,0.6172,0.036
COVID-19||Ovarian_Cancer,YY1,concordant,0.40625,4.062500000000001,64,0.1566204161509276,0.8150470219435737,224,blood|ovary,0.5828,0.47125,0.782,0.018
COVID-19||Ovarian_Cancer,ZNF202,concordant,0.375,3.750000000000001,64,0.2426667922115107,0.8025078369905956,7,blood|ovary,0.5828,0.47125,0.564,0.027
COVID-19||Ovarian_Cancer,NR5A1,concordant,0.375,3.750000000000001,64,0.1038899546958123,0.8260188087774295,80,blood|ovary,0.5828,0.47125,0.543,0.009
COVID-19||Pheochromocytoma_and_Paraganglioma,NOTCH1,concordant,0.85,8.500000000000002,40,0.167030508992247,0.926829268292683,60,adrenal|blood,0.6835499999999999,0.6529166666666666,0.8984,0.014
COVID-19||Pheochromocytoma_and_Paraganglioma,ZBTB7A,concordant,0.8,8.000000000000002,40,0.4303851669127491,0.9581881533101044,36,adrenal|blood,0.6835499999999999,0.6529166666666666,0.6972,0.023
COVID-19||Pheochromocytoma_and_Paraganglioma,NFKBIZ,concordant,0.75,7.500000000000002,40,0.341633816995912,0.9477351916376306,7,adrenal|blood,0.6835499999999999,0.6529166666666666,0.8598,0.009
COVID-19||Pheochromocytoma_and_Paraganglioma,TCF3,concordant,0.7,7.000000000000001,40,0.300451755683913,0.9738675958188152,118,adrenal|blood,0.6835499999999999,0.6529166666666666,0.8506,0.032
COVID-19||Pheochromocytoma_and_Paraganglioma,BMAL2,concordant,0.65,6.500000000000002,40,0.5965841930986071,0.945993031358885,9,adrenal|blood,0.6835499999999999,0.6529166666666666,0.7508,0.027
COVID-19||Pheochromocytoma_and_Paraganglioma,ZNF331,concordant,0.65,6.500000000000002,40,0.4811270834892025,0.9355400696864112,15,adrenal|blood,0.6835499999999999,0.6529166666666666,0.6466,0.032
COVID-19||Pheochromocytoma_and_Paraganglioma,FOXL2,concordant,0.65,6.500000000000002,40,0.4468199162450845,0.911149825783972,19,adrenal|blood,0.6835499999999999,0.6529166666666666,0.598,0.005
COVID-19||Pheochromocytoma_and_Paraganglioma,FOXD1,concordant,0.6,6.000000000000001,40,0.6808205011231299,0.926829268292683,5,adrenal|blood,0.6835499999999999,0.6529166666666666,0.5394,0.032
COVID-19||Pheochromocytoma_and_Paraganglioma,SIX1,concordant,0.6,6.000000000000001,40,0.4975544992110651,0.926829268292683,14,adrenal|blood,0.6835499999999999,0.6529166666666666,0.5706,0.005
COVID-19||Pheochromocytoma_and_Paraganglioma,FOSL2,concordant,0.6,6.000000000000001,40,0.2726049709989216,0.9337979094076656,39,adrenal|blood,0.6835499999999999,0.6529166666666666,0.8298,0.036
COVID-19||Pheochromocytoma_and_Paraganglioma,TRIM22,concordant,0.55,5.500000000000002,40,0.784896953293816,0.9250871080139372,3,adrenal|blood,0.6835499999999999,0.6529166666666666,0.6468,0.009
COVID-19||Pheochromocytoma_and_Paraganglioma,PAX3,concordant,0.55,5.500000000000002,40,0.2497959259588499,0.9285714285714286,95,adrenal|blood,0.6835499999999999,0.6529166666666666,0.6114,0.009
COVID-19||Psoriasis,ASCL2,concordant,0.9375,9.375000000000002,32,0.5611323257457236,0.9685393258426966,9,blood|skin,0.7242999999999999,0.705,0.6538,0.023
COVID-19||Psoriasis,CTBP2,concordant,0.875,8.750000000000002,32,0.6076000257456385,0.9865168539325844,14,blood|skin,0.7242999999999999,0.705,0.759,0.023
COVID-19||Psoriasis,CTCFL,concordant,0.8125,8.125000000000002,32,0.7453916874124897,0.9696629213483146,7,blood|skin,0.7242999999999999,0.705,0.617,0.027
COVID-19||Psoriasis,PAX4,concordant,0.75,7.500000000000002,32,0.8659037745777924,0.9640449438202248,8,blood|skin,0.7242999999999999,0.705,0.5826,0.014
COVID-19||Psoriasis,PAX9,concordant,0.75,7.500000000000002,32,0.8269294570953518,0.9337078651685392,8,blood|skin,0.7242999999999999,0.705,0.4972,0.027
COVID-19||Psoriasis,PHOX2B,concordant,0.75,7.500000000000002,32,0.8220117627489434,0.9269662921348316,12,blood|skin,0.7242999999999999,0.705,0.4804,0.014
COVID-19||Psoriasis,PBRM1,concordant,0.75,7.500000000000002,32,0.7709076821494869,0.9696629213483146,9,blood|skin,0.7242999999999999,0.705,0.7304,0.014
COVID-19||Psoriasis,NR2E3,concordant,0.75,7.500000000000002,32,0.7454219772393418,0.9370786516853932,12,blood|skin,0.7242999999999999,0.705,0.4564,0.009
COVID-19||Psoriasis,TCF15,concordant,0.75,7.500000000000002,32,0.7157825315604145,0.9471910112359552,6,blood|skin,0.7242999999999999,0.705,0.4838,0.014
COVID-19||Psoriasis,PAX7,concordant,0.75,7.500000000000002,32,0.658232433831978,0.9674157303370786,13,blood|skin,0.7242999999999999,0.705,0.545,0.018
COVID-19||Psoriasis,SMARCA1,concordant,0.75,7.500000000000002,32,0.5774682692196987,0.9415730337078652,49,blood|skin,0.7242999999999999,0.705,0.6656,0.018
COVID-19||Psoriasis,NKX2-1,concordant,0.75,7.500000000000002,32,0.5749701488682077,0.9719101123595506,51,blood|skin,0.7242999999999999,0.705,0.5658,0.023
COVID-19||Rectal_Cancer,NANOG,concordant,0.5,5.000000000000001,80,0.2200979400260117,0.9006903876792353,44,blood|colorectal,0.63685,0.2895833333333333,0.5392,0.009
COVID-19||Rectal_Cancer,ZNF165,concordant,0.475,4.750000000000001,80,0.5326274471254291,0.8975039830058418,3,blood|colorectal,0.63685,0.2895833333333333,0.7122,0.018
COVID-19||Rectal_Cancer,TGIF1,concordant,0.45,4.500000000000001,80,0.6549076333696968,0.8767923526287839,9,blood|colorectal,0.63685,0.2895833333333333,0.6132,0.036
COVID-19||Rectal_Cancer,PHB1,concordant,0.4,4.000000000000001,80,0.6445456471725176,0.8300584174190122,2,blood|colorectal,0.63685,0.2895833333333333,0.631,0.018
COVID-19||Rectal_Cancer,TRPS1,concordant,0.4,4.000000000000001,80,0.3390096447858141,0.8789166224110462,14,blood|colorectal,0.63685,0.2895833333333333,0.7812,0.027
COVID-19||Rectal_Cancer,CNOT7,concordant,0.4,4.000000000000001,80,0.3127197357232664,0.782793414763675,4,blood|colorectal,0.63685,0.2895833333333333,0.6382,0.014
COVID-19||Rectal_Cancer,NR2C2,concordant,0.4,4.000000000000001,80,0.3048570043787139,0.8725438130642592,50,blood|colorectal,0.63685,0.2895833333333333,0.6518,0.032
COVID-19||Rectal_Cancer,POU3F1,concordant,0.4,4.000000000000001,80,0.1954491002856293,0.7413701540095592,19,blood|colorectal,0.63685,0.2895833333333333,0.5908,0.023
COVID-19||Rectal_Cancer,HDAC7,concordant,0.4,4.000000000000001,80,0.1876729777551971,0.849707912904939,13,blood|colorectal,0.63685,0.2895833333333333,0.6114,0.018
COVID-19||Rectal_Cancer,TGFB1I1,concordant,0.4,4.000000000000001,80,0.1728015507015778,0.8704195432819968,12,blood|colorectal,0.63685,0.2895833333333333,0.8482,0.014
COVID-19||Rectal_Cancer,ATRX,concordant,0.375,3.750000000000001,80,0.8776606238738802,0.807222517259692,2,blood|colorectal,0.63685,0.2895833333333333,0.4744,0.009
COVID-19||Rectal_Cancer,HMBOX1,concordant,0.375,3.750000000000001,80,0.8464161804583197,0.8661710037174721,3,blood|colorectal,0.63685,0.2895833333333333,0.5312,0.014
COVID-19||Sarcoma,BCL11B,concordant,0.6,6.000000000000001,40,0.3334113187817204,0.9099307159353348,23,blood|soft_tissue,0.5146499999999999,0.5904166666666667,0.8338,0.041
COVID-19||Sarcoma,ZNF256,concordant,0.55,5.500000000000002,40,0.9741521088298192,0.9122401847575058,2,blood|soft_tissue,0.5146499999999999,0.5904166666666667,0.5938,0.009
COVID-19||Sarcoma,STAT4,concordant,0.55,5.500000000000002,40,0.0839632796467238,0.9006928406466512,27,blood|soft_tissue,0.5146499999999999,0.5904166666666667,0.849,0.018
COVID-19||Sarcoma,NFKBIZ,concordant,0.5,5.000000000000001,40,0.5706208235494054,0.8960739030023095,7,blood|soft_tissue,0.5146499999999999,0.5904166666666667,0.8598,0.009
COVID-19||Sarcoma,MEIS3,concordant,0.5,5.000000000000001,40,0.3517201832371306,0.8960739030023095,3,blood|soft_tissue,0.5146499999999999,0.5904166666666667,0.622,0.023
COVID-19||Sarcoma,ATF5,concordant,0.5,5.000000000000001,40,0.2124465240975855,0.8452655889145496,26,blood|soft_tissue,0.5146499999999999,0.5904166666666667,0.7028,0.023
COVID-19||Sarcoma,TEAD4,concordant,0.45,4.500000000000001,40,0.4315452487497766,0.8960739030023095,11,blood|soft_tissue,0.5146499999999999,0.5904166666666667,0.5832,0.027
COVID-19||Sarcoma,MLXIP,concordant,0.45,4.500000000000001,40,0.2915626650718048,0.7829099307159353,5,blood|soft_tissue,0.5146499999999999,0.5904166666666667,0.734,0.014
COVID-19||Sarcoma,DLX5,concordant,0.45,4.500000000000001,40,0.1610545202893322,0.8799076212471132,26,blood|soft_tissue,0.5146499999999999,0.5904166666666667,0.8068,0.018
COVID-19||Sarcoma,TP53,concordant,0.45,4.500000000000001,40,0.1140363860798109,0.8775981524249422,824,blood|soft_tissue,0.5146499999999999,0.5904166666666667,0.6512,0.063
COVID-19||Sarcoma,TSHZ1,concordant,0.4,4.000000000000001,40,0.5565098329358776,0.812933025404157,2,blood|soft_tissue,0.5146499999999999,0.5904166666666667,0.599,0.005
COVID-19||Sarcoma,RUNX1,concordant,0.4,4.000000000000001,40,0.2242617257545547,0.8683602771362586,176,blood|soft_tissue,0.5146499999999999,0.5904166666666667,0.8286,0.014
COVID-19||Stomach_Cancer,PEG3,concordant,0.6,6.000000000000001,120,0.5070222551833898,0.9213197969543148,8,blood|stomach,0.7221000000000001,0.5754166666666667,0.6068,0.032
COVID-19||Stomach_Cancer,KLF4,concordant,0.55,5.500000000000002,120,0.1023951287894942,0.9111675126903552,114,blood|stomach,0.7221000000000001,0.5754166666666667,0.8696,0.023
COVID-19||Stomach_Cancer,MEIS3,concordant,0.5166666666666667,5.166666666666669,120,0.4963795276466619,0.9137055837563453,3,blood|stomach,0.7221000000000001,0.5754166666666667,0.622,0.023
COVID-19||Stomach_Cancer,HOXD3,concordant,0.5,5.000000000000001,120,0.2350001898885489,0.8900169204737732,10,blood|stomach,0.7221000000000001,0.5754166666666667,0.6314,0.009
COVID-19||Stomach_Cancer,NKX2-1,concordant,0.5,5.000000000000001,120,0.1511312938229639,0.8857868020304569,51,blood|stomach,0.7221000000000001,0.5754166666666667,0.5658,0.023
COVID-19||Stomach_Cancer,PER2,concordant,0.4833333333333333,4.833333333333335,120,0.7822375290509098,0.8959390862944162,3,blood|stomach,0.7221000000000001,0.5754166666666667,0.4942,0.027
COVID-19||Stomach_Cancer,FOXP4,concordant,0.4666666666666667,4.666666666666668,120,0.6914515834515478,0.8824027072758037,3,blood|stomach,0.7221000000000001,0.5754166666666667,0.502,0.032
COVID-19||Stomach_Cancer,HEYL,concordant,0.4666666666666667,4.666666666666668,120,0.3034355871099087,0.8595600676818951,5,blood|stomach,0.7221000000000001,0.5754166666666667,0.7518,0.041
COVID-19||Stomach_Cancer,POU3F1,concordant,0.4666666666666667,4.666666666666668,120,0.2342781155104802,0.856175972927242,19,blood|stomach,0.7221000000000001,0.5754166666666667,0.5908,0.023
COVID-19||Stomach_Cancer,STAT4,concordant,0.4666666666666667,4.666666666666668,120,0.0572839773982679,0.88917089678511,27,blood|stomach,0.7221000000000001,0.5754166666666667,0.849,0.018
COVID-19||Stomach_Cancer,CXXC1,concordant,0.45,4.500000000000001,120,0.4048150198208377,0.8350253807106599,16,blood|stomach,0.7221000000000001,0.5754166666666667,0.4732,0.023
COVID-19||Stomach_Cancer,TGIF1,concordant,0.4333333333333333,4.333333333333335,120,0.6446319976670224,0.883248730964467,9,blood|stomach,0.7221000000000001,0.5754166666666667,0.6132,0.036
COVID-19||Stroke,ZBTB10,concordant,0.6666666666666666,6.666666666666668,12,0.9868108862522526,0.9170909090909092,2,blood|blood,0.62255,0.3916666666666667,0.5766,0.014
COVID-19||Stroke,ELK4,concordant,0.6666666666666666,6.666666666666668,12,0.9342914635524788,0.978909090909091,6,blood|blood,0.62255,0.3916666666666667,0.693,0.023
COVID-19||Stroke,ARID5A,concordant,0.6666666666666666,6.666666666666668,12,0.907088548522502,0.9556363636363636,4,blood|blood,0.62255,0.3916666666666667,0.7476,0.018
COVID-19||Stroke,TFEB,concordant,0.6666666666666666,6.666666666666668,12,0.8927795752357643,0.9432727272727272,5,blood|blood,0.62255,0.3916666666666667,0.7614,0.018
COVID-19||Stroke,KAT8,concordant,0.6666666666666666,6.666666666666668,12,0.8653176376167454,0.9105454545454544,3,blood|blood,0.62255,0.3916666666666667,0.4204,0.009
COVID-19||Stroke,TCF7,concordant,0.6666666666666666,6.666666666666668,12,0.7271005185300743,0.954181818181818,22,blood|blood,0.62255,0.3916666666666667,0.8678,0.023
COVID-19||Stroke,NFE2L3,concordant,0.6666666666666666,6.666666666666668,12,0.6927841378210698,0.962181818181818,7,blood|blood,0.62255,0.3916666666666667,0.623,0.005
COVID-19||Stroke,CEBPE,concordant,0.6666666666666666,6.666666666666668,12,0.6912952059273132,0.9847272727272728,32,blood|blood,0.62255,0.3916666666666667,0.8448,0.023
COVID-19||Stroke,KCNIP3,concordant,0.6666666666666666,6.666666666666668,12,0.6901733105931854,0.9636363636363636,11,blood|blood,0.62255,0.3916666666666667,0.4368,0.023
COVID-19||Stroke,TLX1,concordant,0.6666666666666666,6.666666666666668,12,0.650249205536052,0.9127272727272728,9,blood|blood,0.62255,0.3916666666666667,0.5266,0.023
COVID-19||Stroke,ATF6,concordant,0.6666666666666666,6.666666666666668,12,0.6427947083173009,0.9498181818181818,43,blood|blood,0.62255,0.3916666666666667,0.8498,0.023
COVID-19||Stroke,NFIL3,concordant,0.6666666666666666,6.666666666666668,12,0.6176046577427197,0.9345454545454546,30,blood|blood,0.62255,0.3916666666666667,0.8388,0.032
COVID-19||Thymoma,ZBTB7B,concordant,1.0,10.000000000000002,40,0.4456230072363957,0.9619289340101524,15,blood|thymus,0.79185,0.6479166666666666,0.689,0.014
COVID-19||Thymoma,NFIL3,concordant,0.95,9.500000000000002,40,0.4529418513331073,0.9619289340101524,30,blood|thymus,0.79185,0.6479166666666666,0.8586,0.032
COVID-19||Thymoma,FOSL2,concordant,0.95,9.500000000000002,40,0.2565289974931212,0.967005076142132,39,blood|thymus,0.79185,0.6479166666666666,0.8298,0.036
COVID-19||Thymoma,CEBPE,concordant,0.75,7.500000000000002,40,0.372253607705201,0.9238578680203046,32,blood|thymus,0.79185,0.6479166666666666,0.8444,0.023
COVID-19||Thymoma,KLF15,concordant,0.7,7.000000000000001,40,0.4505471697396824,0.934010152284264,22,blood|thymus,0.79185,0.6479166666666666,0.7428,0.023
COVID-19||Thymoma,RXRG,concordant,0.65,6.500000000000002,40,0.6266863003310565,0.9213197969543148,7,blood|thymus,0.79185,0.6479166666666666,0.538,0.009
COVID-19||Thymoma,STAT2,concordant,0.65,6.500000000000002,40,0.1042802115470186,0.9568527918781726,42,blood|thymus,0.79185,0.6479166666666666,0.895,0.023
COVID-19||Thymoma,EN1,concordant,0.6,6.000000000000001,40,0.7431129425959568,0.9593908629441624,9,blood|thymus,0.79185,0.6479166666666666,0.485,0.009
COVID-19||Thymoma,SMARCC1,concordant,0.6,6.000000000000001,40,0.5560709439893118,0.949238578680203,7,blood|thymus,0.79185,0.6479166666666666,0.5948,0.027
COVID-19||Thymoma,ZNF384,concordant,0.6,6.000000000000001,40,0.3359173518600739,0.9187817258883249,19,blood|thymus,0.79185,0.6479166666666666,0.5854,0.009
COVID-19||Thymoma,ZNF16,concordant,0.55,5.500000000000002,40,0.884625676371996,0.9213197969543148,2,blood|thymus,0.79185,0.6479166666666666,0.5422,0.014
COVID-19||Thymoma,ZNF263,concordant,0.55,5.500000000000002,40,0.6003532932827952,0.9187817258883249,9,blood|thymus,0.79185,0.6479166666666666,0.6092,0.014
COVID-19||Uterine_Corpus_Endometrial_Carcinoma,TCFL5,concordant,0.6666666666666666,6.666666666666668,24,0.7422269090020842,0.9325396825396826,3,blood|uterus_endometrium,0.6507,0.3408333333333332,0.6294,0.041
COVID-19||Uterine_Corpus_Endometrial_Carcinoma,KLF7,concordant,0.5833333333333334,5.833333333333335,24,0.625069642612797,0.91005291005291,8,blood|uterus_endometrium,0.6507,0.3408333333333332,0.5442,0.05
COVID-19||Uterine_Corpus_Endometrial_Carcinoma,POU2F3,concordant,0.5833333333333334,5.833333333333335,24,0.619833224582705,0.9193121693121692,6,blood|uterus_endometrium,0.6507,0.3408333333333332,0.5934,0.009
COVID-19||Uterine_Corpus_Endometrial_Carcinoma,CREBL2,concordant,0.5,5.000000000000001,24,0.95520041971597,0.832010582010582,2,blood|uterus_endometrium,0.6507,0.3408333333333332,0.6016,0.032
COVID-19||Uterine_Corpus_Endometrial_Carcinoma,SF1,concordant,0.5,5.000000000000001,24,0.5212092794176137,0.9087301587301588,12,blood|uterus_endometrium,0.6507,0.3408333333333332,0.5426,0.023
COVID-19||Uterine_Corpus_Endometrial_Carcinoma,HIPK2,concordant,0.5,5.000000000000001,24,0.4966921951584739,0.8994708994708994,9,blood|uterus_endometrium,0.6507,0.3408333333333332,0.6848,0.018
COVID-19||Uterine_Corpus_Endometrial_Carcinoma,TOX2,concordant,0.4166666666666667,4.166666666666668,24,0.6234359829021212,0.6216931216931217,3,blood|uterus_endometrium,0.6507,0.3408333333333332,0.7922,0.005
COVID-19||Uterine_Corpus_Endometrial_Carcinoma,RLF,concordant,0.4166666666666667,4.166666666666668,24,0.5402593985173482,0.6957671957671958,3,blood|uterus_endometrium,0.6507,0.3408333333333332,0.5304,0.005
COVID-19||Uterine_Corpus_Endometrial_Carcinoma,RFXANK,concordant,0.4166666666666667,4.166666666666668,24,0.4944482577015542,0.8148148148148148,12,blood|uterus_endometrium,0.6507,0.3408333333333332,0.5016,0.032
COVID-19||Uterine_Corpus_Endometrial_Carcinoma,RFXAP,concordant,0.4166666666666667,4.166666666666668,24,0.4612896450344378,0.8849206349206349,11,blood|uterus_endometrium,0.6507,0.3408333333333332,0.5582,0.014
COVID-19||Uterine_Corpus_Endometrial_Carcinoma,CREM,concordant,0.4166666666666667,4.166666666666668,24,0.3449364712330395,0.8862433862433863,63,blood|uterus_endometrium,0.6507,0.3408333333333332,0.8192,0.014
COVID-19||Uterine_Corpus_Endometrial_Carcinoma,ZNF331,concordant,0.4166666666666667,4.166666666666668,24,0.344428623411671,0.8531746031746031,15,blood|uterus_endometrium,0.6507,0.3408333333333332,0.6466,0.032
Cardiovascular_Disease||Cervical_Cancer,ZNF224,concordant,0.6153846153846154,6.153846153846156,104,0.6891781819498212,0.9316888045540797,3,blood|cervix,0.6539,0.72375,0.6294,0.023
Cardiovascular_Disease||Cervical_Cancer,BRD4,concordant,0.6057692307692307,6.057692307692308,104,0.2760956012129121,0.918406072106262,10,blood|cervix,0.6539,0.72375,0.7504,0.027
Cardiovascular_Disease||Cervical_Cancer,HOXD11,concordant,0.5961538461538461,5.961538461538463,104,0.3537323748738144,0.9259962049335864,4,blood|cervix,0.6539,0.72375,0.7356,0.018
Cardiovascular_Disease||Cervical_Cancer,AIRE,concordant,0.5769230769230769,5.76923076923077,104,0.2959008816748866,0.9165085388994308,20,blood|cervix,0.6539,0.72375,0.7118,0.023
Cardiovascular_Disease||Cervical_Cancer,NRF1,concordant,0.5673076923076923,5.673076923076924,104,0.118138840564883,0.918406072106262,81,blood|cervix,0.6539,0.72375,0.8728,0.014
Cardiovascular_Disease||Cervical_Cancer,CIC,concordant,0.5480769230769231,5.480769230769233,104,0.3591288285491321,0.9165085388994308,3,blood|cervix,0.6539,0.72375,0.8384,0.041
Cardiovascular_Disease||Cervical_Cancer,MNT,concordant,0.5384615384615384,5.384615384615386,104,0.2533825513442597,0.905123339658444,10,blood|cervix,0.6539,0.72375,0.758,0.023
Cardiovascular_Disease||Cervical_Cancer,TBPL1,concordant,0.5384615384615384,5.384615384615386,104,0.1429718367440005,0.9089184060721064,36,blood|cervix,0.6539,0.72375,0.735,0.027
Cardiovascular_Disease||Cervical_Cancer,ATOH7,concordant,0.5096153846153846,5.096153846153847,104,0.5291679812536801,0.9013282732447818,8,blood|cervix,0.6539,0.72375,0.4596,0.014
Cardiovascular_Disease||Cervical_Cancer,PCGF2,concordant,0.4711538461538461,4.711538461538463,104,0.4224343531981342,0.889943074003795,3,blood|cervix,0.6539,0.72375,0.6298,0.014
Cardiovascular_Disease||Cervical_Cancer,LBX1,concordant,0.4519230769230769,4.51923076923077,104,0.6600611114019723,0.872865275142315,3,blood|cervix,0.6539,0.72375,0.6976,0.018
Cardiovascular_Disease||Cervical_Cancer,SMARCA5,concordant,0.4423076923076923,4.423076923076924,104,0.0495542431633649,0.8614800759013282,13,blood|cervix,0.6539,0.72375,0.7992,0.009
Cardiovascular_Disease||Chronic_obstructive_pulmonary_disease_(COPD),FOSL2,concordant,0.8076923076923077,8.076923076923078,104,0.3140763606494584,0.9602609727164888,39,blood|lung,0.7404999999999999,0.5216666666666666,0.8884,0.036
Cardiovascular_Disease||Chronic_obstructive_pulmonary_disease_(COPD),EGR1,concordant,0.7596153846153846,7.596153846153848,104,0.2212652141007157,0.9454329774614472,323,blood|lung,0.7404999999999999,0.5216666666666666,0.7876,0.032
Cardiovascular_Disease||Chronic_obstructive_pulmonary_disease_(COPD),MITF,concordant,0.7307692307692307,7.307692307692309,104,0.2736483344730536,0.9424673784104388,103,blood|lung,0.7404999999999999,0.5216666666666666,0.8438,0.009
Cardiovascular_Disease||Chronic_obstructive_pulmonary_disease_(COPD),ASCL1,concordant,0.7115384615384616,7.115384615384618,104,0.1897308213422222,0.9329774614472124,54,blood|lung,0.7404999999999999,0.5216666666666666,0.7584,0.009
Cardiovascular_Disease||Chronic_obstructive_pulmonary_disease_(COPD),HOXC6,concordant,0.625,6.250000000000002,104,0.5713746065754067,0.9483985765124556,12,blood|lung,0.7404999999999999,0.5216666666666666,0.6698,0.023
Cardiovascular_Disease||Chronic_obstructive_pulmonary_disease_(COPD),NR1H2,concordant,0.625,6.250000000000002,104,0.3043807184877245,0.9217081850533808,44,blood|lung,0.7404999999999999,0.5216666666666666,0.7046,0.023
Cardiovascular_Disease||Chronic_obstructive_pulmonary_disease_(COPD),PPARG,concordant,0.6153846153846154,6.153846153846156,104,0.1655278087632932,0.9424673784104388,319,blood|lung,0.7404999999999999,0.5216666666666666,0.6652,0.036
Cardiovascular_Disease||Chronic_obstructive_pulmonary_disease_(COPD),ESRRG,concordant,0.6057692307692307,6.057692307692308,104,0.441017027446589,0.9169632265717677,22,blood|lung,0.7404999999999999,0.5216666666666666,0.8358,0.009
Cardiovascular_Disease||Chronic_obstructive_pulmonary_disease_(COPD),REL,concordant,0.6057692307692307,6.057692307692308,104,0.3364976139409295,0.9234875444839856,709,blood|lung,0.7404999999999999,0.5216666666666666,0.755,0.014
Cardiovascular_Disease||Chronic_obstructive_pulmonary_disease_(COPD),CDX1,concordant,0.6057692307692307,6.057692307692308,104,0.2904816276387155,0.9240806642941874,28,blood|lung,0.7404999999999999,0.5216666666666666,0.6806,0.041
Cardiovascular_Disease||Chronic_obstructive_pulmonary_disease_(COPD),JUND,concordant,0.6057692307692307,6.057692307692308,104,0.214480357521626,0.9175563463819691,541,blood|lung,0.7404999999999999,0.5216666666666666,0.7118,0.014
Cardiovascular_Disease||Chronic_obstructive_pulmonary_disease_(COPD),TCF21,concordant,0.5961538461538461,5.961538461538463,104,0.5672742785127427,0.9163701067615658,16,blood|lung,0.7404999999999999,0.5216666666666666,0.7606,0.023
Cardiovascular_Disease||Colon_and_Rectal_Cancer,NFE2L2,concordant,0.618421052631579,6.184210526315791,152,0.2979656118752329,0.9298990971853426,171,blood|colorectal,0.7078,0.5633333333333332,0.8022,0.032
Cardiovascular_Disease||Colon_and_Rectal_Cancer,ENO1,concordant,0.4539473684210526,4.539473684210527,152,0.1693913351827117,0.8667020711630377,18,blood|colorectal,0.7078,0.5633333333333332,0.694,0.014
Cardiovascular_Disease||Colon_and_Rectal_Cancer,NUPR1,concordant,0.4473684210526316,4.473684210526317,152,0.7219167478123719,0.8693574083908656,5,blood|colorectal,0.7078,0.5633333333333332,0.7064,0.018
Cardiovascular_Disease||Colon_and_Rectal_Cancer,POU2AF1,concordant,0.4473684210526316,4.473684210526317,152,0.4612480390021558,0.8576739245884227,5,blood|colorectal,0.7078,0.5633333333333332,0.6704,0.018
Cardiovascular_Disease||Colon_and_Rectal_Cancer,BCL11B,concordant,0.4210526315789473,4.210526315789474,152,0.3653972978202993,0.7604885820499203,23,blood|colorectal,0.7078,0.5633333333333332,0.8338,0.041
Cardiovascular_Disease||Colon_and_Rectal_Cancer,STAT6,concordant,0.4210526315789473,4.210526315789474,152,0.2522824734215495,0.8688263409453001,106,blood|colorectal,0.7078,0.5633333333333332,0.8192,0.014
Cardiovascular_Disease||Colon_and_Rectal_Cancer,ZBTB2,concordant,0.4078947368421052,4.078947368421053,152,0.7216196995809931,0.8635156664896442,4,blood|colorectal,0.7078,0.5633333333333332,0.5374,0.018
Cardiovascular_Disease||Colon_and_Rectal_Cancer,HSF1,concordant,0.4078947368421052,4.078947368421053,152,0.2147092326528673,0.862453531598513,85,blood|colorectal,0.7078,0.5633333333333332,0.6638,0.009
Cardiovascular_Disease||Colon_and_Rectal_Cancer,OVOL1,concordant,0.4078947368421052,4.078947368421053,152,0.1950957967350468,0.8385554965480616,9,blood|colorectal,0.7078,0.5633333333333332,0.8098,0.014
Cardiovascular_Disease||Colon_and_Rectal_Cancer,HBP1,concordant,0.4078947368421052,4.078947368421053,152,0.182685996916888,0.8539564524694636,43,blood|colorectal,0.7078,0.5633333333333332,0.7222,0.032
Cardiovascular_Disease||Colon_and_Rectal_Cancer,ZNF224,concordant,0.4013157894736842,4.013157894736843,152,0.6189683101607899,0.862453531598513,3,blood|colorectal,0.7078,0.5633333333333332,0.6294,0.023
Cardiovascular_Disease||Colon_and_Rectal_Cancer,ISL1,concordant,0.3947368421052631,3.947368421052632,152,0.2175952183229207,0.8730748805098247,30,blood|colorectal,0.7078,0.5633333333333332,0.613,0.054
Cardiovascular_Disease||Esophageal_Cancer,NCOR1,concordant,0.532608695652174,5.326086956521741,184,0.3820028133681539,0.9073120494335736,76,blood|esophagus,0.7063499999999999,0.475,0.7658,0.032
Cardiovascular_Disease||Esophageal_Cancer,ZMYND8,concordant,0.5108695652173914,5.108695652173915,184,0.475636239867769,0.9042224510813596,8,blood|esophagus,0.7063499999999999,0.475,0.6548,0.027
Cardiovascular_Disease||Esophageal_Cancer,FOXH1,concordant,0.4945652173913043,4.945652173913044,184,0.2742327945553554,0.898043254376931,12,blood|esophagus,0.7063499999999999,0.475,0.743,0.014
Cardiovascular_Disease||Esophageal_Cancer,GRHL3,concordant,0.483695652173913,4.836956521739132,184,0.1685440994360952,0.8970133882595263,25,blood|esophagus,0.7063499999999999,0.475,0.7368,0.023
Cardiovascular_Disease||Esophageal_Cancer,TLX1,concordant,0.4728260869565217,4.728260869565219,184,0.3397551770915041,0.8928939237899073,9,blood|esophagus,0.7063499999999999,0.475,0.6012,0.023
Cardiovascular_Disease||Esophageal_Cancer,ATF1,concordant,0.4728260869565217,4.728260869565219,184,0.2692835104914671,0.8856848609680742,71,blood|esophagus,0.7063499999999999,0.475,0.6508,0.023
Cardiovascular_Disease||Esophageal_Cancer,TCF20,concordant,0.4565217391304347,4.565217391304349,184,0.1001949601996432,0.8496395468589083,3,blood|esophagus,0.7063499999999999,0.475,0.8516,0.023
Cardiovascular_Disease||Esophageal_Cancer,FOSL2,concordant,0.4510869565217391,4.5108695652173925,184,0.225519531594468,0.8856848609680742,39,blood|esophagus,0.7063499999999999,0.475,0.8884,0.036
Cardiovascular_Disease||Esophageal_Cancer,GABPA,concordant,0.4510869565217391,4.5108695652173925,184,0.1215089535603471,0.8877445932028837,42,blood|esophagus,0.7063499999999999,0.475,0.6942,0.027
Cardiovascular_Disease||Esophageal_Cancer,NFATC4,concordant,0.4510869565217391,4.5108695652173925,184,0.0293819734602499,0.874356333676622,33,blood|esophagus,0.7063499999999999,0.475,0.8054,0.005
Cardiovascular_Disease||Esophageal_Cancer,LBX1,concordant,0.4402173913043478,4.402173913043479,184,0.714020993994082,0.8867147270854789,3,blood|esophagus,0.7063499999999999,0.475,0.6976,0.018
Cardiovascular_Disease||Esophageal_Cancer,ASH1L,concordant,0.4239130434782608,4.239130434782609,184,0.6681902351694987,0.8578784757981462,4,blood|esophagus,0.7063499999999999,0.475,0.7396,0.032
Cardiovascular_Disease||Fibromyalgia,ATF6B,concordant,0.65625,6.562500000000002,32,0.8267298321382233,0.9570909090909092,4,blood|blood,0.6161,0.5925,0.5162,0.005
Cardiovascular_Disease||Fibromyalgia,HIPK2,concordant,0.65625,6.562500000000002,32,0.6638253495180098,0.9301818181818182,9,blood|blood,0.6161,0.5925,0.6764,0.018
Cardiovascular_Disease||Fibromyalgia,RBCK1,concordant,0.625,6.250000000000002,32,0.96899369246681,0.9287272727272728,2,blood|blood,0.6161,0.5925,0.4484,0.009
Cardiovascular_Disease||Fibromyalgia,NFE2,concordant,0.625,6.250000000000002,32,0.7068038311265403,0.9534545454545454,17,blood|blood,0.6161,0.5925,0.739,0.018
Cardiovascular_Disease||Fibromyalgia,BATF,concordant,0.5625,5.625000000000001,32,0.7166433716826727,0.9083636363636364,15,blood|blood,0.6161,0.5925,0.7994,0.009
Cardiovascular_Disease||Fibromyalgia,TGIF1,concordant,0.5625,5.625000000000001,32,0.6186283320025555,0.909818181818182,9,blood|blood,0.6161,0.5925,0.6608,0.036
Cardiovascular_Disease||Fibromyalgia,NCOA2,concordant,0.5625,5.625000000000001,32,0.5593716366848895,0.9105454545454544,56,blood|blood,0.6161,0.5925,0.794,0.009
Cardiovascular_Disease||Fibromyalgia,TRIM22,concordant,0.5,5.000000000000001,32,0.8749125022300421,0.8996363636363637,3,blood|blood,0.6161,0.5925,0.5126,0.009
Cardiovascular_Disease||Fibromyalgia,ZNF461,concordant,0.46875,4.687500000000001,32,0.9194846909367778,0.8865454545454545,2,blood|blood,0.6161,0.5925,0.4834,0.014
Cardiovascular_Disease||Fibromyalgia,SP100,concordant,0.46875,4.687500000000001,32,0.9112641354449316,0.8858181818181818,3,blood|blood,0.6161,0.5925,0.7872,0.018
Cardiovascular_Disease||Fibromyalgia,STAT2,concordant,0.46875,4.687500000000001,32,0.6156234755480527,0.8916363636363637,42,blood|blood,0.6161,0.5925,0.8878,0.023
Cardiovascular_Disease||Fibromyalgia,KLF4,concordant,0.46875,4.687500000000001,32,0.3811813531236369,0.8429090909090909,114,blood|blood,0.6161,0.5925,0.8534,0.023
Cardiovascular_Disease||Glioblastoma,SOX17,concordant,0.59375,5.937500000000001,64,0.3709059719018487,0.926,42,blood|brain,0.583,0.4008333333333334,0.897,0.041
Cardiovascular_Disease||Glioblastoma,TFAP2E,concordant,0.515625,5.156250000000001,64,0.8724247502720941,0.906,3,blood|brain,0.583,0.4008333333333334,0.758,0.023
Cardiovascular_Disease||Glioblastoma,TLX2,concordant,0.46875,4.687500000000001,64,0.6656047580972779,0.8763333333333333,4,blood|brain,0.583,0.4008333333333334,0.5992,0.014
Cardiovascular_Disease||Glioblastoma,HOXB5,concordant,0.46875,4.687500000000001,64,0.3323349072793449,0.8206666666666667,5,blood|brain,0.583,0.4008333333333334,0.6952,0.027
Cardiovascular_Disease||Glioblastoma,TRERF1,concordant,0.46875,4.687500000000001,64,0.2368333546065801,0.702,15,blood|brain,0.583,0.4008333333333334,0.531,0.041
Cardiovascular_Disease||Glioblastoma,MLXIPL,concordant,0.421875,4.218750000000001,64,0.3041408127814715,0.874,16,blood|brain,0.583,0.4008333333333334,0.645,0.018
Cardiovascular_Disease||Glioblastoma,IRX4,concordant,0.40625,4.062500000000001,64,0.5966555201820987,0.8466666666666667,4,blood|brain,0.583,0.4008333333333334,0.6508,0.014
Cardiovascular_Disease||Glioblastoma,DAXX,concordant,0.40625,4.062500000000001,64,0.3848334997467996,0.8196666666666667,5,blood|brain,0.583,0.4008333333333334,0.5728,0.014
Cardiovascular_Disease||Glioblastoma,YAP1,concordant,0.390625,3.906250000000001,64,0.4715327686189955,0.8503333333333334,9,blood|brain,0.583,0.4008333333333334,0.7362,0.018
Cardiovascular_Disease||Glioblastoma,LRRFIP1,concordant,0.390625,3.906250000000001,64,0.3545997209624059,0.878,12,blood|brain,0.583,0.4008333333333334,0.805,0.018
Cardiovascular_Disease||Glioblastoma,HAND2,concordant,0.390625,3.906250000000001,64,0.3383243197532826,0.7883333333333333,34,blood|brain,0.583,0.4008333333333334,0.6776,0.027
Cardiovascular_Disease||Glioblastoma,HTATIP2,concordant,0.390625,3.906250000000001,64,0.2117610003286746,0.7463333333333333,16,blood|brain,0.583,0.4008333333333334,0.7124,0.023
Cardiovascular_Disease||Huntingtons_Disease,GRHL2,concordant,0.5476190476190477,5.476190476190478,168,0.8327173467811098,0.9221818181818182,8,blood|blood,0.7204999999999999,0.5525,0.62,0.027
Cardiovascular_Disease||Huntingtons_Disease,STAT4,concordant,0.4761904761904761,4.761904761904763,168,0.7502602864351618,0.8894545454545455,27,blood|blood,0.7204999999999999,0.5525,0.8408,0.018
Cardiovascular_Disease||Huntingtons_Disease,PHF20,concordant,0.4642857142857143,4.642857142857144,168,0.6194361627984155,0.8858181818181818,9,blood|blood,0.7204999999999999,0.5525,0.6612,0.036
Cardiovascular_Disease||Huntingtons_Disease,BRCA1,concordant,0.4285714285714285,4.285714285714287,168,0.6209750582305644,0.8785454545454545,54,blood|blood,0.7204999999999999,0.5525,0.8524,0.023
Cardiovascular_Disease||Huntingtons_Disease,IRF4,concordant,0.4166666666666667,4.166666666666668,168,0.7771114863037636,0.8734545454545455,52,blood|blood,0.7204999999999999,0.5525,0.851,0.014
Cardiovascular_Disease||Huntingtons_Disease,SSRP1,concordant,0.4166666666666667,4.166666666666668,168,0.4246587050710769,0.8603636363636363,123,blood|blood,0.7204999999999999,0.5525,0.7722,0.027
Cardiovascular_Disease||Huntingtons_Disease,MAFK,concordant,0.4047619047619047,4.047619047619048,168,0.3405486013233338,0.84,22,blood|blood,0.7204999999999999,0.5525,0.626,0.005
Cardiovascular_Disease||Huntingtons_Disease,ZNF335,concordant,0.3928571428571428,3.928571428571429,168,0.3655047110974627,0.84,7,blood|blood,0.7204999999999999,0.5525,0.5174,0.041
Cardiovascular_Disease||Huntingtons_Disease,AEBP1,concordant,0.3869047619047619,3.86904761904762,168,0.827192049695479,0.8567272727272728,5,blood|blood,0.7204999999999999,0.5525,0.715,0.036
Cardiovascular_Disease||Huntingtons_Disease,NFATC2,concordant,0.3809523809523809,3.80952380952381,168,0.6207008658607498,0.8276363636363636,84,blood|blood,0.7204999999999999,0.5525,0.8722,0.014
Cardiovascular_Disease||Huntingtons_Disease,SALL1,concordant,0.369047619047619,3.690476190476192,168,0.6535461825981428,0.8501818181818181,5,blood|blood,0.7204999999999999,0.5525,0.602,0.018
Cardiovascular_Disease||Huntingtons_Disease,KLF7,concordant,0.369047619047619,3.690476190476192,168,0.4734559330839089,0.8436363636363636,8,blood|blood,0.7204999999999999,0.5525,0.4894,0.05
Cardiovascular_Disease||Irritable_bowel_syndrome_(IBS),DLX5,concordant,0.96875,9.687500000000002,32,0.5505213539890095,0.9734466277217206,26,blood|colorectal,0.5803,0.4220833333333333,0.7958,0.018
Cardiovascular_Disease||Irritable_bowel_syndrome_(IBS),HOXC9,concordant,0.71875,7.187500000000002,32,0.8304497303901972,0.935740839086564,3,blood|colorectal,0.5803,0.4220833333333333,0.8114,0.041
Cardiovascular_Disease||Irritable_bowel_syndrome_(IBS),ZBTB4,concordant,0.6875,6.875000000000002,32,0.433438076054135,0.930430164630908,12,blood|colorectal,0.5803,0.4220833333333333,0.8884,0.014
Cardiovascular_Disease||Irritable_bowel_syndrome_(IBS),BCL11A,concordant,0.625,6.250000000000002,32,0.385572231046714,0.9272437599575146,11,blood|colorectal,0.5803,0.4220833333333333,0.8776,0.023
Cardiovascular_Disease||Irritable_bowel_syndrome_(IBS),HOPX,concordant,0.59375,5.937500000000001,32,0.6870369662510425,0.9564524694636218,6,blood|colorectal,0.5803,0.4220833333333333,0.5576,0.018
Cardiovascular_Disease||Irritable_bowel_syndrome_(IBS),TCF3,concordant,0.59375,5.937500000000001,32,0.1586455003330823,0.9134360063728092,118,blood|colorectal,0.5803,0.4220833333333333,0.8332,0.032
Cardiovascular_Disease||Irritable_bowel_syndrome_(IBS),CUX1,concordant,0.5625,5.625000000000001,32,0.1354204496046474,0.9129049389272438,102,blood|colorectal,0.5803,0.4220833333333333,0.8804,0.005
Cardiovascular_Disease||Irritable_bowel_syndrome_(IBS),HOXA11,concordant,0.5,5.000000000000001,32,0.5555544338495225,0.8730748805098247,4,blood|colorectal,0.5803,0.4220833333333333,0.8006,0.063
Cardiovascular_Disease||Irritable_bowel_syndrome_(IBS),NKX3-2,concordant,0.5,5.000000000000001,32,0.2922304300235471,0.859798194370685,6,blood|colorectal,0.5803,0.4220833333333333,0.741,0.005
Cardiovascular_Disease||Irritable_bowel_syndrome_(IBS),SNAI1,concordant,0.5,5.000000000000001,32,0.1326372893479588,0.912373871481678,89,blood|colorectal,0.5803,0.4220833333333333,0.8286,0.027
Cardiovascular_Disease||Irritable_bowel_syndrome_(IBS),GLI1,concordant,0.5,5.000000000000001,32,0.1132559894560382,0.8911311736590547,165,blood|colorectal,0.5803,0.4220833333333333,0.8978,0.009
Cardiovascular_Disease||Irritable_bowel_syndrome_(IBS),TGFB1I1,concordant,0.5,5.000000000000001,32,0.0986520295203609,0.8247477429633564,12,blood|colorectal,0.5803,0.4220833333333333,0.8208,0.014
Cardiovascular_Disease||Kidney_Clear_Cell_Carcinoma,HAND2,concordant,0.6333333333333333,6.333333333333335,120,0.574922147235857,0.944319036869827,34,blood|kidney,0.684,0.5991666666666666,0.6448,0.027
Cardiovascular_Disease||Kidney_Clear_Cell_Carcinoma,COPS5,concordant,0.6083333333333333,6.083333333333334,120,0.9252598834810974,0.9149736644093304,2,blood|kidney,0.684,0.5991666666666666,0.564,0.023
Cardiovascular_Disease||Kidney_Clear_Cell_Carcinoma,ZNF335,concordant,0.5666666666666667,5.666666666666668,120,0.6751949584621562,0.924755455229496,7,blood|kidney,0.684,0.5991666666666666,0.4446,0.041
Cardiovascular_Disease||Kidney_Clear_Cell_Carcinoma,SALL4,concordant,0.525,5.250000000000002,120,0.3751973463930679,0.9029345372460496,16,blood|kidney,0.684,0.5991666666666666,0.7574,0.018
Cardiovascular_Disease||Kidney_Clear_Cell_Carcinoma,ZFP64,concordant,0.5,5.000000000000001,120,0.6390217534697191,0.8976674191121143,4,blood|kidney,0.684,0.5991666666666666,0.7912,0.018
Cardiovascular_Disease||Kidney_Clear_Cell_Carcinoma,HOXB4,concordant,0.5,5.000000000000001,120,0.4884537059671922,0.9014296463506396,10,blood|kidney,0.684,0.5991666666666666,0.6194,0.027
Cardiovascular_Disease||Kidney_Clear_Cell_Carcinoma,APEX1,concordant,0.4833333333333333,4.833333333333335,120,0.1408012393658767,0.8878856282919488,37,blood|kidney,0.684,0.5991666666666666,0.8392,0.009
Cardiovascular_Disease||Kidney_Clear_Cell_Carcinoma,NFIL3,concordant,0.475,4.750000000000001,120,0.1699675556982831,0.890895410082769,30,blood|kidney,0.684,0.5991666666666666,0.8686,0.032
Cardiovascular_Disease||Kidney_Clear_Cell_Carcinoma,HOXB9,concordant,0.4666666666666667,4.666666666666668,120,0.4582834977956262,0.8931527464258842,7,blood|kidney,0.684,0.5991666666666666,0.7212,0.005
Cardiovascular_Disease||Kidney_Clear_Cell_Carcinoma,CDX1,concordant,0.4666666666666667,4.666666666666668,120,0.2280999677025148,0.8863807373965388,28,blood|kidney,0.684,0.5991666666666666,0.6806,0.041
Cardiovascular_Disease||Kidney_Clear_Cell_Carcinoma,MAML2,concordant,0.45,4.500000000000001,120,0.8401920164674608,0.873589164785553,2,blood|kidney,0.684,0.5991666666666666,0.7402,0.023
Cardiovascular_Disease||Kidney_Clear_Cell_Carcinoma,FOXN1,concordant,0.4416666666666666,4.416666666666668,120,0.2331544063506929,0.8924003009781791,50,blood|kidney,0.684,0.5991666666666666,0.7304,0.036
Cardiovascular_Disease||Kidney_Papillary_Cell_Carcinoma,HMGXB4,concordant,0.5982142857142857,5.9821428571428585,112,0.8755038888086426,0.9292701279157262,4,blood|kidney,0.7042499999999999,0.6425,0.5718,0.005
Cardiovascular_Disease||Kidney_Papillary_Cell_Carcinoma,HDAC7,concordant,0.5982142857142857,5.9821428571428585,112,0.389341444294387,0.927765237020316,13,blood|kidney,0.7042499999999999,0.6425,0.6606,0.018
Cardiovascular_Disease||Kidney_Papillary_Cell_Carcinoma,KAT6A,concordant,0.5625,5.625000000000001,112,0.3498289217003064,0.9157261098570354,10,blood|kidney,0.7042499999999999,0.6425,0.6846,0.018
Cardiovascular_Disease||Kidney_Papillary_Cell_Carcinoma,GLI3,concordant,0.5267857142857143,5.267857142857144,112,0.3393228045820098,0.9051918735891648,36,blood|kidney,0.7042499999999999,0.6425,0.8674,0.023
Cardiovascular_Disease||Kidney_Papillary_Cell_Carcinoma,SOX10,concordant,0.5178571428571429,5.178571428571431,112,0.5511488063617087,0.909706546275395,27,blood|kidney,0.7042499999999999,0.6425,0.6058,0.023
Cardiovascular_Disease||Kidney_Papillary_Cell_Carcinoma,MAML2,concordant,0.5,5.000000000000001,112,0.8956203350713765,0.8991723100075244,2,blood|kidney,0.7042499999999999,0.6425,0.7402,0.023
Cardiovascular_Disease||Kidney_Papillary_Cell_Carcinoma,SOX6,concordant,0.4821428571428571,4.821428571428573,112,0.2741240531072744,0.8856282919488337,20,blood|kidney,0.7042499999999999,0.6425,0.809,0.023
Cardiovascular_Disease||Kidney_Papillary_Cell_Carcinoma,RARB,concordant,0.4553571428571428,4.55357142857143,112,0.1888937738789421,0.8833709556057185,50,blood|kidney,0.7042499999999999,0.6425,0.8624,0.014
Cardiovascular_Disease||Kidney_Papillary_Cell_Carcinoma,DLX3,concordant,0.4464285714285714,4.464285714285715,112,0.411514714247902,0.8668171557562077,15,blood|kidney,0.7042499999999999,0.6425,0.7104,0.018
Cardiovascular_Disease||Kidney_Papillary_Cell_Carcinoma,TEAD1,concordant,0.4464285714285714,4.464285714285715,112,0.0917419320861504,0.8434913468773514,18,blood|kidney,0.7042499999999999,0.6425,0.7652,0.005
Cardiovascular_Disease||Kidney_Papillary_Cell_Carcinoma,MLXIPL,concordant,0.4375,4.375000000000001,112,0.2856052434783988,0.8826185101580135,16,blood|kidney,0.7042499999999999,0.6425,0.645,0.018
Cardiovascular_Disease||Kidney_Papillary_Cell_Carcinoma,NCOA4,concordant,0.4107142857142857,4.107142857142858,112,0.2042357495499257,0.8653122648607976,3,blood|kidney,0.7042499999999999,0.6425,0.7538,0.027
Cardiovascular_Disease||Liver_Cancer,PITX1,concordant,0.625,6.250000000000002,80,0.2470251309400994,0.9223057644110276,26,blood|liver,0.6427,0.4370833333333334,0.697,0.014
Cardiovascular_Disease||Liver_Cancer,HDAC7,concordant,0.6,6.000000000000001,80,0.2685881764984529,0.9147869674185464,13,blood|liver,0.6427,0.4370833333333334,0.6606,0.018
Cardiovascular_Disease||Liver_Cancer,ZNF410,concordant,0.5625,5.625000000000001,80,0.210291707244613,0.9072681704260652,3,blood|liver,0.6427,0.4370833333333334,0.7036,0.032
Cardiovascular_Disease||Liver_Cancer,MAML2,concordant,0.525,5.250000000000002,80,0.6826061658945233,0.899749373433584,2,blood|liver,0.6427,0.4370833333333334,0.7402,0.023
Cardiovascular_Disease||Liver_Cancer,HCFC1,concordant,0.5,5.000000000000001,80,0.1197809353531613,0.899749373433584,6,blood|liver,0.6427,0.4370833333333334,0.6074,0.036
Cardiovascular_Disease||Liver_Cancer,MEIS3,concordant,0.475,4.750000000000001,80,0.4904255026801206,0.8847117794486216,3,blood|liver,0.6427,0.4370833333333334,0.6152,0.023
Cardiovascular_Disease||Liver_Cancer,HOXA13,concordant,0.45,4.500000000000001,80,0.5394085973706254,0.8771929824561403,14,blood|liver,0.6427,0.4370833333333334,0.7964,0.05
Cardiovascular_Disease||Liver_Cancer,RORB,concordant,0.45,4.500000000000001,80,0.5044585854713655,0.8847117794486216,5,blood|liver,0.6427,0.4370833333333334,0.645,0.009
Cardiovascular_Disease||Liver_Cancer,ZBTB33,concordant,0.4375,4.375000000000001,80,0.2621269074164826,0.8245614035087719,11,blood|liver,0.6427,0.4370833333333334,0.7732,0.018
Cardiovascular_Disease||Liver_Cancer,NRF1,concordant,0.4375,4.375000000000001,80,0.1003421217696274,0.8922305764411027,81,blood|liver,0.6427,0.4370833333333334,0.8728,0.014
Cardiovascular_Disease||Liver_Cancer,PARK7,concordant,0.425,4.250000000000001,80,0.5596010131026157,0.8596491228070176,7,blood|liver,0.6427,0.4370833333333334,0.663,0.009
Cardiovascular_Disease||Liver_Cancer,GTF3A,concordant,0.425,4.250000000000001,80,0.2969232096166951,0.8546365914786967,24,blood|liver,0.6427,0.4370833333333334,0.7818,0.054
Cardiovascular_Disease||Lung_Cancer,TEAD4,concordant,0.5267857142857143,5.267857142857144,224,0.4548130864860017,0.9116251482799526,11,blood|lung,0.7129499999999999,0.51875,0.6126,0.027
Cardiovascular_Disease||Lung_Cancer,ELK4,concordant,0.5223214285714286,5.223214285714287,224,0.7560715856124886,0.9033214709371292,6,blood|lung,0.7129499999999999,0.51875,0.7246,0.023
Cardiovascular_Disease||Lung_Cancer,ZBTB2,concordant,0.4464285714285714,4.464285714285715,224,0.7183101039952589,0.8896797153024911,4,blood|lung,0.7129499999999999,0.51875,0.5374,0.018
Cardiovascular_Disease||Lung_Cancer,RAX,concordant,0.4330357142857143,4.330357142857144,224,0.8996808013197014,0.8784104389086596,2,blood|lung,0.7129499999999999,0.51875,0.5072,0.023
Cardiovascular_Disease||Lung_Cancer,ZNF224,concordant,0.4330357142857143,4.330357142857144,224,0.6984092036277596,0.8629893238434164,3,blood|lung,0.7129499999999999,0.51875,0.6294,0.023
Cardiovascular_Disease||Lung_Cancer,NFX1,concordant,0.4330357142857143,4.330357142857144,224,0.4926444110103548,0.8760379596678529,5,blood|lung,0.7129499999999999,0.51875,0.6418,0.009
Cardiovascular_Disease||Lung_Cancer,HDAC3,concordant,0.4285714285714285,4.285714285714287,224,0.276669824076362,0.8784104389086596,23,blood|lung,0.7129499999999999,0.51875,0.5756,0.032
Cardiovascular_Disease||Lung_Cancer,NCOR1,concordant,0.4285714285714285,4.285714285714287,224,0.1957306885317785,0.8701067615658363,76,blood|lung,0.7129499999999999,0.51875,0.7658,0.032
Cardiovascular_Disease||Lung_Cancer,TADA2A,concordant,0.4196428571428571,4.196428571428572,224,0.5147974841121938,0.8576512455516014,7,blood|lung,0.7129499999999999,0.51875,0.5722,0.009
Cardiovascular_Disease||Lung_Cancer,ISL1,concordant,0.4196428571428571,4.196428571428572,224,0.2592595299932688,0.8600237247924081,30,blood|lung,0.7129499999999999,0.51875,0.613,0.054
Cardiovascular_Disease||Lung_Cancer,ATF2,concordant,0.4017857142857143,4.017857142857144,224,0.2795671123844135,0.8505338078291815,107,blood|lung,0.7129499999999999,0.51875,0.7912,0.027
Cardiovascular_Disease||Lung_Cancer,RFXANK,concordant,0.3883928571428571,3.883928571428573,224,0.4236288725820777,0.8659549228944247,12,blood|lung,0.7129499999999999,0.51875,0.5524,0.032
Cardiovascular_Disease||Multiple_sclerosis,USF2,concordant,0.6730769230769231,6.730769230769233,208,0.2611583040103367,0.9426666666666668,103,blood|brain,0.7133499999999999,0.6941666666666666,0.7456,0.014
Cardiovascular_Disease||Multiple_sclerosis,PEG3,concordant,0.5865384615384616,5.865384615384617,208,0.4589541874366784,0.9216666666666666,8,blood|brain,0.7133499999999999,0.6941666666666666,0.7834,0.032
Cardiovascular_Disease||Multiple_sclerosis,CTCF,concordant,0.5817307692307693,5.817307692307694,208,0.2427841294552168,0.9126666666666666,126,blood|brain,0.7133499999999999,0.6941666666666666,0.7548,0.023
Cardiovascular_Disease||Multiple_sclerosis,HDAC5,concordant,0.5721153846153846,5.721153846153847,208,0.4731534471235875,0.9186666666666666,8,blood|brain,0.7133499999999999,0.6941666666666666,0.6398,0.014
Cardiovascular_Disease||Multiple_sclerosis,EGR1,concordant,0.5480769230769231,5.480769230769233,208,0.2455713773800579,0.927,323,blood|brain,0.7133499999999999,0.6941666666666666,0.7876,0.032
Cardiovascular_Disease||Multiple_sclerosis,GABPA,concordant,0.5432692307692307,5.432692307692308,208,0.3204908823864268,0.915,42,blood|brain,0.7133499999999999,0.6941666666666666,0.6942,0.027
Cardiovascular_Disease||Multiple_sclerosis,HOPX,concordant,0.5096153846153846,5.096153846153847,208,0.641845176351307,0.901,6,blood|brain,0.7133499999999999,0.6941666666666666,0.5576,0.018
Cardiovascular_Disease||Multiple_sclerosis,ESRRA,concordant,0.5096153846153846,5.096153846153847,208,0.2798201474692144,0.9016666666666666,41,blood|brain,0.7133499999999999,0.6941666666666666,0.715,0.023
Cardiovascular_Disease||Multiple_sclerosis,DLX6,concordant,0.4711538461538461,4.711538461538463,208,0.9308304583958464,0.893,2,blood|brain,0.7133499999999999,0.6941666666666666,0.6956,0.014
Cardiovascular_Disease||Multiple_sclerosis,POU2F2,concordant,0.4615384615384615,4.615384615384617,208,0.5283373955178872,0.8933333333333333,42,blood|brain,0.7133499999999999,0.6941666666666666,0.8746,0.014
Cardiovascular_Disease||Multiple_sclerosis,NEUROD1,concordant,0.4567307692307692,4.567307692307693,208,0.1780493725996206,0.8806666666666667,58,blood|brain,0.7133499999999999,0.6941666666666666,0.8378,0.023
Cardiovascular_Disease||Multiple_sclerosis,RARB,concordant,0.4519230769230769,4.51923076923077,208,0.2506321104126954,0.8643333333333333,50,blood|brain,0.7133499999999999,0.6941666666666666,0.8624,0.014
Cardiovascular_Disease||Pheochromocytoma_and_Paraganglioma,ZNF24,concordant,0.5375,5.375000000000001,80,0.6481779408531512,0.9250871080139372,5,adrenal|blood,0.6349000000000001,0.5145833333333333,0.6292,0.018
Cardiovascular_Disease||Pheochromocytoma_and_Paraganglioma,RFX1,concordant,0.525,5.250000000000002,80,0.3133339890308597,0.9094076655052264,22,adrenal|blood,0.6349000000000001,0.5145833333333333,0.765,0.027
Cardiovascular_Disease||Pheochromocytoma_and_Paraganglioma,LBX1,concordant,0.5,5.000000000000001,80,0.6848588163562941,0.9076655052264808,3,adrenal|blood,0.6349000000000001,0.5145833333333333,0.6976,0.018
Cardiovascular_Disease||Pheochromocytoma_and_Paraganglioma,MECP2,concordant,0.4875,4.875000000000001,80,0.2857824330651999,0.8850174216027874,33,adrenal|blood,0.6349000000000001,0.5145833333333333,0.6476,0.027
Cardiovascular_Disease||Pheochromocytoma_and_Paraganglioma,HDAC3,concordant,0.4875,4.875000000000001,80,0.2439879281212452,0.8972125435540069,23,adrenal|blood,0.6349000000000001,0.5145833333333333,0.5756,0.032
Cardiovascular_Disease||Pheochromocytoma_and_Paraganglioma,ETV1,concordant,0.45,4.500000000000001,80,0.3437822658055924,0.8519163763066202,20,adrenal|blood,0.6349000000000001,0.5145833333333333,0.7446,0.027
Cardiovascular_Disease||Pheochromocytoma_and_Paraganglioma,LMX1B,concordant,0.45,4.500000000000001,80,0.2961479239319787,0.8257839721254355,21,adrenal|blood,0.6349000000000001,0.5145833333333333,0.5696,0.009
Cardiovascular_Disease||Pheochromocytoma_and_Paraganglioma,PURB,concordant,0.4375,4.375000000000001,80,0.6830254744931192,0.8797909407665505,3,adrenal|blood,0.6349000000000001,0.5145833333333333,0.5222,0.014
Cardiovascular_Disease||Pheochromocytoma_and_Paraganglioma,SALL4,concordant,0.4375,4.375000000000001,80,0.2932394591145234,0.867595818815331,16,adrenal|blood,0.6349000000000001,0.5145833333333333,0.7574,0.018
Cardiovascular_Disease||Pheochromocytoma_and_Paraganglioma,MAML2,concordant,0.425,4.250000000000001,80,0.594852785636911,0.8275261324041812,2,adrenal|blood,0.6349000000000001,0.5145833333333333,0.7402,0.023
Cardiovascular_Disease||Pheochromocytoma_and_Paraganglioma,NCOR2,concordant,0.425,4.250000000000001,80,0.170523155122585,0.8588850174216028,60,adrenal|blood,0.6349000000000001,0.5145833333333333,0.756,0.027
Cardiovascular_Disease||Pheochromocytoma_and_Paraganglioma,TFEB,concordant,0.4125,4.125000000000001,80,0.4589823593502257,0.8240418118466899,5,adrenal|blood,0.6349000000000001,0.5145833333333333,0.8348,0.018
Cardiovascular_Disease||Psoriasis,ASXL1,concordant,0.484375,4.843750000000001,64,0.6289647929491814,0.8966292134831461,4,blood|skin,0.596,0.4925,0.7514,0.009
Cardiovascular_Disease||Psoriasis,COPS5,concordant,0.453125,4.531250000000001,64,0.8281252666850536,0.8831460674157303,2,blood|skin,0.596,0.4925,0.564,0.023
Cardiovascular_Disease||Psoriasis,SALL3,concordant,0.453125,4.531250000000001,64,0.5234349002043203,0.8775280898876404,8,blood|skin,0.596,0.4925,0.5114,0.018
Cardiovascular_Disease||Psoriasis,NUPR1,concordant,0.40625,4.062500000000001,64,0.49117198913255,0.8157303370786517,5,blood|skin,0.596,0.4925,0.7064,0.018
Cardiovascular_Disease||Psoriasis,ASH1L,concordant,0.375,3.750000000000001,64,0.490403498726598,0.8460674157303371,4,blood|skin,0.596,0.4925,0.7396,0.032
Cardiovascular_Disease||Psoriasis,NFKBIB,concordant,0.375,3.750000000000001,64,0.3020875219369022,0.8404494382022472,16,blood|skin,0.596,0.4925,0.527,0.045
Cardiovascular_Disease||Psoriasis,TBX3,concordant,0.375,3.750000000000001,64,0.2045255198176483,0.8146067415730337,18,blood|skin,0.596,0.4925,0.6498,0.023
Cardiovascular_Disease||Psoriasis,PIN1,concordant,0.359375,3.593750000000001,64,0.6207476072225468,0.8123595505617978,5,blood|skin,0.596,0.4925,0.5714,0.014
Cardiovascular_Disease||Psoriasis,KLF10,concordant,0.359375,3.593750000000001,64,0.4170552182429633,0.8550561797752809,27,blood|skin,0.596,0.4925,0.8264,0.018
Cardiovascular_Disease||Psoriasis,NOTCH1,concordant,0.359375,3.593750000000001,64,0.2078884163513396,0.7966292134831461,60,blood|skin,0.596,0.4925,0.8954,0.014
Cardiovascular_Disease||Psoriasis,HDAC5,concordant,0.34375,3.437500000000001,64,0.4081684555084174,0.8067415730337079,8,blood|skin,0.596,0.4925,0.6398,0.014
Cardiovascular_Disease||Psoriasis,FGF2,concordant,0.328125,3.281250000000001,64,0.4171111407796304,0.8382022471910112,9,blood|skin,0.596,0.4925,0.6388,0.023
Cardiovascular_Disease||Rectal_Cancer,ELF4,concordant,0.54375,5.437500000000001,160,0.2553434927539126,0.9129049389272438,38,blood|colorectal,0.61155,0.3966666666666667,0.8578,0.014
Cardiovascular_Disease||Rectal_Cancer,NCOR1,concordant,0.4625,4.625000000000001,160,0.3521940707306093,0.8858204992033988,76,blood|colorectal,0.61155,0.3966666666666667,0.7658,0.032
Cardiovascular_Disease||Rectal_Cancer,KMT2E,concordant,0.45625,4.562500000000001,160,0.6492173802936945,0.862453531598513,3,blood|colorectal,0.61155,0.3966666666666667,0.5022,0.018
Cardiovascular_Disease||Rectal_Cancer,TRPS1,concordant,0.45,4.500000000000001,160,0.3360442757259464,0.877854487519915,14,blood|colorectal,0.61155,0.3966666666666667,0.73,0.027
Cardiovascular_Disease||Rectal_Cancer,ATF1,concordant,0.39375,3.937500000000001,160,0.170703943624579,0.8220924057355284,71,blood|colorectal,0.61155,0.3966666666666667,0.6508,0.023
Cardiovascular_Disease||Rectal_Cancer,ELF3,concordant,0.38125,3.8125,160,0.3314716367414135,0.8385554965480616,29,blood|colorectal,0.61155,0.3966666666666667,0.7716,0.023
Cardiovascular_Disease||Rectal_Cancer,NOTCH1,concordant,0.38125,3.8125,160,0.1687918232734169,0.8656399362719065,60,blood|colorectal,0.61155,0.3966666666666667,0.8954,0.014
Cardiovascular_Disease||Rectal_Cancer,ARX,concordant,0.375,3.750000000000001,160,0.3001561650460848,0.8412108337758896,23,blood|colorectal,0.61155,0.3966666666666667,0.6422,0.027
Cardiovascular_Disease||Rectal_Cancer,CREB3L1,concordant,0.375,3.750000000000001,160,0.1874599444383206,0.6749867233138609,10,blood|colorectal,0.61155,0.3966666666666667,0.6626,0.023
Cardiovascular_Disease||Rectal_Cancer,POU2F2,discordant,0.3625,3.625000000000001,160,-0.1499950819448031,0.6043547530536378,42,blood|colorectal,0.61155,0.3966666666666667,0.8746,0.014
Cardiovascular_Disease||Rectal_Cancer,ZBTB18,concordant,0.35625,3.562500000000001,160,0.5279267591019954,0.7838555496548062,8,blood|colorectal,0.61155,0.3966666666666667,0.6774,0.032
Cardiovascular_Disease||Rectal_Cancer,CIC,concordant,0.35625,3.562500000000001,160,0.3185392311206851,0.8114710568242167,3,blood|colorectal,0.61155,0.3966666666666667,0.8384,0.041
Cardiovascular_Disease||Sarcoma,HLF,concordant,0.5375,5.375000000000001,80,0.3370182373981143,0.9168591224018476,18,blood|soft_tissue,0.60765,0.3779166666666667,0.8862,0.014
Cardiovascular_Disease||Sarcoma,NCOR2,concordant,0.5125,5.125000000000001,80,0.2923868922440544,0.9030023094688222,60,blood|soft_tissue,0.60765,0.3779166666666667,0.756,0.027
Cardiovascular_Disease||Sarcoma,TFAM,concordant,0.4875,4.875000000000001,80,0.291408388363742,0.8960739030023095,12,blood|soft_tissue,0.60765,0.3779166666666667,0.7186,0.005
Cardiovascular_Disease||Sarcoma,TBP,concordant,0.4875,4.875000000000001,80,0.1599413598253299,0.8891454965357968,140,blood|soft_tissue,0.60765,0.3779166666666667,0.731,0.014
Cardiovascular_Disease||Sarcoma,ZMYND8,concordant,0.475,4.750000000000001,80,0.2708316435383158,0.8937644341801386,8,blood|soft_tissue,0.60765,0.3779166666666667,0.6548,0.027
Cardiovascular_Disease||Sarcoma,ATF2,concordant,0.4625,4.625000000000001,80,0.3134010959292814,0.8799076212471132,107,blood|soft_tissue,0.60765,0.3779166666666667,0.7912,0.027
Cardiovascular_Disease||Sarcoma,PAX8,concordant,0.4625,4.625000000000001,80,0.2089847630212526,0.8937644341801386,28,blood|soft_tissue,0.60765,0.3779166666666667,0.621,0.023
Cardiovascular_Disease||Sarcoma,FOXH1,concordant,0.45,4.500000000000001,80,0.5305299103880208,0.8729792147806005,12,blood|soft_tissue,0.60765,0.3779166666666667,0.743,0.014
Cardiovascular_Disease||Sarcoma,E4F1,concordant,0.45,4.500000000000001,80,0.4902882612223197,0.8799076212471132,9,blood|soft_tissue,0.60765,0.3779166666666667,0.5102,0.023
Cardiovascular_Disease||Sarcoma,USF2,concordant,0.45,4.500000000000001,80,0.2536875324618862,0.8614318706697459,103,blood|soft_tissue,0.60765,0.3779166666666667,0.7456,0.014
Cardiovascular_Disease||Sarcoma,CTNNB1,concordant,0.45,4.500000000000001,80,0.1935676930762873,0.8822170900692841,295,blood|soft_tissue,0.60765,0.3779166666666667,0.8752,0.009
Cardiovascular_Disease||Sarcoma,HBP1,concordant,0.4375,4.375000000000001,80,0.147436199264734,0.8822170900692841,43,blood|soft_tissue,0.60765,0.3779166666666667,0.7222,0.032
Cardiovascular_Disease||Stomach_Cancer,ATF1,concordant,0.4958333333333333,4.958333333333335,240,0.3693985219951701,0.8950930626057529,71,blood|stomach,0.62735,0.53375,0.6508,0.023
Cardiovascular_Disease||Stomach_Cancer,NCOR1,concordant,0.4791666666666667,4.791666666666668,240,0.3747671151667487,0.8967851099830795,76,blood|stomach,0.62735,0.53375,0.7658,0.032
Cardiovascular_Disease||Stomach_Cancer,HIC1,concordant,0.4791666666666667,4.791666666666668,240,0.1799417433637569,0.8900169204737732,20,blood|stomach,0.62735,0.53375,0.7938,0.009
Cardiovascular_Disease||Stomach_Cancer,FOSL2,concordant,0.4333333333333333,4.333333333333335,240,0.2773352058367705,0.8781725888324873,39,blood|stomach,0.62735,0.53375,0.8884,0.036
Cardiovascular_Disease||Stomach_Cancer,NPAS1,concordant,0.425,4.250000000000001,240,0.4259208756818462,0.8544839255499154,4,blood|stomach,0.62735,0.53375,0.6606,0.027
Cardiovascular_Disease||Stomach_Cancer,KLF8,concordant,0.4083333333333333,4.083333333333334,240,0.1332935206130374,0.8730964467005076,20,blood|stomach,0.62735,0.53375,0.699,0.009
Cardiovascular_Disease||Stomach_Cancer,TCF7,concordant,0.4041666666666667,4.041666666666668,240,0.3056099931669581,0.8417935702199661,22,blood|stomach,0.62735,0.53375,0.8872,0.023
Cardiovascular_Disease||Stomach_Cancer,NFE2L2,concordant,0.4041666666666667,4.041666666666668,240,0.2110721239833429,0.8409475465313029,171,blood|stomach,0.62735,0.53375,0.8022,0.032
Cardiovascular_Disease||Stomach_Cancer,CREB3L4,concordant,0.3958333333333333,3.958333333333334,240,0.9059564462330254,0.8553299492385786,2,blood|stomach,0.62735,0.53375,0.497,0.005
Cardiovascular_Disease||Stomach_Cancer,TFCP2,concordant,0.3708333333333333,3.7083333333333344,240,0.0945794893643497,0.8646362098138748,60,blood|stomach,0.62735,0.53375,0.8102,0.018
Cardiovascular_Disease||Stomach_Cancer,FOXH1,concordant,0.3666666666666666,3.6666666666666674,240,0.3509628218840106,0.8460236886632826,12,blood|stomach,0.62735,0.53375,0.743,0.014
Cardiovascular_Disease||Stomach_Cancer,POU2AF1,concordant,0.3625,3.625000000000001,240,0.4355522713199366,0.8375634517766497,5,blood|stomach,0.62735,0.53375,0.6704,0.018
Cardiovascular_Disease||Stroke,TLE5,concordant,0.6666666666666666,6.666666666666668,24,0.9185927478653296,0.9389090909090908,4,blood|blood,0.5196000000000001,0.27125,0.6754,0.005
Cardiovascular_Disease||Stroke,NR1H2,concordant,0.6666666666666666,6.666666666666668,24,0.4281033806191006,0.92,44,blood|blood,0.5196000000000001,0.27125,0.7096,0.023
Cardiovascular_Disease||Stroke,ZNF143,concordant,0.625,6.250000000000002,24,0.5090039374839219,0.9389090909090908,24,blood|blood,0.5196000000000001,0.27125,0.6582,0.014
Cardiovascular_Disease||Stroke,AEBP1,concordant,0.5,5.000000000000001,24,0.8548579057482658,0.8872727272727273,5,blood|blood,0.5196000000000001,0.27125,0.7756,0.036
Cardiovascular_Disease||Stroke,HOXB3,concordant,0.5,5.000000000000001,24,0.7521783090641712,0.8901818181818182,5,blood|blood,0.5196000000000001,0.27125,0.6262,0.041
Cardiovascular_Disease||Stroke,BCL11B,concordant,0.5,5.000000000000001,24,0.5707295364913526,0.8392727272727273,23,blood|blood,0.5196000000000001,0.27125,0.8212,0.041
Cardiovascular_Disease||Stroke,SOX4,concordant,0.5,5.000000000000001,24,0.4798431529451861,0.8981818181818182,22,blood|blood,0.5196000000000001,0.27125,0.826,0.023
Cardiovascular_Disease||Stroke,HSF2,concordant,0.5,5.000000000000001,24,0.4730711706314913,0.858909090909091,18,blood|blood,0.5196000000000001,0.27125,0.7122,0.009
Cardiovascular_Disease||Stroke,ESRRA,concordant,0.5,5.000000000000001,24,0.4505816964083983,0.8770909090909091,41,blood|blood,0.5196000000000001,0.27125,0.7024,0.023
Cardiovascular_Disease||Stroke,NFIL3,concordant,0.5,5.000000000000001,24,0.4049504603043169,0.6741818181818182,30,blood|blood,0.5196000000000001,0.27125,0.8484,0.032
Cardiovascular_Disease||Stroke,TCF3,concordant,0.5,5.000000000000001,24,0.3386369184592338,0.7083636363636364,118,blood|blood,0.5196000000000001,0.27125,0.8202,0.032
Cardiovascular_Disease||Stroke,ISL1,concordant,0.5,5.000000000000001,24,0.3386299522687475,0.8050909090909091,30,blood|blood,0.5196000000000001,0.27125,0.6344,0.054
Cardiovascular_Disease||Thymoma,ZNF224,concordant,0.775,7.750000000000002,80,0.7612649728881378,0.9568527918781726,3,blood|thymus,0.74535,0.5816666666666667,0.6294,0.023
Cardiovascular_Disease||Thymoma,MNT,concordant,0.7625,7.625000000000001,80,0.2706217759507575,0.9365482233502538,10,blood|thymus,0.74535,0.5816666666666667,0.758,0.023
Cardiovascular_Disease||Thymoma,CIC,concordant,0.7375,7.375000000000002,80,0.5075549292817533,0.934010152284264,3,blood|thymus,0.74535,0.5816666666666667,0.8384,0.041
Cardiovascular_Disease||Thymoma,HOXB4,concordant,0.6875,6.875000000000002,80,0.662382418529063,0.9467005076142132,10,blood|thymus,0.74535,0.5816666666666667,0.6194,0.027
Cardiovascular_Disease||Thymoma,DAXX,concordant,0.675,6.750000000000002,80,0.7547368311463205,0.9517766497461928,5,blood|thymus,0.74535,0.5816666666666667,0.5728,0.014
Cardiovascular_Disease||Thymoma,HEYL,concordant,0.6375,6.375000000000001,80,0.6361613706916975,0.931472081218274,5,blood|thymus,0.74535,0.5816666666666667,0.7252,0.041
Cardiovascular_Disease||Thymoma,ATOH1,concordant,0.6,6.000000000000001,80,0.6144301382967035,0.9568527918781726,8,blood|thymus,0.74535,0.5816666666666667,0.5258,0.014
Cardiovascular_Disease||Thymoma,ZXDA,concordant,0.575,5.750000000000001,80,0.7636406807189908,0.9213197969543148,2,blood|thymus,0.74535,0.5816666666666667,0.6366,0.009
Cardiovascular_Disease||Thymoma,NCOA4,concordant,0.5625,5.625000000000001,80,0.3773658321551059,0.9365482233502538,3,blood|thymus,0.74535,0.5816666666666667,0.7538,0.027
Cardiovascular_Disease||Thymoma,PAX7,concordant,0.5625,5.625000000000001,80,0.3176374974665928,0.9213197969543148,13,blood|thymus,0.74535,0.5816666666666667,0.523,0.018
Cardiovascular_Disease||Thymoma,TCF3,concordant,0.5625,5.625000000000001,80,0.1993648147007636,0.9060913705583756,118,blood|thymus,0.74535,0.5816666666666667,0.8332,0.032
Cardiovascular_Disease||Thymoma,MEOX1,concordant,0.55,5.500000000000002,80,0.6527422048142555,0.934010152284264,7,blood|thymus,0.74535,0.5816666666666667,0.6476,0.014
Cardiovascular_Disease||Thyroid_Cancer,BRD4,concordant,0.6521739130434783,6.521739130434784,184,0.2338004772974963,0.935349322210636,10,blood|thyroid,0.7062,0.5866666666666667,0.7504,0.027
Cardiovascular_Disease||Thyroid_Cancer,ZNF410,concordant,0.592391304347826,5.923913043478262,184,0.5993566773139266,0.9165797705943692,3,blood|thyroid,0.7062,0.5866666666666667,0.7036,0.032
Cardiovascular_Disease||Thyroid_Cancer,TBX2,concordant,0.5760869565217391,5.7608695652173925,184,0.3396722867726111,0.9207507820646508,28,blood|thyroid,0.7062,0.5866666666666667,0.6582,0.014
Cardiovascular_Disease||Thyroid_Cancer,HOXB5,concordant,0.5489130434782609,5.48913043478261,184,0.5640023736638965,0.9103232533889468,5,blood|thyroid,0.7062,0.5866666666666667,0.6402,0.027
Cardiovascular_Disease||Thyroid_Cancer,PEG3,concordant,0.5,5.000000000000001,184,0.5567489855027941,0.899895724713243,8,blood|thyroid,0.7062,0.5866666666666667,0.6098,0.032
Cardiovascular_Disease||Thyroid_Cancer,CIC,concordant,0.4891304347826087,4.891304347826088,184,0.4202456453873057,0.8988529718456726,3,blood|thyroid,0.7062,0.5866666666666667,0.8384,0.041
Cardiovascular_Disease||Thyroid_Cancer,MECP2,concordant,0.483695652173913,4.836956521739132,184,0.2179469434393326,0.8905109489051095,33,blood|thyroid,0.7062,0.5866666666666667,0.6476,0.027
Cardiovascular_Disease||Thyroid_Cancer,RAX,concordant,0.4782608695652174,4.782608695652175,184,0.9135033014533622,0.8925964546402503,2,blood|thyroid,0.7062,0.5866666666666667,0.5072,0.023
Cardiovascular_Disease||Thyroid_Cancer,FOXP4,concordant,0.4728260869565217,4.728260869565219,184,0.7548619047833746,0.8884254431699687,3,blood|thyroid,0.7062,0.5866666666666667,0.5468,0.032
Cardiovascular_Disease||Thyroid_Cancer,PPARD,concordant,0.4728260869565217,4.728260869565219,184,0.3002006193739726,0.886339937434828,90,blood|thyroid,0.7062,0.5866666666666667,0.7978,0.032
Cardiovascular_Disease||Thyroid_Cancer,NFIA,concordant,0.4619565217391304,4.6195652173913055,184,0.1709098708917871,0.8915537017726799,48,blood|thyroid,0.7062,0.5866666666666667,0.6162,0.041
Cardiovascular_Disease||Thyroid_Cancer,MYCN,concordant,0.4510869565217391,4.5108695652173925,184,0.1410297404437177,0.8790406673618353,130,blood|thyroid,0.7062,0.5866666666666667,0.767,0.023
Cardiovascular_Disease||Uterine_Corpus_Endometrial_Carcinoma,RFX1,concordant,0.6041666666666666,6.041666666666668,48,0.4180038254335455,0.9444444444444444,22,blood|uterus_endometrium,0.6348,0.4404166666666667,0.765,0.027
Cardiovascular_Disease||Uterine_Corpus_Endometrial_Carcinoma,SOX10,concordant,0.5833333333333334,5.833333333333335,48,0.4162911715407025,0.914021164021164,27,blood|uterus_endometrium,0.6348,0.4404166666666667,0.6058,0.023
Cardiovascular_Disease||Uterine_Corpus_Endometrial_Carcinoma,GSC,concordant,0.5625,5.625000000000001,48,0.5814409623469661,0.9074074074074074,10,blood|uterus_endometrium,0.6348,0.4404166666666667,0.4962,0.018
Cardiovascular_Disease||Uterine_Corpus_Endometrial_Carcinoma,DOT1L,concordant,0.5208333333333334,5.208333333333335,48,0.7978149525255582,0.9074074074074074,6,blood|uterus_endometrium,0.6348,0.4404166666666667,0.573,0.014
Cardiovascular_Disease||Uterine_Corpus_Endometrial_Carcinoma,EN2,concordant,0.5,5.000000000000001,48,0.907821124296172,0.8941798941798942,2,blood|uterus_endometrium,0.6348,0.4404166666666667,0.5402,0.014
Cardiovascular_Disease||Uterine_Corpus_Endometrial_Carcinoma,BCL6B,concordant,0.4583333333333333,4.583333333333334,48,0.7070487026629224,0.8624338624338624,3,blood|uterus_endometrium,0.6348,0.4404166666666667,0.607,0.005
Cardiovascular_Disease||Uterine_Corpus_Endometrial_Carcinoma,SALL3,concordant,0.4583333333333333,4.583333333333334,48,0.4448765089014843,0.8544973544973545,8,blood|uterus_endometrium,0.6348,0.4404166666666667,0.5114,0.018
Cardiovascular_Disease||Uterine_Corpus_Endometrial_Carcinoma,DBP,concordant,0.4583333333333333,4.583333333333334,48,0.3013731333599622,0.8822751322751323,33,blood|uterus_endometrium,0.6348,0.4404166666666667,0.7052,0.018
Cardiovascular_Disease||Uterine_Corpus_Endometrial_Carcinoma,TFAP2C,concordant,0.4583333333333333,4.583333333333334,48,0.2990666968009935,0.8743386243386243,30,blood|uterus_endometrium,0.6348,0.4404166666666667,0.6642,0.032
Cardiovascular_Disease||Uterine_Corpus_Endometrial_Carcinoma,NCOA4,concordant,0.4583333333333333,4.583333333333334,48,0.2542637719614607,0.7738095238095238,3,blood|uterus_endometrium,0.6348,0.4404166666666667,0.7538,0.027
Cardiovascular_Disease||Uterine_Corpus_Endometrial_Carcinoma,PHOX2B,concordant,0.4375,4.375000000000001,48,0.477496693074913,0.8915343915343915,12,blood|uterus_endometrium,0.6348,0.4404166666666667,0.4372,0.014
Cardiovascular_Disease||Uterine_Corpus_Endometrial_Carcinoma,ZNF335,concordant,0.4375,4.375000000000001,48,0.4524441373764364,0.8875661375661376,7,blood|uterus_endometrium,0.6348,0.4404166666666667,0.4446,0.041
Cardiovascular_Disease||lower_grade_glioma_and_glioblastoma,HOXB5,concordant,0.657608695652174,6.576086956521741,184,0.692476586449324,0.9473333333333334,5,blood|brain,0.7162000000000001,0.6420833333333333,0.6876,0.027
Cardiovascular_Disease||lower_grade_glioma_and_glioblastoma,TRERF1,concordant,0.5597826086956522,5.597826086956523,184,0.5079835736584419,0.92,15,blood|brain,0.7162000000000001,0.6420833333333333,0.531,0.041
Cardiovascular_Disease||lower_grade_glioma_and_glioblastoma,MLXIPL,concordant,0.5108695652173914,5.108695652173915,184,0.3509098166159097,0.903,16,blood|brain,0.7162000000000001,0.6420833333333333,0.645,0.018
Cardiovascular_Disease||lower_grade_glioma_and_glioblastoma,HTATIP2,concordant,0.5,5.000000000000001,184,0.3976473282602718,0.8983333333333333,16,blood|brain,0.7162000000000001,0.6420833333333333,0.7124,0.023
Cardiovascular_Disease||lower_grade_glioma_and_glioblastoma,GSC,concordant,0.4945652173913043,4.945652173913044,184,0.5752460110123956,0.895,10,blood|brain,0.7162000000000001,0.6420833333333333,0.784,0.018
Cardiovascular_Disease||lower_grade_glioma_and_glioblastoma,NR1H4,concordant,0.4239130434782608,4.239130434782609,184,0.2924098283966326,0.8666666666666667,115,blood|brain,0.7162000000000001,0.6420833333333333,0.7134,0.005
Cardiovascular_Disease||lower_grade_glioma_and_glioblastoma,TFAP2E,concordant,0.4076086956521739,4.07608695652174,184,0.8090787100732234,0.8603333333333333,3,blood|brain,0.7162000000000001,0.6420833333333333,0.7862,0.023
Cardiovascular_Disease||lower_grade_glioma_and_glioblastoma,NR3C1,concordant,0.4021739130434782,4.021739130434784,184,0.2825284815696114,0.8863333333333333,252,blood|brain,0.7162000000000001,0.6420833333333333,0.8978,0.018
Cardiovascular_Disease||lower_grade_glioma_and_glioblastoma,FOXF1,concordant,0.3695652173913043,3.695652173913044,184,0.8368622524191944,0.8363333333333334,7,blood|brain,0.7162000000000001,0.6420833333333333,0.8198,0.023
Cardiovascular_Disease||lower_grade_glioma_and_glioblastoma,IRX4,concordant,0.3695652173913043,3.695652173913044,184,0.4833044164970623,0.7913333333333333,4,blood|brain,0.7162000000000001,0.6420833333333333,0.5432,0.014
Cardiovascular_Disease||lower_grade_glioma_and_glioblastoma,IRF9,concordant,0.3641304347826087,3.641304347826088,184,0.3788724069544369,0.8076666666666666,21,blood|brain,0.7162000000000001,0.6420833333333333,0.7536,0.032
Cardiovascular_Disease||lower_grade_glioma_and_glioblastoma,ZNF436,concordant,0.3423913043478261,3.4239130434782616,184,0.4640818436281877,0.8393333333333334,6,blood|brain,0.7162000000000001,0.6420833333333333,0.578,0.032
Cervical_Cancer||Stroke,RERE,concordant,0.8717948717948718,8.71794871794872,39,0.7196784589876425,0.9392789373814042,3,blood|cervix,0.5503,0.5958333333333333,0.6984,0.036
Cervical_Cancer||Stroke,KLF4,concordant,0.7948717948717948,7.94871794871795,39,0.1032449835005662,0.9392789373814042,114,blood|cervix,0.5503,0.5958333333333333,0.8704,0.023
Cervical_Cancer||Stroke,ZNF350,concordant,0.7435897435897436,7.435897435897438,39,0.4435610130205066,0.9601518026565464,9,blood|cervix,0.5503,0.5958333333333333,0.7188,0.009
Cervical_Cancer||Stroke,CREBBP,concordant,0.6923076923076923,6.923076923076924,39,0.1098122539959414,0.9620493358633776,30,blood|cervix,0.5503,0.5958333333333333,0.815,0.018
Cervical_Cancer||Stroke,RBPJ,discordant,0.6923076923076923,6.923076923076924,39,-0.0184707532844849,0.918406072106262,134,blood|cervix,0.5503,0.5958333333333333,0.8768,0.054
Cervical_Cancer||Stroke,HR,concordant,0.6410256410256411,6.410256410256412,39,0.1782132840468065,0.9772296015180264,84,blood|cervix,0.5503,0.5958333333333333,0.7352,0.027
Cervical_Cancer||Stroke,SMAD2,concordant,0.6410256410256411,6.410256410256412,39,0.1417233956869164,0.9089184060721064,93,blood|cervix,0.5503,0.5958333333333333,0.6614,0.009
Cervical_Cancer||Stroke,LHX3,concordant,0.6153846153846154,6.153846153846156,39,0.4879938091852874,0.9430740037950665,8,blood|cervix,0.5503,0.5958333333333333,0.5306,0.023
Cervical_Cancer||Stroke,SOX6,concordant,0.5384615384615384,5.384615384615386,39,0.1398010557818442,0.9032258064516128,20,blood|cervix,0.5503,0.5958333333333333,0.7976,0.023
Cervical_Cancer||Stroke,NR4A2,concordant,0.5128205128205128,5.128205128205129,39,0.3160876444830575,0.9108159392789372,54,blood|cervix,0.5503,0.5958333333333333,0.6658,0.018
Cervical_Cancer||Stroke,HIVEP3,concordant,0.5128205128205128,5.128205128205129,39,0.1938528819712127,0.8975332068311196,6,blood|cervix,0.5503,0.5958333333333333,0.7044,0.009
Cervical_Cancer||Stroke,MBD2,discordant,0.4871794871794871,4.871794871794873,39,-0.021022934180797,0.8861480075901328,77,blood|cervix,0.5503,0.5958333333333333,0.76,0.009
Chronic_obstructive_pulmonary_disease_(COPD)||Colon_and_Rectal_Cancer,XBP1,concordant,0.5344129554655871,5.344129554655872,247,0.2432321356417295,0.904397705544933,47,colorectal|lung,0.6546000000000001,0.5995833333333334,,0.014
Chronic_obstructive_pulmonary_disease_(COPD)||Colon_and_Rectal_Cancer,TCF7L2,concordant,0.5060728744939271,5.060728744939272,247,0.2498119162748153,0.9005736137667304,106,colorectal|lung,0.6546000000000001,0.5995833333333334,,0.018
Chronic_obstructive_pulmonary_disease_(COPD)||Colon_and_Rectal_Cancer,KLF11,concordant,0.4331983805668016,4.331983805668017,247,0.3466546286337992,0.884321223709369,21,colorectal|lung,0.6546000000000001,0.5995833333333334,,0.009
Chronic_obstructive_pulmonary_disease_(COPD)||Colon_and_Rectal_Cancer,KLF3,concordant,0.4251012145748988,4.251012145748989,247,0.4768889645838393,0.869980879541109,9,colorectal|lung,0.6546000000000001,0.5995833333333334,,0.009
Chronic_obstructive_pulmonary_disease_(COPD)||Colon_and_Rectal_Cancer,RCOR2,concordant,0.4129554655870445,4.129554655870447,247,0.3220643869586192,0.8623326959847036,14,colorectal|lung,0.6546000000000001,0.5995833333333334,,0.027
Chronic_obstructive_pulmonary_disease_(COPD)||Colon_and_Rectal_Cancer,VDR,concordant,0.4048582995951417,4.048582995951418,247,0.1250325729972932,0.864244741873805,129,colorectal|lung,0.6546000000000001,0.5995833333333334,,0.027
Chronic_obstructive_pulmonary_disease_(COPD)||Colon_and_Rectal_Cancer,PIAS1,concordant,0.3967611336032389,3.9676113360323897,247,0.5754433993536384,0.8489483747609943,4,colorectal|lung,0.6546000000000001,0.5995833333333334,,0.014
Chronic_obstructive_pulmonary_disease_(COPD)||Colon_and_Rectal_Cancer,TCF7L1,concordant,0.3967611336032389,3.9676113360323897,247,0.4648549841981898,0.8766730401529637,5,colorectal|lung,0.6546000000000001,0.5995833333333334,,0.009
Chronic_obstructive_pulmonary_disease_(COPD)||Colon_and_Rectal_Cancer,L3MBTL1,concordant,0.388663967611336,3.886639676113361,247,0.8042581555905828,0.8718929254302104,3,colorectal|lung,0.6546000000000001,0.5995833333333334,,0.014
Chronic_obstructive_pulmonary_disease_(COPD)||Colon_and_Rectal_Cancer,DLX6,concordant,0.3846153846153846,3.846153846153847,247,0.868881829801802,0.858508604206501,2,colorectal|lung,0.6546000000000001,0.5995833333333334,,0.014
Chronic_obstructive_pulmonary_disease_(COPD)||Colon_and_Rectal_Cancer,FOXQ1,concordant,0.3846153846153846,3.846153846153847,247,0.2631789929327695,0.861376673040153,15,colorectal|lung,0.6546000000000001,0.5995833333333334,,0.009
Chronic_obstructive_pulmonary_disease_(COPD)||Colon_and_Rectal_Cancer,FOXA3,concordant,0.3724696356275304,3.7246963562753046,247,0.2082569582171138,0.847036328871893,12,colorectal|lung,0.6546000000000001,0.5995833333333334,,0.018
Chronic_obstructive_pulmonary_disease_(COPD)||Endometrioid_Cancer,HIF1A,concordant,0.4423076923076923,4.423076923076924,156,0.0161438198164498,0.739406779661017,411,lung|uterus_endometrium,0.60785,0.2866666666666666,,0.009
Chronic_obstructive_pulmonary_disease_(COPD)||Endometrioid_Cancer,ARID4A,concordant,0.4294871794871794,4.294871794871796,156,0.2533176031618631,0.6991525423728814,5,lung|uterus_endometrium,0.60785,0.2866666666666666,,0.032
Chronic_obstructive_pulmonary_disease_(COPD)||Endometrioid_Cancer,KMT2A,concordant,0.4294871794871794,4.294871794871796,156,0.1251556532087095,0.8686440677966102,61,lung|uterus_endometrium,0.60785,0.2866666666666666,,0.014
Chronic_obstructive_pulmonary_disease_(COPD)||Endometrioid_Cancer,NFE2L2,discordant,0.4294871794871794,4.294871794871796,156,-0.0221969248052884,0.6822033898305084,171,lung|uterus_endometrium,0.60785,0.2866666666666666,,0.032
Chronic_obstructive_pulmonary_disease_(COPD)||Endometrioid_Cancer,IKZF3,concordant,0.4230769230769231,4.230769230769232,156,0.1707942021407288,0.8305084745762712,6,lung|uterus_endometrium,0.60785,0.2866666666666666,,0.018
Chronic_obstructive_pulmonary_disease_(COPD)||Endometrioid_Cancer,NFATC2,concordant,0.4230769230769231,4.230769230769232,156,0.1652200131894066,0.8601694915254238,84,lung|uterus_endometrium,0.60785,0.2866666666666666,,0.014
Chronic_obstructive_pulmonary_disease_(COPD)||Endometrioid_Cancer,RARG,concordant,0.4166666666666667,4.166666666666668,156,0.2210864476111484,0.8792372881355932,28,lung|uterus_endometrium,0.60785,0.2866666666666666,,0.036
Chronic_obstructive_pulmonary_disease_(COPD)||Endometrioid_Cancer,HOXC6,concordant,0.4166666666666667,4.166666666666668,156,0.0796135522727574,0.7415254237288136,12,lung|uterus_endometrium,0.60785,0.2866666666666666,,0.023
Chronic_obstructive_pulmonary_disease_(COPD)||Endometrioid_Cancer,REL,discordant,0.4038461538461538,4.038461538461539,156,-0.0217719448513156,0.6991525423728814,709,lung|uterus_endometrium,0.60785,0.2866666666666666,,0.014
Chronic_obstructive_pulmonary_disease_(COPD)||Endometrioid_Cancer,TAF1,discordant,0.4038461538461538,4.038461538461539,156,-0.030778172201816,0.7372881355932204,39,lung|uterus_endometrium,0.60785,0.2866666666666666,,0.014
Chronic_obstructive_pulmonary_disease_(COPD)||Endometrioid_Cancer,SP3,discordant,0.4038461538461538,4.038461538461539,156,-0.1464703840130137,0.538135593220339,391,lung|uterus_endometrium,0.60785,0.2866666666666666,,0.009
Chronic_obstructive_pulmonary_disease_(COPD)||Endometrioid_Cancer,E2F5,concordant,0.3974358974358974,3.974358974358975,156,0.2967425539224877,0.8580508474576272,12,lung|uterus_endometrium,0.60785,0.2866666666666666,,0.023
Chronic_obstructive_pulmonary_disease_(COPD)||Esophageal_Cancer,IRF2BPL,concordant,0.3444816053511705,3.4448160535117065,299,0.1721447327296834,0.8007889546351085,2,esophagus|lung,0.6197,0.3158333333333333,,0.014
Chronic_obstructive_pulmonary_disease_(COPD)||Esophageal_Cancer,CREB3L2,concordant,0.3244147157190635,3.2441471571906364,299,0.8873770747211139,0.8323471400394478,2,esophagus|lung,0.6197,0.3158333333333333,,0.005
Chronic_obstructive_pulmonary_disease_(COPD)||Esophageal_Cancer,SIM2,concordant,0.294314381270903,2.943143812709031,299,0.3925751291423612,0.7948717948717948,10,esophagus|lung,0.6197,0.3158333333333333,,0.032
Chronic_obstructive_pulmonary_disease_(COPD)||Esophageal_Cancer,RFX1,concordant,0.2909698996655518,2.9096989966555187,299,0.1677767091783457,0.8067061143984221,22,esophagus|lung,0.6197,0.3158333333333333,,0.027
Chronic_obstructive_pulmonary_disease_(COPD)||Esophageal_Cancer,KDM5C,concordant,0.2775919732441471,2.775919732441472,299,0.1648425858680934,0.7830374753451677,9,esophagus|lung,0.6197,0.3158333333333333,,0.009
Chronic_obstructive_pulmonary_disease_(COPD)||Esophageal_Cancer,PCGF2,concordant,0.2642140468227424,2.642140468227425,299,0.3303765894157604,0.7889546351084813,3,esophagus|lung,0.6197,0.3158333333333333,,0.014
Chronic_obstructive_pulmonary_disease_(COPD)||Esophageal_Cancer,NCOR2,concordant,0.2642140468227424,2.642140468227425,299,0.0289214262386853,0.7514792899408284,60,esophagus|lung,0.6197,0.3158333333333333,,0.027
Chronic_obstructive_pulmonary_disease_(COPD)||Esophageal_Cancer,HOXB6,concordant,0.2541806020066889,2.54180602006689,299,0.7669260306889778,0.7850098619329389,2,esophagus|lung,0.6197,0.3158333333333333,,0.014
Chronic_obstructive_pulmonary_disease_(COPD)||Esophageal_Cancer,NFKBIB,concordant,0.2541806020066889,2.54180602006689,299,0.1503575681233742,0.7435897435897436,16,esophagus|lung,0.6197,0.3158333333333333,,0.045
Chronic_obstructive_pulmonary_disease_(COPD)||Esophageal_Cancer,AHR,concordant,0.2508361204013378,2.5083612040133785,299,0.1697861116480884,0.8047337278106509,174,esophagus|lung,0.6197,0.3158333333333333,,0.009
Chronic_obstructive_pulmonary_disease_(COPD)||Esophageal_Cancer,BTG2,concordant,0.2474916387959866,2.474916387959867,299,0.1889034336116332,0.7199211045364892,7,esophagus|lung,0.6197,0.3158333333333333,,0.023
Chronic_obstructive_pulmonary_disease_(COPD)||Esophageal_Cancer,MXI1,concordant,0.2474916387959866,2.474916387959867,299,0.1169618371619542,0.7633136094674556,7,esophagus|lung,0.6197,0.3158333333333333,,0.014
Chronic_obstructive_pulmonary_disease_(COPD)||Head_and_Neck_Cancer,FGF2,concordant,0.3010033444816054,3.0100334448160546,598,0.3151768899192729,0.800711743772242,9,head_neck|lung,0.61685,0.245,,0.023
Chronic_obstructive_pulmonary_disease_(COPD)||Head_and_Neck_Cancer,ZNF219,concordant,0.285953177257525,2.859531772575252,598,0.6510658859451744,0.8345195729537367,4,head_neck|lung,0.61685,0.245,,0.023
Chronic_obstructive_pulmonary_disease_(COPD)||Head_and_Neck_Cancer,HNF1B,concordant,0.2742474916387959,2.7424749163879603,598,0.3319419748214603,0.8113879003558719,49,head_neck|lung,0.61685,0.245,,0.009
Chronic_obstructive_pulmonary_disease_(COPD)||Head_and_Neck_Cancer,EN2,concordant,0.2709030100334448,2.709030100334449,598,0.2680247615970751,0.7651245551601423,2,head_neck|lung,0.61685,0.245,,0.014
Chronic_obstructive_pulmonary_disease_(COPD)||Head_and_Neck_Cancer,PAX7,concordant,0.2692307692307692,2.692307692307693,598,0.2221038326629776,0.8033807829181495,13,head_neck|lung,0.61685,0.245,,0.018
Chronic_obstructive_pulmonary_disease_(COPD)||Head_and_Neck_Cancer,MYOG,discordant,0.265886287625418,2.6588628762541813,598,-0.2309854375459154,0.8185053380782918,50,head_neck|lung,0.61685,0.245,,0.014
Chronic_obstructive_pulmonary_disease_(COPD)||Head_and_Neck_Cancer,DNMT3B,concordant,0.2642140468227424,2.642140468227425,598,0.0907328653762093,0.798932384341637,63,head_neck|lung,0.61685,0.245,,0.018
Chronic_obstructive_pulmonary_disease_(COPD)||Head_and_Neck_Cancer,KDM2B,concordant,0.2625418060200669,2.6254180602006696,598,0.6512265654315732,0.7891459074733096,3,head_neck|lung,0.61685,0.245,,0.036
Chronic_obstructive_pulmonary_disease_(COPD)||Head_and_Neck_Cancer,NEUROD1,concordant,0.2608695652173913,2.608695652173913,598,0.2278925013681881,0.7544483985765125,58,head_neck|lung,0.61685,0.245,,0.023
Chronic_obstructive_pulmonary_disease_(COPD)||Head_and_Neck_Cancer,RXRG,concordant,0.2558528428093645,2.5585284280936462,598,0.1389491462393371,0.7891459074733096,7,head_neck|lung,0.61685,0.245,,0.009
Chronic_obstructive_pulmonary_disease_(COPD)||Head_and_Neck_Cancer,MYF6,discordant,0.2558528428093645,2.5585284280936462,598,-0.3231523692375683,0.8229537366548043,9,head_neck|lung,0.61685,0.245,,0.023
Chronic_obstructive_pulmonary_disease_(COPD)||Head_and_Neck_Cancer,SIX4,concordant,0.2491638795986622,2.4916387959866224,598,0.2238785192521553,0.7571174377224199,6,head_neck|lung,0.61685,0.245,,0.018
Chronic_obstructive_pulmonary_disease_(COPD)||Huntingtons_Disease,HOXD11,concordant,0.6446886446886447,6.446886446886449,273,0.7983447102786508,0.928232502965599,4,blood|lung,0.65825,0.4595833333333333,0.635,0.018
Chronic_obstructive_pulmonary_disease_(COPD)||Huntingtons_Disease,EGR3,concordant,0.5457875457875457,5.457875457875459,273,0.4442794828896722,0.9139976275207592,27,blood|lung,0.65825,0.4595833333333333,0.7582,0.009
Chronic_obstructive_pulmonary_disease_(COPD)||Huntingtons_Disease,RCOR2,concordant,0.5128205128205128,5.128205128205129,273,0.4778371071356253,0.9015421115065244,14,blood|lung,0.65825,0.4595833333333333,0.6142,0.027
Chronic_obstructive_pulmonary_disease_(COPD)||Huntingtons_Disease,IRF4,concordant,0.5091575091575091,5.091575091575092,273,0.7148225871448218,0.9015421115065244,52,blood|lung,0.65825,0.4595833333333333,0.876,0.014
Chronic_obstructive_pulmonary_disease_(COPD)||Huntingtons_Disease,YBX1,concordant,0.5018315018315018,5.018315018315019,273,0.2915232451111076,0.9015421115065244,84,blood|lung,0.65825,0.4595833333333333,0.8136,0.032
Chronic_obstructive_pulmonary_disease_(COPD)||Huntingtons_Disease,ATF6,concordant,0.4981684981684982,4.981684981684983,273,0.3510966659244658,0.8962040332147093,43,blood|lung,0.65825,0.4595833333333333,0.843,0.023
Chronic_obstructive_pulmonary_disease_(COPD)||Huntingtons_Disease,NFKB1,concordant,0.4945054945054945,4.945054945054946,273,0.2343137124489509,0.8843416370106761,816,blood|lung,0.65825,0.4595833333333333,0.857,0.018
Chronic_obstructive_pulmonary_disease_(COPD)||Huntingtons_Disease,NRF1,concordant,0.4871794871794871,4.871794871794873,273,0.2052852830213714,0.8938315539739027,81,blood|lung,0.65825,0.4595833333333333,0.7594,0.014
Chronic_obstructive_pulmonary_disease_(COPD)||Huntingtons_Disease,HCFC1,concordant,0.4835164835164835,4.835164835164837,273,0.6066710343997398,0.8944246737841044,6,blood|lung,0.65825,0.4595833333333333,0.5562,0.036
Chronic_obstructive_pulmonary_disease_(COPD)||Huntingtons_Disease,HIVEP1,concordant,0.4761904761904761,4.761904761904763,273,0.4919888283116036,0.8944246737841044,10,blood|lung,0.65825,0.4595833333333333,0.6402,0.014
Chronic_obstructive_pulmonary_disease_(COPD)||Huntingtons_Disease,HOXC6,concordant,0.4761904761904761,4.761904761904763,273,0.443860458344083,0.891459074733096,12,blood|lung,0.65825,0.4595833333333333,0.6368,0.023
Chronic_obstructive_pulmonary_disease_(COPD)||Huntingtons_Disease,SNAI1,concordant,0.4761904761904761,4.761904761904763,273,0.3757203978460113,0.8973902728351127,89,blood|lung,0.65825,0.4595833333333333,0.7784,0.027
Chronic_obstructive_pulmonary_disease_(COPD)||Kidney_Clear_Cell_Carcinoma,NR4A3,concordant,0.6564102564102564,6.564102564102566,195,0.4134525149928221,0.9281842818428184,30,kidney|lung,0.7247,0.5733333333333333,,0.032
Chronic_obstructive_pulmonary_disease_(COPD)||Kidney_Clear_Cell_Carcinoma,TBX3,concordant,0.6102564102564103,6.102564102564105,195,0.6824313451399284,0.926829268292683,18,kidney|lung,0.7247,0.5733333333333333,,0.023
Chronic_obstructive_pulmonary_disease_(COPD)||Kidney_Clear_Cell_Carcinoma,EPAS1,concordant,0.5948717948717949,5.94871794871795,195,0.3008577658266824,0.9065040650406504,80,kidney|lung,0.7247,0.5733333333333333,,0.009
Chronic_obstructive_pulmonary_disease_(COPD)||Kidney_Clear_Cell_Carcinoma,HIF3A,concordant,0.5333333333333333,5.333333333333335,195,0.8024086170846747,0.9065040650406504,6,kidney|lung,0.7247,0.5733333333333333,,0.014
Chronic_obstructive_pulmonary_disease_(COPD)||Kidney_Clear_Cell_Carcinoma,SOX17,concordant,0.5282051282051282,5.282051282051284,195,0.350975017751648,0.9119241192411924,42,kidney|lung,0.7247,0.5733333333333333,,0.041
Chronic_obstructive_pulmonary_disease_(COPD)||Kidney_Clear_Cell_Carcinoma,TCF4,concordant,0.5282051282051282,5.282051282051284,195,0.1981128101652336,0.907859078590786,53,kidney|lung,0.7247,0.5733333333333333,,0.018
Chronic_obstructive_pulmonary_disease_(COPD)||Kidney_Clear_Cell_Carcinoma,DOT1L,concordant,0.5230769230769231,5.230769230769233,195,0.484675568270526,0.902439024390244,6,kidney|lung,0.7247,0.5733333333333333,,0.014
Chronic_obstructive_pulmonary_disease_(COPD)||Kidney_Clear_Cell_Carcinoma,TFAP2A,concordant,0.517948717948718,5.1794871794871815,195,0.0858598032184803,0.9037940379403794,270,kidney|lung,0.7247,0.5733333333333333,,0.036
Chronic_obstructive_pulmonary_disease_(COPD)||Kidney_Clear_Cell_Carcinoma,HEY1,concordant,0.5076923076923077,5.0769230769230775,195,0.3835848812354952,0.9037940379403794,28,kidney|lung,0.7247,0.5733333333333333,,0.027
Chronic_obstructive_pulmonary_disease_(COPD)||Kidney_Clear_Cell_Carcinoma,BACH2,concordant,0.4923076923076923,4.923076923076924,195,0.278654898586636,0.8970189701897019,7,kidney|lung,0.7247,0.5733333333333333,,0.014
Chronic_obstructive_pulmonary_disease_(COPD)||Kidney_Clear_Cell_Carcinoma,GATA2,concordant,0.4923076923076923,4.923076923076924,195,0.2487625570950473,0.8970189701897019,85,kidney|lung,0.7247,0.5733333333333333,,0.005
Chronic_obstructive_pulmonary_disease_(COPD)||Kidney_Clear_Cell_Carcinoma,KLF10,concordant,0.4871794871794871,4.871794871794873,195,0.3452768716689837,0.8970189701897019,27,kidney|lung,0.7247,0.5733333333333333,,0.018
Chronic_obstructive_pulmonary_disease_(COPD)||Kidney_Papillary_Cell_Carcinoma,MAFG,concordant,0.6758241758241759,6.75824175824176,182,0.6625836314556938,0.926829268292683,7,kidney|lung,0.7275999999999999,0.5083333333333333,,0.014
Chronic_obstructive_pulmonary_disease_(COPD)||Kidney_Papillary_Cell_Carcinoma,NR5A2,concordant,0.5384615384615384,5.384615384615386,182,0.2768890919745976,0.9159891598915988,54,kidney|lung,0.7275999999999999,0.5083333333333333,,0.041
Chronic_obstructive_pulmonary_disease_(COPD)||Kidney_Papillary_Cell_Carcinoma,FOXC1,concordant,0.521978021978022,5.219780219780222,182,0.4301970924472067,0.9065040650406504,18,kidney|lung,0.7275999999999999,0.5083333333333333,,0.009
Chronic_obstructive_pulmonary_disease_(COPD)||Kidney_Papillary_Cell_Carcinoma,CEBPA,concordant,0.510989010989011,5.10989010989011,182,0.1879571391811899,0.9010840108401084,196,kidney|lung,0.7275999999999999,0.5083333333333333,,0.014
Chronic_obstructive_pulmonary_disease_(COPD)||Kidney_Papillary_Cell_Carcinoma,HDAC1,concordant,0.4835164835164835,4.835164835164837,182,0.1739603767399036,0.8943089430894309,79,kidney|lung,0.7275999999999999,0.5083333333333333,,0.023
Chronic_obstructive_pulmonary_disease_(COPD)||Kidney_Papillary_Cell_Carcinoma,BMAL2,concordant,0.4615384615384615,4.615384615384617,182,0.4010495222731592,0.8834688346883469,9,kidney|lung,0.7275999999999999,0.5083333333333333,,0.027
Chronic_obstructive_pulmonary_disease_(COPD)||Kidney_Papillary_Cell_Carcinoma,PEG3,concordant,0.456043956043956,4.560439560439561,182,0.2605302336281249,0.8685636856368564,8,kidney|lung,0.7275999999999999,0.5083333333333333,,0.032
Chronic_obstructive_pulmonary_disease_(COPD)||Kidney_Papillary_Cell_Carcinoma,NFATC1,concordant,0.456043956043956,4.560439560439561,182,0.1905634611755737,0.8685636856368564,108,kidney|lung,0.7275999999999999,0.5083333333333333,,0.005
Chronic_obstructive_pulmonary_disease_(COPD)||Kidney_Papillary_Cell_Carcinoma,PURB,concordant,0.4340659340659341,4.340659340659342,182,0.8182707410330318,0.8726287262872628,3,kidney|lung,0.7275999999999999,0.5083333333333333,,0.014
Chronic_obstructive_pulmonary_disease_(COPD)||Kidney_Papillary_Cell_Carcinoma,SOX11,concordant,0.4285714285714285,4.285714285714287,182,0.5046742855984953,0.8604336043360433,11,kidney|lung,0.7275999999999999,0.5083333333333333,,0.014
Chronic_obstructive_pulmonary_disease_(COPD)||Kidney_Papillary_Cell_Carcinoma,PBX4,concordant,0.4230769230769231,4.230769230769232,182,0.7640729920893121,0.8672086720867209,2,kidney|lung,0.7275999999999999,0.5083333333333333,,0.009
Chronic_obstructive_pulmonary_disease_(COPD)||Kidney_Papillary_Cell_Carcinoma,IRF9,concordant,0.4230769230769231,4.230769230769232,182,0.3602238217971872,0.8577235772357723,21,kidney|lung,0.7275999999999999,0.5083333333333333,,0.032
Chronic_obstructive_pulmonary_disease_(COPD)||Liver_Cancer,YY1,discordant,0.5076923076923077,5.0769230769230775,130,-0.0528815219289237,0.9027777777777778,224,liver|lung,0.6555,0.2904166666666666,,0.018
Chronic_obstructive_pulmonary_disease_(COPD)||Liver_Cancer,DEAF1,concordant,0.4692307692307692,4.692307692307693,130,0.3566510408951845,0.875,9,liver|lung,0.6555,0.2904166666666666,,0.023
Chronic_obstructive_pulmonary_disease_(COPD)||Liver_Cancer,RERE,concordant,0.4307692307692308,4.307692307692309,130,0.5387933913666585,0.8703703703703703,3,liver|lung,0.6555,0.2904166666666666,,0.036
Chronic_obstructive_pulmonary_disease_(COPD)||Liver_Cancer,HNF4G,concordant,0.4307692307692308,4.307692307692309,130,0.5042515256885045,0.8703703703703703,8,liver|lung,0.6555,0.2904166666666666,,0.014
Chronic_obstructive_pulmonary_disease_(COPD)||Liver_Cancer,KDM2B,concordant,0.4230769230769231,4.230769230769232,130,0.7933610512166591,0.875,3,liver|lung,0.6555,0.2904166666666666,,0.036
Chronic_obstructive_pulmonary_disease_(COPD)||Liver_Cancer,NPAS2,concordant,0.4230769230769231,4.230769230769232,130,0.6191127997642085,0.875,9,liver|lung,0.6555,0.2904166666666666,,0.032
Chronic_obstructive_pulmonary_disease_(COPD)||Liver_Cancer,ZMYND8,concordant,0.4230769230769231,4.230769230769232,130,0.3629376808916763,0.8564814814814815,8,liver|lung,0.6555,0.2904166666666666,,0.027
Chronic_obstructive_pulmonary_disease_(COPD)||Liver_Cancer,RORC,concordant,0.4153846153846154,4.153846153846155,130,0.2409917492714855,0.8564814814814815,20,liver|lung,0.6555,0.2904166666666666,,0.018
Chronic_obstructive_pulmonary_disease_(COPD)||Liver_Cancer,FOXP4,concordant,0.4076923076923077,4.0769230769230775,130,0.6140954164683057,0.8888888888888888,3,liver|lung,0.6555,0.2904166666666666,,0.032
Chronic_obstructive_pulmonary_disease_(COPD)||Liver_Cancer,HOXA13,concordant,0.4076923076923077,4.0769230769230775,130,0.3710428120746238,0.8564814814814815,14,liver|lung,0.6555,0.2904166666666666,,0.05
Chronic_obstructive_pulmonary_disease_(COPD)||Liver_Cancer,BTG2,concordant,0.4076923076923077,4.0769230769230775,130,0.0547239079549789,0.8472222222222222,7,liver|lung,0.6555,0.2904166666666666,,0.023
Chronic_obstructive_pulmonary_disease_(COPD)||Liver_Cancer,SMAD5,concordant,0.4076923076923077,4.0769230769230775,130,0.0270669938303145,0.8379629629629629,31,liver|lung,0.6555,0.2904166666666666,,0.009
Chronic_obstructive_pulmonary_disease_(COPD)||Lower_Grade_Glioma,FHL2,concordant,0.5285359801488834,5.285359801488835,403,0.7090113768985827,0.9066846119336024,7,brain|lung,0.62405,0.4325,0.694,0.014
Chronic_obstructive_pulmonary_disease_(COPD)||Lower_Grade_Glioma,RARA,concordant,0.5210918114143921,5.210918114143922,403,0.1400452892069243,0.9026469268730372,168,brain|lung,0.62405,0.4325,0.646,0.014
Chronic_obstructive_pulmonary_disease_(COPD)||Lower_Grade_Glioma,NR5A2,concordant,0.4838709677419355,4.838709677419356,403,0.3253678253958024,0.8981606101390758,54,brain|lung,0.62405,0.4325,0.2454,0.041
Chronic_obstructive_pulmonary_disease_(COPD)||Lower_Grade_Glioma,CEBPG,concordant,0.4764267990074441,4.764267990074443,403,0.3049630418397142,0.8963660834454913,154,brain|lung,0.62405,0.4325,0.7062,0.023
Chronic_obstructive_pulmonary_disease_(COPD)||Lower_Grade_Glioma,MSC,concordant,0.4540942928039702,4.540942928039703,403,0.3722151668614507,0.8869448183041723,27,brain|lung,0.62405,0.4325,0.603,0.032
Chronic_obstructive_pulmonary_disease_(COPD)||Lower_Grade_Glioma,CAMTA1,concordant,0.4466501240694789,4.46650124069479,403,0.7599754311018942,0.8757290264692688,3,brain|lung,0.62405,0.4325,0.807,0.018
Chronic_obstructive_pulmonary_disease_(COPD)||Lower_Grade_Glioma,TCF21,concordant,0.4466501240694789,4.46650124069479,403,0.5433740243849964,0.8851502916105877,16,brain|lung,0.62405,0.4325,0.3952,0.023
Chronic_obstructive_pulmonary_disease_(COPD)||Lower_Grade_Glioma,MECOM,concordant,0.4317617866004963,4.317617866004964,403,0.2340137259171034,0.8784208165096455,18,brain|lung,0.62405,0.4325,0.7654,0.041
Chronic_obstructive_pulmonary_disease_(COPD)||Lower_Grade_Glioma,TRERF1,concordant,0.4292803970223325,4.292803970223326,403,0.560005780649182,0.8779721848362494,15,brain|lung,0.62405,0.4325,0.4406,0.041
Chronic_obstructive_pulmonary_disease_(COPD)||Lower_Grade_Glioma,STAT2,concordant,0.4193548387096774,4.193548387096775,403,0.2148813198702886,0.8524001794526693,42,brain|lung,0.62405,0.4325,0.7544,0.023
Chronic_obstructive_pulmonary_disease_(COPD)||Lower_Grade_Glioma,BARX2,concordant,0.4143920595533499,4.1439205955335,403,0.3424160050268173,0.8438761776581427,12,brain|lung,0.62405,0.4325,0.4288,0.023
Chronic_obstructive_pulmonary_disease_(COPD)||Lower_Grade_Glioma,BCL11B,concordant,0.4119106699751861,4.119106699751862,403,0.2068641004491093,0.8748317631224765,23,brain|lung,0.62405,0.4325,0.7228,0.041
Chronic_obstructive_pulmonary_disease_(COPD)||Multiple_sclerosis,RUNX2,concordant,0.7041420118343196,7.041420118343197,338,0.2577453511907566,0.9506505159264244,112,brain|lung,0.7778499999999999,0.5733333333333335,0.8294,0.014
Chronic_obstructive_pulmonary_disease_(COPD)||Multiple_sclerosis,SNAI1,concordant,0.6923076923076923,6.923076923076924,338,0.4260331730282546,0.9448183041722744,89,brain|lung,0.7778499999999999,0.5733333333333335,0.6938,0.027
Chronic_obstructive_pulmonary_disease_(COPD)||Multiple_sclerosis,GRHL3,concordant,0.6923076923076923,6.923076923076924,338,0.3157074532210379,0.9484073575594436,25,brain|lung,0.7778499999999999,0.5733333333333335,0.8542,0.023
Chronic_obstructive_pulmonary_disease_(COPD)||Multiple_sclerosis,KMT2A,concordant,0.665680473372781,6.656804733727812,338,0.4439935721409244,0.930013458950202,61,brain|lung,0.7778499999999999,0.5733333333333335,0.5762,0.014
Chronic_obstructive_pulmonary_disease_(COPD)||Multiple_sclerosis,MEOX1,concordant,0.6301775147928994,6.301775147928995,338,0.7124093083460854,0.930462090623598,7,brain|lung,0.7778499999999999,0.5733333333333335,0.7186,0.014
Chronic_obstructive_pulmonary_disease_(COPD)||Multiple_sclerosis,JUND,concordant,0.6153846153846154,6.153846153846156,338,0.2275765493212133,0.930910722296994,541,brain|lung,0.7778499999999999,0.5733333333333335,0.3918,0.014
Chronic_obstructive_pulmonary_disease_(COPD)||Multiple_sclerosis,HIF1A,concordant,0.6153846153846154,6.153846153846156,338,0.1613023958777529,0.9376401973979362,411,brain|lung,0.7778499999999999,0.5733333333333335,0.7064,0.009
Chronic_obstructive_pulmonary_disease_(COPD)||Multiple_sclerosis,STAT3,concordant,0.6035502958579881,6.035502958579883,338,0.1864338616581547,0.9255271422162404,384,brain|lung,0.7778499999999999,0.5733333333333335,0.8072,0.005
Chronic_obstructive_pulmonary_disease_(COPD)||Multiple_sclerosis,SRSF2,concordant,0.5946745562130178,5.946745562130179,338,0.7106946496769586,0.9609690444145356,10,brain|lung,0.7778499999999999,0.5733333333333335,0.6624,0.023
Chronic_obstructive_pulmonary_disease_(COPD)||Multiple_sclerosis,MYBL2,concordant,0.591715976331361,5.917159763313611,338,0.4301013832530234,0.908030506953791,43,brain|lung,0.7778499999999999,0.5733333333333335,0.1578,0.027
Chronic_obstructive_pulmonary_disease_(COPD)||Multiple_sclerosis,KLF2,concordant,0.591715976331361,5.917159763313611,338,0.2367126509371141,0.9358456707043518,58,brain|lung,0.7778499999999999,0.5733333333333335,0.7624,0.009
Chronic_obstructive_pulmonary_disease_(COPD)||Multiple_sclerosis,EGR2,concordant,0.5798816568047337,5.7988165680473385,338,0.2989446911085703,0.9394347240915208,65,brain|lung,0.7778499999999999,0.5733333333333335,0.613,0.018
Chronic_obstructive_pulmonary_disease_(COPD)||Ovarian_Cancer,BRCA1,concordant,0.3846153846153846,3.846153846153847,208,0.2788089341284576,0.8455056179775281,54,lung|ovary,0.6012,0.18125,,0.023
Chronic_obstructive_pulmonary_disease_(COPD)||Ovarian_Cancer,HOXC6,concordant,0.3605769230769231,3.605769230769232,208,0.4568863431457198,0.8595505617977528,12,lung|ovary,0.6012,0.18125,,0.023
Chronic_obstructive_pulmonary_disease_(COPD)||Ovarian_Cancer,MECOM,concordant,0.3461538461538461,3.461538461538462,208,0.4661476006228417,0.8398876404494382,18,lung|ovary,0.6012,0.18125,,0.041
Chronic_obstructive_pulmonary_disease_(COPD)||Ovarian_Cancer,ESR1,concordant,0.3461538461538461,3.461538461538462,208,0.1849563164992489,0.8426966292134831,555,lung|ovary,0.6012,0.18125,,0.018
Chronic_obstructive_pulmonary_disease_(COPD)||Ovarian_Cancer,IKZF2,concordant,0.3413461538461538,3.413461538461539,208,0.5390215029552754,0.7443820224719101,5,lung|ovary,0.6012,0.18125,,0.032
Chronic_obstructive_pulmonary_disease_(COPD)||Ovarian_Cancer,XBP1,concordant,0.3413461538461538,3.413461538461539,208,0.088992089951839,0.8033707865168539,47,lung|ovary,0.6012,0.18125,,0.014
Chronic_obstructive_pulmonary_disease_(COPD)||Ovarian_Cancer,RUNX1,concordant,0.3413461538461538,3.413461538461539,208,0.0585381665153654,0.6601123595505618,176,lung|ovary,0.6012,0.18125,,0.014
Chronic_obstructive_pulmonary_disease_(COPD)||Ovarian_Cancer,TCF7,concordant,0.3365384615384615,3.3653846153846163,208,0.3075913622534212,0.800561797752809,22,lung|ovary,0.6012,0.18125,,0.023
Chronic_obstructive_pulmonary_disease_(COPD)||Ovarian_Cancer,NRG1,concordant,0.3317307692307692,3.317307692307693,208,0.2858378857089362,0.8342696629213483,31,lung|ovary,0.6012,0.18125,,0.027
Chronic_obstructive_pulmonary_disease_(COPD)||Ovarian_Cancer,POU3F1,concordant,0.3317307692307692,3.317307692307693,208,0.1709415509621661,0.8258426966292135,19,lung|ovary,0.6012,0.18125,,0.023
Chronic_obstructive_pulmonary_disease_(COPD)||Ovarian_Cancer,NACC1,concordant,0.3269230769230769,3.26923076923077,208,0.3041872147090552,0.7893258426966292,4,lung|ovary,0.6012,0.18125,,0.009
Chronic_obstructive_pulmonary_disease_(COPD)||Ovarian_Cancer,NR4A3,concordant,0.3269230769230769,3.26923076923077,208,0.1123879022803167,0.6966292134831461,30,lung|ovary,0.6012,0.18125,,0.032
Chronic_obstructive_pulmonary_disease_(COPD)||Pheochromocytoma_and_Paraganglioma,FOXP4,concordant,0.4384615384615384,4.384615384615386,130,0.8255998089700615,0.881578947368421,3,adrenal|lung,0.6193,0.3566666666666666,,0.032
Chronic_obstructive_pulmonary_disease_(COPD)||Pheochromocytoma_and_Paraganglioma,BMAL2,concordant,0.4153846153846154,4.153846153846155,130,0.6605626250611797,0.881578947368421,9,adrenal|lung,0.6193,0.3566666666666666,,0.027
Chronic_obstructive_pulmonary_disease_(COPD)||Pheochromocytoma_and_Paraganglioma,NFE2,concordant,0.4153846153846154,4.153846153846155,130,0.5929969195363476,0.868421052631579,17,adrenal|lung,0.6193,0.3566666666666666,,0.018
Chronic_obstructive_pulmonary_disease_(COPD)||Pheochromocytoma_and_Paraganglioma,ATOH8,concordant,0.4,4.000000000000001,130,0.8141397075989179,0.8651315789473685,3,adrenal|lung,0.6193,0.3566666666666666,,0.018
Chronic_obstructive_pulmonary_disease_(COPD)||Pheochromocytoma_and_Paraganglioma,TCF7L1,concordant,0.4,4.000000000000001,130,0.3880777215331109,0.8651315789473685,5,adrenal|lung,0.6193,0.3566666666666666,,0.009
Chronic_obstructive_pulmonary_disease_(COPD)||Pheochromocytoma_and_Paraganglioma,NCOR2,concordant,0.4,4.000000000000001,130,0.1004115024537506,0.8223684210526315,60,adrenal|lung,0.6193,0.3566666666666666,,0.027
Chronic_obstructive_pulmonary_disease_(COPD)||Pheochromocytoma_and_Paraganglioma,NEUROD1,concordant,0.4,4.000000000000001,130,0.0795030077438523,0.868421052631579,58,adrenal|lung,0.6193,0.3566666666666666,,0.023
Chronic_obstructive_pulmonary_disease_(COPD)||Pheochromocytoma_and_Paraganglioma,TCF4,concordant,0.3923076923076923,3.923076923076924,130,0.1999480351399028,0.8651315789473685,53,adrenal|lung,0.6193,0.3566666666666666,,0.018
Chronic_obstructive_pulmonary_disease_(COPD)||Pheochromocytoma_and_Paraganglioma,ZNF423,discordant,0.3923076923076923,3.923076923076924,130,-0.3495343680447634,0.8256578947368421,4,adrenal|lung,0.6193,0.3566666666666666,,0.014
Chronic_obstructive_pulmonary_disease_(COPD)||Pheochromocytoma_and_Paraganglioma,IKZF2,concordant,0.3846153846153846,3.846153846153847,130,0.7756114438492439,0.8552631578947368,5,adrenal|lung,0.6193,0.3566666666666666,,0.032
Chronic_obstructive_pulmonary_disease_(COPD)||Pheochromocytoma_and_Paraganglioma,TRERF1,concordant,0.3846153846153846,3.846153846153847,130,0.57010670487194,0.8388157894736842,15,adrenal|lung,0.6193,0.3566666666666666,,0.041
Chronic_obstructive_pulmonary_disease_(COPD)||Pheochromocytoma_and_Paraganglioma,PAWR,concordant,0.3769230769230769,3.76923076923077,130,0.414461425650481,0.868421052631579,5,adrenal|lung,0.6193,0.3566666666666666,,0.009
Chronic_obstructive_pulmonary_disease_(COPD)||Psoriasis,HIVEP1,concordant,0.6538461538461539,6.53846153846154,104,0.4614655003640963,0.9417293233082706,10,lung|skin,0.7132999999999999,0.5158333333333333,,0.014
Chronic_obstructive_pulmonary_disease_(COPD)||Psoriasis,CEBPG,concordant,0.6538461538461539,6.53846153846154,104,0.2063035466303788,0.9511278195488722,154,lung|skin,0.7132999999999999,0.5158333333333333,,0.023
Chronic_obstructive_pulmonary_disease_(COPD)||Psoriasis,NR3C2,concordant,0.5961538461538461,5.961538461538463,104,0.1885270113839134,0.9210526315789472,49,lung|skin,0.7132999999999999,0.5158333333333333,,0.005
Chronic_obstructive_pulmonary_disease_(COPD)||Psoriasis,SF1,concordant,0.5673076923076923,5.673076923076924,104,0.3381434226765776,0.9135338345864662,12,lung|skin,0.7132999999999999,0.5158333333333333,,0.023
Chronic_obstructive_pulmonary_disease_(COPD)||Psoriasis,RBPJ,concordant,0.5576923076923077,5.576923076923078,104,0.2345541144006194,0.9342105263157896,134,lung|skin,0.7132999999999999,0.5158333333333333,,0.054
Chronic_obstructive_pulmonary_disease_(COPD)||Psoriasis,KLF6,concordant,0.5576923076923077,5.576923076923078,104,0.166866056522864,0.9266917293233082,51,lung|skin,0.7132999999999999,0.5158333333333333,,0.018
Chronic_obstructive_pulmonary_disease_(COPD)||Psoriasis,PPARGC1A,concordant,0.5480769230769231,5.480769230769233,104,0.3566003981705544,0.9229323308270676,28,lung|skin,0.7132999999999999,0.5158333333333333,,0.014
Chronic_obstructive_pulmonary_disease_(COPD)||Psoriasis,NRG1,concordant,0.5480769230769231,5.480769230769233,104,0.2892305447583121,0.9078947368421052,31,lung|skin,0.7132999999999999,0.5158333333333333,,0.027
Chronic_obstructive_pulmonary_disease_(COPD)||Psoriasis,FOXO1,concordant,0.5480769230769231,5.480769230769233,104,0.1503238435858054,0.9097744360902256,251,lung|skin,0.7132999999999999,0.5158333333333333,,0.009
Chronic_obstructive_pulmonary_disease_(COPD)||Psoriasis,RXRA,concordant,0.5480769230769231,5.480769230769233,104,0.1323348627138708,0.9097744360902256,98,lung|skin,0.7132999999999999,0.5158333333333333,,0.009
Chronic_obstructive_pulmonary_disease_(COPD)||Psoriasis,EGR1,concordant,0.5288461538461539,5.28846153846154,104,0.26120866063597,0.9210526315789472,323,lung|skin,0.7132999999999999,0.5158333333333333,,0.032
Chronic_obstructive_pulmonary_disease_(COPD)||Psoriasis,KAT5,concordant,0.5288461538461539,5.28846153846154,104,0.1972200054610843,0.9285714285714286,53,lung|skin,0.7132999999999999,0.5158333333333333,,0.036
Chronic_obstructive_pulmonary_disease_(COPD)||Rectal_Cancer,IKZF2,concordant,0.5346153846153846,5.346153846153848,260,0.3547756778536715,0.9120458891013384,5,colorectal|lung,0.60195,0.4141666666666667,,0.032
Chronic_obstructive_pulmonary_disease_(COPD)||Rectal_Cancer,SATB2,concordant,0.4153846153846154,4.153846153846155,260,0.2723132619276123,0.8804971319311663,23,colorectal|lung,0.60195,0.4141666666666667,,0.014
Chronic_obstructive_pulmonary_disease_(COPD)||Rectal_Cancer,IRF9,concordant,0.4076923076923077,4.0769230769230775,260,0.3781419479485514,0.8489483747609943,21,colorectal|lung,0.60195,0.4141666666666667,,0.032
Chronic_obstructive_pulmonary_disease_(COPD)||Rectal_Cancer,PIAS2,concordant,0.4076923076923077,4.0769230769230775,260,0.3779837993234974,0.8413001912045889,4,colorectal|lung,0.60195,0.4141666666666667,,0.014
Chronic_obstructive_pulmonary_disease_(COPD)||Rectal_Cancer,IRF3,concordant,0.3807692307692307,3.807692307692309,260,0.3128271320530145,0.8049713193116634,65,colorectal|lung,0.60195,0.4141666666666667,,0.018
Chronic_obstructive_pulmonary_disease_(COPD)||Rectal_Cancer,PATZ1,concordant,0.3769230769230769,3.76923076923077,260,0.1348187596162035,0.8107074569789675,9,colorectal|lung,0.60195,0.4141666666666667,,0.032
Chronic_obstructive_pulmonary_disease_(COPD)||Rectal_Cancer,ZNF236,concordant,0.3730769230769231,3.730769230769232,260,0.2974982289153404,0.8231357552581262,12,colorectal|lung,0.60195,0.4141666666666667,,0.014
Chronic_obstructive_pulmonary_disease_(COPD)||Rectal_Cancer,ETV3,discordant,0.3692307692307692,3.692307692307693,260,-0.1491308492573759,0.3499043977055449,10,colorectal|lung,0.60195,0.4141666666666667,,0.023
Chronic_obstructive_pulmonary_disease_(COPD)||Rectal_Cancer,HOXA1,discordant,0.3653846153846153,3.653846153846154,260,-0.0123545540329581,0.6959847036328872,23,colorectal|lung,0.60195,0.4141666666666667,,0.009
Chronic_obstructive_pulmonary_disease_(COPD)||Rectal_Cancer,ZIC1,concordant,0.3615384615384615,3.615384615384616,260,0.1584401697548544,0.7418738049713193,14,colorectal|lung,0.60195,0.4141666666666667,,0.005
Chronic_obstructive_pulmonary_disease_(COPD)||Rectal_Cancer,NFATC2,concordant,0.3615384615384615,3.615384615384616,260,0.1394252842392513,0.5764818355640535,84,colorectal|lung,0.60195,0.4141666666666667,,0.014
Chronic_obstructive_pulmonary_disease_(COPD)||Rectal_Cancer,FOXD1,concordant,0.3423076923076923,3.423076923076924,260,0.4689047136725907,0.8326959847036329,5,colorectal|lung,0.60195,0.4141666666666667,,0.032
Chronic_obstructive_pulmonary_disease_(COPD)||Sarcoma,REL,concordant,0.4538461538461538,4.538461538461539,130,0.4141436938753158,0.8755186721991701,709,lung|soft_tissue,0.61495,0.2720833333333333,,0.014
Chronic_obstructive_pulmonary_disease_(COPD)||Sarcoma,KAT7,concordant,0.4538461538461538,4.538461538461539,130,0.3643497019862578,0.8796680497925311,76,lung|soft_tissue,0.61495,0.2720833333333333,,0.023
Chronic_obstructive_pulmonary_disease_(COPD)||Sarcoma,PITX3,concordant,0.4230769230769231,4.230769230769232,130,0.2637622275902607,0.8713692946058091,22,lung|soft_tissue,0.61495,0.2720833333333333,,0.018
Chronic_obstructive_pulmonary_disease_(COPD)||Sarcoma,EP300,concordant,0.4230769230769231,4.230769230769232,130,0.2589376466285827,0.8506224066390041,65,lung|soft_tissue,0.61495,0.2720833333333333,,0.018
Chronic_obstructive_pulmonary_disease_(COPD)||Sarcoma,TFCP2,concordant,0.4153846153846154,4.153846153846155,130,0.3107199680131257,0.8630705394190872,60,lung|soft_tissue,0.61495,0.2720833333333333,,0.018
Chronic_obstructive_pulmonary_disease_(COPD)||Sarcoma,NR2C2,concordant,0.4153846153846154,4.153846153846155,130,0.2861194077321004,0.8589211618257261,50,lung|soft_tissue,0.61495,0.2720833333333333,,0.032
Chronic_obstructive_pulmonary_disease_(COPD)||Sarcoma,CREB3L1,concordant,0.4153846153846154,4.153846153846155,130,0.2611279652412493,0.8464730290456431,10,lung|soft_tissue,0.61495,0.2720833333333333,,0.023
Chronic_obstructive_pulmonary_disease_(COPD)||Sarcoma,PPARGC1B,concordant,0.4076923076923077,4.0769230769230775,130,0.5916922028182028,0.8672199170124482,5,lung|soft_tissue,0.61495,0.2720833333333333,,0.005
Chronic_obstructive_pulmonary_disease_(COPD)||Sarcoma,MEF2D,concordant,0.4076923076923077,4.0769230769230775,130,0.265412979188718,0.8838174273858921,23,lung|soft_tissue,0.61495,0.2720833333333333,,0.027
Chronic_obstructive_pulmonary_disease_(COPD)||Sarcoma,KDM2B,concordant,0.4,4.000000000000001,130,0.7805293696804312,0.8340248962655602,3,lung|soft_tissue,0.61495,0.2720833333333333,,0.036
Chronic_obstructive_pulmonary_disease_(COPD)||Sarcoma,TFDP3,concordant,0.4,4.000000000000001,130,0.3011544940743254,0.8340248962655602,6,lung|soft_tissue,0.61495,0.2720833333333333,,0.014
Chronic_obstructive_pulmonary_disease_(COPD)||Sarcoma,CEBPB,concordant,0.4,4.000000000000001,130,0.1176837332918631,0.8547717842323651,395,lung|soft_tissue,0.61495,0.2720833333333333,,0.018
Chronic_obstructive_pulmonary_disease_(COPD)||Stroke,TFCP2,concordant,0.8974358974358975,8.974358974358976,39,0.3332906358336681,0.9816132858837484,60,blood|lung,0.6126,0.65,0.7522,0.018
Chronic_obstructive_pulmonary_disease_(COPD)||Stroke,AEBP1,concordant,0.8461538461538461,8.461538461538463,39,0.8340237368550829,0.9691577698695136,5,blood|lung,0.6126,0.65,0.816,0.036
Chronic_obstructive_pulmonary_disease_(COPD)||Stroke,FOSL1,concordant,0.8461538461538461,8.461538461538463,39,0.4764445103617811,0.9590747330960854,48,blood|lung,0.6126,0.65,0.7872,0.05
Chronic_obstructive_pulmonary_disease_(COPD)||Stroke,NR4A3,concordant,0.8205128205128205,8.205128205128206,39,0.5847654956703717,0.9466192170818504,30,blood|lung,0.6126,0.65,0.899,0.032
Chronic_obstructive_pulmonary_disease_(COPD)||Stroke,EGR2,concordant,0.8205128205128205,8.205128205128206,39,0.4086839446115031,0.9561091340450772,65,blood|lung,0.6126,0.65,0.8798,0.018
Chronic_obstructive_pulmonary_disease_(COPD)||Stroke,HDAC7,concordant,0.7948717948717948,7.94871794871795,39,0.4704311787502783,0.9810201660735468,13,blood|lung,0.6126,0.65,0.584,0.018
Chronic_obstructive_pulmonary_disease_(COPD)||Stroke,MAZ,concordant,0.7948717948717948,7.94871794871795,39,0.3048777120044449,0.9555160142348754,42,blood|lung,0.6126,0.65,0.7376,0.023
Chronic_obstructive_pulmonary_disease_(COPD)||Stroke,MYBL2,concordant,0.7692307692307693,7.692307692307694,39,0.4969768691855559,0.933570581257414,43,blood|lung,0.6126,0.65,0.8418,0.027
Chronic_obstructive_pulmonary_disease_(COPD)||Stroke,REST,concordant,0.717948717948718,7.1794871794871815,39,0.3767895938263141,0.9448398576512456,64,blood|lung,0.6126,0.65,0.7082,0.023
Chronic_obstructive_pulmonary_disease_(COPD)||Stroke,CREBL2,concordant,0.6666666666666666,6.666666666666668,39,0.815568504622123,0.9258600237247924,2,blood|lung,0.6126,0.65,0.6418,0.032
Chronic_obstructive_pulmonary_disease_(COPD)||Stroke,HOXD11,concordant,0.6666666666666666,6.666666666666668,39,0.7972786271759917,0.928232502965599,4,blood|lung,0.6126,0.65,0.677,0.018
Chronic_obstructive_pulmonary_disease_(COPD)||Stroke,TFAP4,concordant,0.6666666666666666,6.666666666666668,39,0.2646336846922293,0.922894424673784,31,blood|lung,0.6126,0.65,0.774,0.023
Chronic_obstructive_pulmonary_disease_(COPD)||Thymoma,EBF1,concordant,0.4692307692307692,4.692307692307693,130,0.256373586306052,0.8893617021276595,33,lung|thymus,0.5147,0.27125,,0.009
Chronic_obstructive_pulmonary_disease_(COPD)||Thymoma,AKNA,concordant,0.4461538461538462,4.461538461538463,130,0.9602395244267048,0.8553191489361702,2,lung|thymus,0.5147,0.27125,,0.032
Chronic_obstructive_pulmonary_disease_(COPD)||Thymoma,ESR1,concordant,0.4461538461538462,4.461538461538463,130,0.170377759870079,0.8893617021276595,555,lung|thymus,0.5147,0.27125,,0.018
Chronic_obstructive_pulmonary_disease_(COPD)||Thymoma,TEAD4,concordant,0.4384615384615384,4.384615384615386,130,0.2330367966189652,0.8723404255319149,11,lung|thymus,0.5147,0.27125,,0.027
Chronic_obstructive_pulmonary_disease_(COPD)||Thymoma,CREB3L3,concordant,0.4307692307692308,4.307692307692309,130,0.5957708518721934,0.8425531914893617,7,lung|thymus,0.5147,0.27125,,0.005
Chronic_obstructive_pulmonary_disease_(COPD)||Thymoma,MRTFA,concordant,0.4153846153846154,4.153846153846155,130,0.7123378860937652,0.8595744680851064,4,lung|thymus,0.5147,0.27125,,0.005
Chronic_obstructive_pulmonary_disease_(COPD)||Thymoma,HOXA11,concordant,0.4153846153846154,4.153846153846155,130,0.4719173295549455,0.8680851063829788,4,lung|thymus,0.5147,0.27125,,0.063
Chronic_obstructive_pulmonary_disease_(COPD)||Thymoma,ZFPM1,concordant,0.4,4.000000000000001,130,0.20532544859851,0.8595744680851064,15,lung|thymus,0.5147,0.27125,,0.023
Chronic_obstructive_pulmonary_disease_(COPD)||Thymoma,ZNF410,discordant,0.4,4.000000000000001,130,-0.1772327885265319,0.8468085106382979,3,lung|thymus,0.5147,0.27125,,0.032
Chronic_obstructive_pulmonary_disease_(COPD)||Thymoma,HOXA2,concordant,0.3769230769230769,3.76923076923077,130,0.6745234538925311,0.8468085106382979,3,lung|thymus,0.5147,0.27125,,0.014
Chronic_obstructive_pulmonary_disease_(COPD)||Thymoma,ZNF202,concordant,0.3769230769230769,3.76923076923077,130,0.5250601573835514,0.8297872340425532,7,lung|thymus,0.5147,0.27125,,0.027
Chronic_obstructive_pulmonary_disease_(COPD)||Thymoma,EN2,concordant,0.3769230769230769,3.76923076923077,130,0.2755046081641225,0.8085106382978723,2,lung|thymus,0.5147,0.27125,,0.014
Chronic_obstructive_pulmonary_disease_(COPD)||lower_grade_glioma_and_glioblastoma,TRERF1,concordant,0.6321070234113713,6.321070234113714,299,0.6443833598022619,0.9187976671152984,15,brain|lung,0.7234999999999999,0.5579166666666666,0.4274,0.041
Chronic_obstructive_pulmonary_disease_(COPD)||lower_grade_glioma_and_glioblastoma,CEBPA,concordant,0.5953177257525084,5.953177257525085,299,0.2016890694135388,0.9165545087483176,196,brain|lung,0.7234999999999999,0.5579166666666666,0.7034,0.014
Chronic_obstructive_pulmonary_disease_(COPD)||lower_grade_glioma_and_glioblastoma,HNF1B,concordant,0.5484949832775919,5.4849498327759205,299,0.3676400606782211,0.91161956034096,49,brain|lung,0.7234999999999999,0.5579166666666666,0.354,0.009
Chronic_obstructive_pulmonary_disease_(COPD)||lower_grade_glioma_and_glioblastoma,CEBPG,concordant,0.5451505016722408,5.451505016722409,299,0.3266302148016889,0.911170928667564,154,brain|lung,0.7234999999999999,0.5579166666666666,0.729,0.023
Chronic_obstructive_pulmonary_disease_(COPD)||lower_grade_glioma_and_glioblastoma,NR5A2,concordant,0.5217391304347826,5.217391304347827,299,0.3413566594736347,0.9057873485868102,54,brain|lung,0.7234999999999999,0.5579166666666666,0.2692,0.041
Chronic_obstructive_pulmonary_disease_(COPD)||lower_grade_glioma_and_glioblastoma,FHL2,concordant,0.5083612040133779,5.08361204013378,299,0.684873538287387,0.9013010318528488,7,brain|lung,0.7234999999999999,0.5579166666666666,0.7412,0.014
Chronic_obstructive_pulmonary_disease_(COPD)||lower_grade_glioma_and_glioblastoma,FOXJ1,concordant,0.4983277591973244,4.983277591973245,299,0.6661505307945824,0.8995065051592642,14,brain|lung,0.7234999999999999,0.5579166666666666,0.5264,0.018
Chronic_obstructive_pulmonary_disease_(COPD)||lower_grade_glioma_and_glioblastoma,TCF21,concordant,0.4782608695652174,4.782608695652175,299,0.5579837040790103,0.8959174517720951,16,brain|lung,0.7234999999999999,0.5579166666666666,0.561,0.023
Chronic_obstructive_pulmonary_disease_(COPD)||lower_grade_glioma_and_glioblastoma,ZNF217,concordant,0.471571906354515,4.715719063545151,299,0.4917915536225831,0.8873934499775684,6,brain|lung,0.7234999999999999,0.5579166666666666,0.5596,0.014
Chronic_obstructive_pulmonary_disease_(COPD)||lower_grade_glioma_and_glioblastoma,AEBP1,concordant,0.4548494983277591,4.5484949832775925,299,0.7729956301487523,0.8838043965903993,5,brain|lung,0.7234999999999999,0.5579166666666666,0.5534,0.036
Chronic_obstructive_pulmonary_disease_(COPD)||lower_grade_glioma_and_glioblastoma,SOX7,concordant,0.4481605351170568,4.481605351170569,299,0.7217929508113856,0.8824585015702109,6,brain|lung,0.7234999999999999,0.5579166666666666,0.517,0.018
Chronic_obstructive_pulmonary_disease_(COPD)||lower_grade_glioma_and_glioblastoma,HNF4G,concordant,0.4448160535117056,4.448160535117058,299,0.4944175709679162,0.882907133243607,8,brain|lung,0.7234999999999999,0.5579166666666666,0.5632,0.014
Colon_and_Rectal_Cancer||Head_and_Neck_Cancer,PHF5A,concordant,0.2723112128146453,2.723112128146454,874,0.6075064962969292,0.7785467128027682,5,colorectal|head_neck,0.4713,0.1520833333333333,,0.018
Colon_and_Rectal_Cancer||Head_and_Neck_Cancer,RUNX1,concordant,0.2711670480549199,2.7116704805492,874,0.470380000457043,0.7586505190311419,176,colorectal|head_neck,0.4713,0.1520833333333333,,0.014
Colon_and_Rectal_Cancer||Head_and_Neck_Cancer,ETS1,concordant,0.2711670480549199,2.7116704805492,874,0.4216111689595488,0.7837370242214533,210,colorectal|head_neck,0.4713,0.1520833333333333,,0.018
Colon_and_Rectal_Cancer||Head_and_Neck_Cancer,ZNF354C,concordant,0.2700228832951945,2.7002288329519457,874,0.480789627913137,0.7681660899653979,22,colorectal|head_neck,0.4713,0.1520833333333333,,0.023
Colon_and_Rectal_Cancer||Head_and_Neck_Cancer,PCGF2,concordant,0.2688787185354691,2.688787185354692,874,0.760479257515399,0.7326989619377162,3,colorectal|head_neck,0.4713,0.1520833333333333,,0.014
Colon_and_Rectal_Cancer||Head_and_Neck_Cancer,EWSR1,concordant,0.2665903890160183,2.6659038901601835,874,0.1737687749724102,0.7750865051903114,56,colorectal|head_neck,0.4713,0.1520833333333333,,0.032
Colon_and_Rectal_Cancer||Head_and_Neck_Cancer,LEF1,concordant,0.2631578947368421,2.6315789473684217,874,0.1815633828446917,0.7863321799307958,98,colorectal|head_neck,0.4713,0.1520833333333333,,0.005
Colon_and_Rectal_Cancer||Head_and_Neck_Cancer,RUNX2,concordant,0.2608695652173913,2.608695652173913,874,0.3976793190324983,0.7681660899653979,112,colorectal|head_neck,0.4713,0.1520833333333333,,0.014
Colon_and_Rectal_Cancer||Head_and_Neck_Cancer,SSRP1,concordant,0.2608695652173913,2.608695652173913,874,0.1479846090321976,0.7785467128027682,123,colorectal|head_neck,0.4713,0.1520833333333333,,0.027
Colon_and_Rectal_Cancer||Head_and_Neck_Cancer,PRDM2,concordant,0.2597254004576659,2.5972540045766594,874,0.4312680129157135,0.7716262975778547,10,colorectal|head_neck,0.4713,0.1520833333333333,,0.005
Colon_and_Rectal_Cancer||Head_and_Neck_Cancer,PLAGL1,concordant,0.2562929061784897,2.5629290617848977,874,0.4476995638867245,0.7647058823529411,16,colorectal|head_neck,0.4713,0.1520833333333333,,0.005
Colon_and_Rectal_Cancer||Head_and_Neck_Cancer,KAT5,concordant,0.2562929061784897,2.5629290617848977,874,0.0452359910082241,0.7759515570934256,53,colorectal|head_neck,0.4713,0.1520833333333333,,0.036
Colon_and_Rectal_Cancer||Huntingtons_Disease,PAX6,concordant,0.5087719298245614,5.087719298245616,399,0.350277719539989,0.9033457249070632,137,blood|colorectal,0.58915,0.5416666666666667,0.718,0.005
Colon_and_Rectal_Cancer||Huntingtons_Disease,HOXA10,concordant,0.4185463659147869,4.18546365914787,399,0.3052046399251885,0.8730748805098247,44,blood|colorectal,0.58915,0.5416666666666667,0.6386,0.018
Colon_and_Rectal_Cancer||Huntingtons_Disease,RCOR2,concordant,0.3959899749373433,3.959899749373434,399,0.4706071849015752,0.8555496548061604,14,blood|colorectal,0.58915,0.5416666666666667,0.6142,0.027
Colon_and_Rectal_Cancer||Huntingtons_Disease,GATA6,concordant,0.3508771929824561,3.508771929824562,399,0.378111070848002,0.807222517259692,81,blood|colorectal,0.58915,0.5416666666666667,0.7406,0.014
Colon_and_Rectal_Cancer||Huntingtons_Disease,FOXD1,concordant,0.3233082706766917,3.233082706766918,399,0.5635549031209929,0.8056293149229952,5,blood|colorectal,0.58915,0.5416666666666667,0.5564,0.032
Colon_and_Rectal_Cancer||Huntingtons_Disease,MXD1,concordant,0.3132832080200501,3.132832080200502,399,0.2120552212441359,0.7392458842272969,22,blood|colorectal,0.58915,0.5416666666666667,0.802,0.014
Colon_and_Rectal_Cancer||Huntingtons_Disease,SOX6,concordant,0.3107769423558897,3.107769423558898,399,0.3179188841145876,0.8082846521508231,20,blood|colorectal,0.58915,0.5416666666666667,0.7404,0.023
Colon_and_Rectal_Cancer||Huntingtons_Disease,CREBL2,concordant,0.3032581453634085,3.032581453634086,399,0.9203840069427798,0.8236856080722251,2,blood|colorectal,0.58915,0.5416666666666667,0.5576,0.032
Colon_and_Rectal_Cancer||Huntingtons_Disease,PURB,concordant,0.2957393483709273,2.9573934837092737,399,0.465375855009381,0.7721720658523632,3,blood|colorectal,0.58915,0.5416666666666667,0.5766,0.014
Colon_and_Rectal_Cancer||Huntingtons_Disease,ATF4,concordant,0.2631578947368421,2.6315789473684217,399,0.166573733039072,0.7944768985661179,117,blood|colorectal,0.58915,0.5416666666666667,0.861,0.018
Colon_and_Rectal_Cancer||Huntingtons_Disease,MAFF,concordant,0.2581453634085213,2.581453634085213,399,0.554843458368255,0.8300584174190122,4,blood|colorectal,0.58915,0.5416666666666667,0.734,0.009
Colon_and_Rectal_Cancer||Huntingtons_Disease,NPM1,concordant,0.2581453634085213,2.581453634085213,399,0.3563372214411132,0.7992565055762082,10,blood|colorectal,0.58915,0.5416666666666667,0.5554,0.014
Colon_and_Rectal_Cancer||Kidney_Papillary_Cell_Carcinoma,HCFC1,concordant,0.4962406015037593,4.962406015037595,266,0.635339901582658,0.8998664886515354,6,colorectal|kidney,0.6131,0.4520833333333333,,0.036
Colon_and_Rectal_Cancer||Kidney_Papillary_Cell_Carcinoma,RFXAP,concordant,0.4172932330827067,4.172932330827068,266,0.6867178368135487,0.829105473965287,11,colorectal|kidney,0.6131,0.4520833333333333,,0.014
Colon_and_Rectal_Cancer||Kidney_Papillary_Cell_Carcinoma,TBX21,concordant,0.4172932330827067,4.172932330827068,266,0.2602586937225424,0.8651535380507344,48,colorectal|kidney,0.6131,0.4520833333333333,,0.009
Colon_and_Rectal_Cancer||Kidney_Papillary_Cell_Carcinoma,ID2,concordant,0.4060150375939849,4.06015037593985,266,0.2374568850983102,0.8664886515353805,58,colorectal|kidney,0.6131,0.4520833333333333,,0.023
Colon_and_Rectal_Cancer||Kidney_Papillary_Cell_Carcinoma,MAFB,concordant,0.3872180451127819,3.8721804511278206,266,0.1796539012642958,0.8518024032042724,36,colorectal|kidney,0.6131,0.4520833333333333,,0.023
Colon_and_Rectal_Cancer||Kidney_Papillary_Cell_Carcinoma,EBF1,concordant,0.3834586466165413,3.834586466165414,266,0.4069615204886904,0.8571428571428571,33,colorectal|kidney,0.6131,0.4520833333333333,,0.009
Colon_and_Rectal_Cancer||Kidney_Papillary_Cell_Carcinoma,PRDM1,concordant,0.3684210526315789,3.6842105263157903,266,0.4682090393753791,0.8237650200267023,62,colorectal|kidney,0.6131,0.4520833333333333,,0.009
Colon_and_Rectal_Cancer||Kidney_Papillary_Cell_Carcinoma,HOXC8,concordant,0.3571428571428571,3.5714285714285725,266,0.2115457709412059,0.7903871829105474,12,colorectal|kidney,0.6131,0.4520833333333333,,0.014
Colon_and_Rectal_Cancer||Kidney_Papillary_Cell_Carcinoma,CEBPE,concordant,0.3533834586466165,3.533834586466166,266,0.3375878584635732,0.8277703604806409,32,colorectal|kidney,0.6131,0.4520833333333333,,0.023
Colon_and_Rectal_Cancer||Kidney_Papillary_Cell_Carcinoma,POU3F1,concordant,0.3496240601503759,3.4962406015037604,266,0.4151141673548271,0.8384512683578104,19,colorectal|kidney,0.6131,0.4520833333333333,,0.023
Colon_and_Rectal_Cancer||Kidney_Papillary_Cell_Carcinoma,ZNF331,concordant,0.3383458646616541,3.3834586466165417,266,0.5135888357641004,0.8317757009345794,15,colorectal|kidney,0.6131,0.4520833333333333,,0.032
Colon_and_Rectal_Cancer||Kidney_Papillary_Cell_Carcinoma,MAML1,concordant,0.3345864661654135,3.345864661654136,266,0.7383786348638872,0.8050734312416555,5,colorectal|kidney,0.6131,0.4520833333333333,,0.014
Colon_and_Rectal_Cancer||Lung_Cancer,LITAF,concordant,0.3684210526315789,3.6842105263157903,532,0.4290814916796076,0.8212237093690249,22,colorectal|lung,0.54615,0.1975,,0.005
Colon_and_Rectal_Cancer||Lung_Cancer,ETS1,concordant,0.3646616541353383,3.646616541353384,532,0.5019362180068507,0.847036328871893,210,colorectal|lung,0.54615,0.1975,,0.018
Colon_and_Rectal_Cancer||Lung_Cancer,SMAD7,concordant,0.3533834586466165,3.533834586466166,532,0.4646188804718393,0.8384321223709369,57,colorectal|lung,0.54615,0.1975,,0.018
Colon_and_Rectal_Cancer||Lung_Cancer,GABPA,concordant,0.3458646616541353,3.458646616541354,532,0.3923070809351953,0.8231357552581262,42,colorectal|lung,0.54615,0.1975,,0.027
Colon_and_Rectal_Cancer||Lung_Cancer,ATF4,concordant,0.3421052631578947,3.421052631578948,532,0.2864114808844437,0.8374760994263862,117,colorectal|lung,0.54615,0.1975,,0.018
Colon_and_Rectal_Cancer||Lung_Cancer,KMT2A,concordant,0.3345864661654135,3.345864661654136,532,0.4624033599414038,0.8212237093690249,61,colorectal|lung,0.54615,0.1975,,0.014
Colon_and_Rectal_Cancer||Lung_Cancer,HCFC1,concordant,0.3308270676691729,3.30827067669173,532,0.4755995725161945,0.8250478011472275,6,colorectal|lung,0.54615,0.1975,,0.036
Colon_and_Rectal_Cancer||Lung_Cancer,NFATC3,concordant,0.3270676691729323,3.270676691729324,532,0.2956489755938828,0.8288718929254302,37,colorectal|lung,0.54615,0.1975,,0.009
Colon_and_Rectal_Cancer||Lung_Cancer,NKX2-1,concordant,0.325187969924812,3.251879699248121,532,0.3079820329077053,0.8413001912045889,51,colorectal|lung,0.54615,0.1975,,0.023
Colon_and_Rectal_Cancer||Lung_Cancer,ATF1,concordant,0.3214285714285714,3.2142857142857157,532,0.3800618802595927,0.7820267686424475,71,colorectal|lung,0.54615,0.1975,,0.023
Colon_and_Rectal_Cancer||Lung_Cancer,KLF1,concordant,0.3176691729323308,3.176691729323309,532,0.5300781894752689,0.8154875717017208,20,colorectal|lung,0.54615,0.1975,,0.018
Colon_and_Rectal_Cancer||Lung_Cancer,PAX5,concordant,0.3176691729323308,3.176691729323309,532,0.4113619492647052,0.7791586998087954,57,colorectal|lung,0.54615,0.1975,,0.023
Colon_and_Rectal_Cancer||Parkinsons_Disease,ZGPAT,concordant,0.5789473684210527,5.789473684210527,171,0.5848687263682084,0.9139670738183748,10,blood|colorectal,0.7918499999999998,0.6966666666666668,0.5774,0.018
Colon_and_Rectal_Cancer||Parkinsons_Disease,PLAG1,concordant,0.5789473684210527,5.789473684210527,171,0.5000933664981382,0.9134360063728092,6,blood|colorectal,0.7918499999999998,0.6966666666666668,0.8302,0.027
Colon_and_Rectal_Cancer||Parkinsons_Disease,HAND2,concordant,0.5789473684210527,5.789473684210527,171,0.3481863873014954,0.9224641529474245,34,blood|colorectal,0.7918499999999998,0.6966666666666668,0.6738,0.027
Colon_and_Rectal_Cancer||Parkinsons_Disease,HDAC1,concordant,0.5614035087719298,5.614035087719299,171,0.1721134882689679,0.9144981412639404,79,blood|colorectal,0.7918499999999998,0.6966666666666668,0.814,0.023
Colon_and_Rectal_Cancer||Parkinsons_Disease,SOX5,concordant,0.5555555555555556,5.555555555555557,171,0.4313978532423791,0.9192777482740307,15,blood|colorectal,0.7918499999999998,0.6966666666666668,0.7558,0.023
Colon_and_Rectal_Cancer||Parkinsons_Disease,FGF2,concordant,0.5380116959064327,5.3801169590643285,171,0.4925155397826802,0.9060010621348912,9,blood|colorectal,0.7918499999999998,0.6966666666666668,0.735,0.023
Colon_and_Rectal_Cancer||Parkinsons_Disease,GLI3,concordant,0.5380116959064327,5.3801169590643285,171,0.2140718880432201,0.9102496016994158,36,blood|colorectal,0.7918499999999998,0.6966666666666668,0.897,0.023
Colon_and_Rectal_Cancer||Parkinsons_Disease,IRX3,concordant,0.5263157894736842,5.263157894736843,171,0.90310923140208,0.908656399362719,3,blood|colorectal,0.7918499999999998,0.6966666666666668,0.5244,0.014
Colon_and_Rectal_Cancer||Parkinsons_Disease,HOXD3,concordant,0.5263157894736842,5.263157894736843,171,0.3697721977017914,0.908656399362719,10,blood|colorectal,0.7918499999999998,0.6966666666666668,0.664,0.009
Colon_and_Rectal_Cancer||Parkinsons_Disease,KLF17,concordant,0.52046783625731,5.204678362573101,171,0.7079654556626668,0.9070631970260224,5,blood|colorectal,0.7918499999999998,0.6966666666666668,0.739,0.005
Colon_and_Rectal_Cancer||Parkinsons_Disease,ARID5A,concordant,0.5029239766081871,5.029239766081872,171,0.842290987842513,0.902283590015932,4,blood|colorectal,0.7918499999999998,0.6966666666666668,0.7938,0.018
Colon_and_Rectal_Cancer||Parkinsons_Disease,EGR1,concordant,0.4912280701754385,4.912280701754387,171,0.0735591124205199,0.895910780669145,323,blood|colorectal,0.7918499999999998,0.6966666666666668,0.8378,0.032
Colon_and_Rectal_Cancer||Stroke,ZNF24,concordant,0.7192982456140351,7.192982456140353,57,0.7344828909014568,0.96388741370154,5,blood|colorectal,0.6644,0.6254166666666667,0.6216,0.018
Colon_and_Rectal_Cancer||Stroke,DMTF1,concordant,0.6666666666666666,6.666666666666668,57,0.4178019331354896,0.9495485926712692,15,blood|colorectal,0.6644,0.6254166666666667,0.6364,0.036
Colon_and_Rectal_Cancer||Stroke,RERE,concordant,0.5964912280701754,5.964912280701755,57,0.9002977440358146,0.926712692511949,3,blood|colorectal,0.6644,0.6254166666666667,0.6984,0.036
Colon_and_Rectal_Cancer||Stroke,ZNF135,concordant,0.5789473684210527,5.789473684210527,57,0.933218299056209,0.924057355284121,2,blood|colorectal,0.6644,0.6254166666666667,0.5884,0.036
Colon_and_Rectal_Cancer||Stroke,ID4,concordant,0.5789473684210527,5.789473684210527,57,0.2673006863496845,0.9208709506107275,11,blood|colorectal,0.6644,0.6254166666666667,0.6938,0.027
Colon_and_Rectal_Cancer||Stroke,FOSL1,concordant,0.5614035087719298,5.614035087719299,57,0.3983916865066161,0.9091874668082848,48,blood|colorectal,0.6644,0.6254166666666667,0.7872,0.05
Colon_and_Rectal_Cancer||Stroke,FOXP4,concordant,0.543859649122807,5.438596491228072,57,0.8546143126387407,0.9160913436006372,3,blood|colorectal,0.6644,0.6254166666666667,0.5034,0.032
Colon_and_Rectal_Cancer||Stroke,HOXB13,concordant,0.5263157894736842,5.263157894736843,57,0.391124280892588,0.9399893786510888,13,blood|colorectal,0.6644,0.6254166666666667,0.56,0.009
Colon_and_Rectal_Cancer||Stroke,THAP1,concordant,0.5087719298245614,5.087719298245616,57,0.7341646956849921,0.9033457249070632,3,blood|colorectal,0.6644,0.6254166666666667,0.5104,0.036
Colon_and_Rectal_Cancer||Stroke,HOXB7,concordant,0.4912280701754385,4.912280701754387,57,0.2578948310368033,0.8783855549654807,17,blood|colorectal,0.6644,0.6254166666666667,0.6426,0.036
Colon_and_Rectal_Cancer||Stroke,TFAP2C,concordant,0.4736842105263157,4.736842105263158,57,0.2037237053425932,0.8821030270844398,30,blood|colorectal,0.6644,0.6254166666666667,0.6848,0.032
Colon_and_Rectal_Cancer||Stroke,MYCN,concordant,0.4736842105263157,4.736842105263158,57,0.1998229540699657,0.8884758364312267,130,blood|colorectal,0.6644,0.6254166666666667,0.75,0.023
Colon_and_Rectal_Cancer||lower_grade_glioma_and_glioblastoma,RFXAP,concordant,0.4324942791762013,4.324942791762014,437,0.9245318728643634,0.8800167224080268,11,brain|colorectal,0.60555,0.4470833333333333,0.4926,0.014
Colon_and_Rectal_Cancer||lower_grade_glioma_and_glioblastoma,CDX4,concordant,0.4027459954233409,4.02745995423341,437,0.9905743850725114,0.8724916387959866,2,brain|colorectal,0.60555,0.4470833333333333,0.3126,0.005
Colon_and_Rectal_Cancer||lower_grade_glioma_and_glioblastoma,UBTF,concordant,0.3546910755148741,3.5469107551487427,437,0.5454198016866755,0.810200668896321,8,brain|colorectal,0.60555,0.4470833333333333,0.4854,0.009
Colon_and_Rectal_Cancer||lower_grade_glioma_and_glioblastoma,CEBPZ,concordant,0.3524027459954233,3.524027459954234,437,0.3411013822975011,0.8436454849498328,15,brain|colorectal,0.60555,0.4470833333333333,0.494,0.005
Colon_and_Rectal_Cancer||lower_grade_glioma_and_glioblastoma,JARID2,concordant,0.3478260869565217,3.478260869565218,437,0.4313878994176938,0.8331939799331104,12,brain|colorectal,0.60555,0.4470833333333333,0.4568,0.036
Colon_and_Rectal_Cancer||lower_grade_glioma_and_glioblastoma,CRX,concordant,0.3249427917620137,3.249427917620138,437,0.3530858776631546,0.794732441471572,20,brain|colorectal,0.60555,0.4470833333333333,0.525,0.018
Colon_and_Rectal_Cancer||lower_grade_glioma_and_glioblastoma,HINFP,concordant,0.3043478260869565,3.0434782608695663,437,0.4193862216812444,0.7964046822742475,9,brain|colorectal,0.60555,0.4470833333333333,0.443,0.014
Colon_and_Rectal_Cancer||lower_grade_glioma_and_glioblastoma,TOX,concordant,0.2929061784897025,2.929061784897026,437,0.483635645884799,0.7424749163879598,4,brain|colorectal,0.60555,0.4470833333333333,0.5262,0.032
Colon_and_Rectal_Cancer||lower_grade_glioma_and_glioblastoma,HCFC1,concordant,0.2906178489702517,2.906178489702518,437,0.4199591533631659,0.7282608695652174,6,brain|colorectal,0.60555,0.4470833333333333,0.5346,0.036
Colon_and_Rectal_Cancer||lower_grade_glioma_and_glioblastoma,MAZ,concordant,0.2883295194508009,2.88329519450801,437,0.1337814556885389,0.7696488294314381,42,brain|colorectal,0.60555,0.4470833333333333,0.3826,0.023
Colon_and_Rectal_Cancer||lower_grade_glioma_and_glioblastoma,TFAP2C,concordant,0.2700228832951945,2.7002288329519457,437,0.3260722858140709,0.7976588628762542,30,brain|colorectal,0.60555,0.4470833333333333,0.517,0.032
Colon_and_Rectal_Cancer||lower_grade_glioma_and_glioblastoma,PKNOX1,concordant,0.2700228832951945,2.7002288329519457,437,0.2957512129446205,0.7955685618729097,15,brain|colorectal,0.60555,0.4470833333333333,0.3606,0.005
Craniosynostosis||Intellectual_Disability,ELF5,concordant,1.0,10.000000000000002,15,0.7798102402683157,0.9908,8,blood|bone,0.6979,0.6983333333333335,0.558,0.014
Craniosynostosis||Intellectual_Disability,LYL1,concordant,1.0,10.000000000000002,15,0.6765065848146575,0.9776,13,blood|bone,0.6979,0.6983333333333335,0.7954,0.014
Craniosynostosis||Intellectual_Disability,HOXA13,concordant,1.0,10.000000000000002,15,0.624626765076087,0.977,14,blood|bone,0.6979,0.6983333333333335,0.7868,0.05
Craniosynostosis||Intellectual_Disability,NR5A2,concordant,1.0,10.000000000000002,15,0.5350632711199294,0.9876,54,blood|bone,0.6979,0.6983333333333335,0.727,0.041
Craniosynostosis||Intellectual_Disability,NR5A1,concordant,1.0,10.000000000000002,15,0.3802466993296332,0.9784,80,blood|bone,0.6979,0.6983333333333335,0.548,0.009
Craniosynostosis||Intellectual_Disability,JUN,concordant,1.0,10.000000000000002,15,0.3216020457094909,0.979,772,blood|bone,0.6979,0.6983333333333335,0.8516,0.018
Craniosynostosis||Intellectual_Disability,ESR1,concordant,1.0,10.000000000000002,15,0.2785855257046623,0.96,555,blood|bone,0.6979,0.6983333333333335,0.8794,0.018
Craniosynostosis||Intellectual_Disability,E2F7,concordant,0.9333333333333332,9.333333333333336,15,0.7029939811483585,0.967,7,blood|bone,0.6979,0.6983333333333335,0.8284,0.023
Craniosynostosis||Intellectual_Disability,ZNF354C,concordant,0.9333333333333332,9.333333333333336,15,0.5444257177310068,0.9572,22,blood|bone,0.6979,0.6983333333333335,0.8826,0.023
Craniosynostosis||Intellectual_Disability,HAND2,concordant,0.9333333333333332,9.333333333333336,15,0.49361584778784,0.9486,34,blood|bone,0.6979,0.6983333333333335,0.6158,0.027
Craniosynostosis||Intellectual_Disability,SON,concordant,0.8666666666666667,8.66666666666667,15,0.7517542221632348,0.9566,6,blood|bone,0.6979,0.6983333333333335,0.726,0.005
Craniosynostosis||Intellectual_Disability,ZNF202,concordant,0.8666666666666667,8.66666666666667,15,0.6686392349408818,0.958,7,blood|bone,0.6979,0.6983333333333335,0.541,0.027
Endometrioid_Cancer||Fibromyalgia,MTA3,concordant,0.6666666666666666,6.666666666666668,48,0.4889448670369827,0.9417989417989416,11,blood|uterus_endometrium,0.6980500000000001,0.4604166666666667,0.6782,0.018
Endometrioid_Cancer||Fibromyalgia,GRHL2,concordant,0.6666666666666666,6.666666666666668,48,0.2240823379046037,0.921957671957672,8,blood|uterus_endometrium,0.6980500000000001,0.4604166666666667,0.7382,0.027
Endometrioid_Cancer||Fibromyalgia,ZNF219,concordant,0.6041666666666666,6.041666666666668,48,0.7560355729575664,0.9206349206349206,4,blood|uterus_endometrium,0.6980500000000001,0.4604166666666667,0.5646,0.023
Endometrioid_Cancer||Fibromyalgia,HSF4,concordant,0.5833333333333334,5.833333333333335,48,0.4216061298894,0.9378306878306878,10,blood|uterus_endometrium,0.6980500000000001,0.4604166666666667,0.6254,0.027
Endometrioid_Cancer||Fibromyalgia,ZNF135,concordant,0.5625,5.625000000000001,48,0.8971323510753809,0.9126984126984128,2,blood|uterus_endometrium,0.6980500000000001,0.4604166666666667,0.5702,0.036
Endometrioid_Cancer||Fibromyalgia,REST,concordant,0.5625,5.625000000000001,48,0.245105237414017,0.9338624338624338,64,blood|uterus_endometrium,0.6980500000000001,0.4604166666666667,0.7174,0.023
Endometrioid_Cancer||Fibromyalgia,SMARCD3,concordant,0.5208333333333334,5.208333333333335,48,0.9846722347287342,0.9047619047619048,2,blood|uterus_endometrium,0.6980500000000001,0.4604166666666667,0.5924,0.014
Endometrioid_Cancer||Fibromyalgia,TOX,concordant,0.5208333333333334,5.208333333333335,48,0.5852811242975346,0.9232804232804231,4,blood|uterus_endometrium,0.6980500000000001,0.4604166666666667,0.7066,0.032
Endometrioid_Cancer||Fibromyalgia,NEUROG3,concordant,0.5208333333333334,5.208333333333335,48,0.2880324911185039,0.9007936507936508,23,blood|uterus_endometrium,0.6980500000000001,0.4604166666666667,0.6334,0.009
Endometrioid_Cancer||Fibromyalgia,NR1I2,concordant,0.5208333333333334,5.208333333333335,48,0.1538610549168325,0.925925925925926,188,blood|uterus_endometrium,0.6980500000000001,0.4604166666666667,0.7564,0.005
Endometrioid_Cancer||Fibromyalgia,NR2C1,concordant,0.5,5.000000000000001,48,0.3034433877820417,0.8029100529100529,15,blood|uterus_endometrium,0.6980500000000001,0.4604166666666667,0.7956,0.009
Endometrioid_Cancer||Fibromyalgia,NCOR1,concordant,0.5,5.000000000000001,48,0.2379765393145266,0.8359788359788359,76,blood|uterus_endometrium,0.6980500000000001,0.4604166666666667,0.7286,0.032
Endometrioid_Cancer||Multiple_sclerosis,GFI1,concordant,0.4423076923076923,4.423076923076924,312,0.1052084036409124,0.85612968591692,50,brain|uterus_endometrium,0.5961500000000001,0.3966666666666666,0.6668,0.014
Endometrioid_Cancer||Multiple_sclerosis,LMX1A,concordant,0.4294871794871794,4.294871794871796,312,0.5992474156970347,0.8774062816616008,6,brain|uterus_endometrium,0.5961500000000001,0.3966666666666666,0.6132,0.014
Endometrioid_Cancer||Multiple_sclerosis,TCF21,concordant,0.4166666666666667,4.166666666666668,312,0.3399015930704944,0.8662613981762918,16,brain|uterus_endometrium,0.5961500000000001,0.3966666666666666,0.8058,0.023
Endometrioid_Cancer||Multiple_sclerosis,NEUROG3,concordant,0.4134615384615384,4.134615384615385,312,0.123990622182545,0.8389057750759878,23,brain|uterus_endometrium,0.5961500000000001,0.3966666666666666,0.5904,0.009
Endometrioid_Cancer||Multiple_sclerosis,NR1I3,concordant,0.4134615384615384,4.134615384615385,312,0.1007861305963611,0.7041540020263425,48,brain|uterus_endometrium,0.5961500000000001,0.3966666666666666,0.5154,0.014
Endometrioid_Cancer||Multiple_sclerosis,ETS2,concordant,0.4102564102564102,4.102564102564103,312,0.1142790196616076,0.8611955420466059,100,brain|uterus_endometrium,0.5961500000000001,0.3966666666666666,0.7042,0.009
Endometrioid_Cancer||Multiple_sclerosis,FOXA3,concordant,0.4038461538461538,4.038461538461539,312,0.4426716121173324,0.8723404255319149,12,brain|uterus_endometrium,0.5961500000000001,0.3966666666666666,0.7996,0.018
Endometrioid_Cancer||Multiple_sclerosis,EPAS1,concordant,0.3974358974358974,3.974358974358975,312,0.0393929708444416,0.7061803444782169,80,brain|uterus_endometrium,0.5961500000000001,0.3966666666666666,0.629,0.009
Endometrioid_Cancer||Multiple_sclerosis,GLIS3,concordant,0.3942307692307692,3.942307692307693,312,0.4799661510039689,0.8703140830800405,6,brain|uterus_endometrium,0.5961500000000001,0.3966666666666666,0.5652,0.032
Endometrioid_Cancer||Multiple_sclerosis,CTNNB1,concordant,0.3942307692307692,3.942307692307693,312,0.0257782882313056,0.7355623100303952,295,brain|uterus_endometrium,0.5961500000000001,0.3966666666666666,0.7212,0.009
Endometrioid_Cancer||Multiple_sclerosis,ZNF143,concordant,0.391025641025641,3.910256410256411,312,0.138818369970495,0.806484295845998,24,brain|uterus_endometrium,0.5961500000000001,0.3966666666666666,0.74,0.014
Endometrioid_Cancer||Multiple_sclerosis,ARID4B,concordant,0.3878205128205128,3.878205128205129,312,0.0449213783959142,0.7345491388044579,9,brain|uterus_endometrium,0.5961500000000001,0.3966666666666666,0.5888,0.014
Endometrioid_Cancer||Stroke,HMBOX1,concordant,0.6666666666666666,6.666666666666668,36,0.8843977873635578,0.9391534391534392,3,blood|uterus_endometrium,0.5239499999999999,0.42125,0.5508,0.014
Endometrioid_Cancer||Stroke,SOX17,concordant,0.6111111111111112,6.111111111111113,36,0.475226680223494,0.9246031746031746,42,blood|uterus_endometrium,0.5239499999999999,0.42125,0.892,0.041
Endometrioid_Cancer||Stroke,GLIS3,concordant,0.5,5.000000000000001,36,0.6082228043679245,0.8981481481481481,6,blood|uterus_endometrium,0.5239499999999999,0.42125,0.6572,0.032
Endometrioid_Cancer||Stroke,REST,concordant,0.5,5.000000000000001,36,0.1588135818406325,0.873015873015873,64,blood|uterus_endometrium,0.5239499999999999,0.42125,0.7082,0.023
Endometrioid_Cancer||Stroke,GTF3A,concordant,0.5,5.000000000000001,36,0.0576069741055905,0.6746031746031746,24,blood|uterus_endometrium,0.5239499999999999,0.42125,0.7932,0.054
Endometrioid_Cancer||Stroke,NR4A2,concordant,0.4722222222222222,4.722222222222223,36,0.1628917747157457,0.8756613756613757,54,blood|uterus_endometrium,0.5239499999999999,0.42125,0.6658,0.018
Endometrioid_Cancer||Stroke,ARID1A,concordant,0.4444444444444444,4.4444444444444455,36,0.1904376184295557,0.7698412698412699,8,blood|uterus_endometrium,0.5239499999999999,0.42125,0.753,0.014
Endometrioid_Cancer||Stroke,E2F8,concordant,0.4166666666666667,4.166666666666668,36,0.2679564992386067,0.7407407407407407,3,blood|uterus_endometrium,0.5239499999999999,0.42125,0.7014,0.036
Endometrioid_Cancer||Stroke,DMTF1,concordant,0.4166666666666667,4.166666666666668,36,0.1434011092708318,0.7817460317460317,15,blood|uterus_endometrium,0.5239499999999999,0.42125,0.6364,0.036
Endometrioid_Cancer||Stroke,TFAP4,concordant,0.4166666666666667,4.166666666666668,36,0.0831052627619181,0.7486772486772487,31,blood|uterus_endometrium,0.5239499999999999,0.42125,0.774,0.023
Endometrioid_Cancer||Stroke,HOXA1,concordant,0.4166666666666667,4.166666666666668,36,0.0805122893611229,0.8452380952380952,23,blood|uterus_endometrium,0.5239499999999999,0.42125,0.7396,0.009
Endometrioid_Cancer||Stroke,RARA,discordant,0.4166666666666667,4.166666666666668,36,-0.0039684880973389,0.5912698412698413,168,blood|uterus_endometrium,0.5239499999999999,0.42125,0.8766,0.014
Esophageal_Cancer||Parkinsons_Disease,ELK4,concordant,0.6376811594202898,6.376811594202899,207,0.4828620839815797,0.9227600411946448,6,blood|esophagus,0.7039,0.57375,0.7768,0.023
Esophageal_Cancer||Parkinsons_Disease,SOX5,concordant,0.6038647342995169,6.038647342995171,207,0.3846069494812776,0.9124613800205972,15,blood|esophagus,0.7039,0.57375,0.7558,0.023
Esophageal_Cancer||Parkinsons_Disease,MYOCD,discordant,0.5217391304347826,5.217391304347827,207,-0.0692084737545287,0.9011328527291452,8,blood|esophagus,0.7039,0.57375,0.8906,0.014
Esophageal_Cancer||Parkinsons_Disease,FOXF1,discordant,0.5024154589371981,5.024154589371982,207,-0.1418488780910877,0.9011328527291452,7,blood|esophagus,0.7039,0.57375,0.8888,0.023
Esophageal_Cancer||Parkinsons_Disease,HESX1,concordant,0.4927536231884058,4.927536231884059,207,0.3991178466197821,0.8928939237899073,24,blood|esophagus,0.7039,0.57375,0.6386,0.014
Esophageal_Cancer||Parkinsons_Disease,GLI3,concordant,0.4927536231884058,4.927536231884059,207,0.1151034964946261,0.8970133882595263,36,blood|esophagus,0.7039,0.57375,0.897,0.023
Esophageal_Cancer||Parkinsons_Disease,KLF13,concordant,0.4782608695652174,4.782608695652175,207,0.4048800045261425,0.8959835221421215,10,blood|esophagus,0.7039,0.57375,0.6258,0.005
Esophageal_Cancer||Parkinsons_Disease,FOXA3,concordant,0.463768115942029,4.637681159420291,207,0.4262377677190125,0.8867147270854789,12,blood|esophagus,0.7039,0.57375,0.523,0.018
Esophageal_Cancer||Parkinsons_Disease,MITF,discordant,0.4589371980676328,4.589371980676329,207,-0.0966760984120563,0.870236869207003,103,blood|esophagus,0.7039,0.57375,0.8914,0.009
Esophageal_Cancer||Parkinsons_Disease,FGF2,concordant,0.4541062801932367,4.541062801932369,207,0.3299561806585652,0.8856848609680742,9,blood|esophagus,0.7039,0.57375,0.735,0.023
Esophageal_Cancer||Parkinsons_Disease,ONECUT2,concordant,0.4492753623188406,4.492753623188407,207,0.7295006448233622,0.8753861997940268,4,blood|esophagus,0.7039,0.57375,0.522,0.014
Esophageal_Cancer||Parkinsons_Disease,TCF21,discordant,0.4396135265700483,4.396135265700484,207,-0.0386883622832284,0.8856848609680742,16,blood|esophagus,0.7039,0.57375,0.795,0.023
Esophageal_Cancer||Stroke,HOXA11,concordant,0.8260869565217391,8.260869565217392,69,0.5287082942190254,0.9639546858908342,4,blood|esophagus,0.6049,0.5950000000000001,0.7984,0.063
Esophageal_Cancer||Stroke,EGR4,concordant,0.7101449275362319,7.101449275362321,69,0.518370514348915,0.9392378990731204,12,blood|esophagus,0.6049,0.5950000000000001,0.5556,0.018
Esophageal_Cancer||Stroke,ZNF135,concordant,0.6086956521739131,6.086956521739133,69,0.8339364359196919,0.933058702368692,2,blood|esophagus,0.6049,0.5950000000000001,0.5884,0.036
Esophageal_Cancer||Stroke,GABPA,concordant,0.5942028985507246,5.942028985507247,69,0.184145664315134,0.9227600411946448,42,blood|esophagus,0.6049,0.5950000000000001,0.6434,0.027
Esophageal_Cancer||Stroke,MED23,concordant,0.5797101449275363,5.797101449275364,69,0.9162458631639986,0.9093717816683832,2,blood|esophagus,0.6049,0.5950000000000001,0.5438,0.005
Esophageal_Cancer||Stroke,PPARD,concordant,0.5797101449275363,5.797101449275364,69,0.0613604211104257,0.9114315139031924,90,blood|esophagus,0.6049,0.5950000000000001,0.8148,0.032
Esophageal_Cancer||Stroke,VEZF1,concordant,0.5507246376811594,5.507246376811596,69,0.4854416137257495,0.9155509783728116,6,blood|esophagus,0.6049,0.5950000000000001,0.5828,0.005
Esophageal_Cancer||Stroke,CREBZF,concordant,0.5507246376811594,5.507246376811596,69,0.439966729311248,0.952626158599382,17,blood|esophagus,0.6049,0.5950000000000001,0.6196,0.005
Esophageal_Cancer||Stroke,RERE,concordant,0.5217391304347826,5.217391304347827,69,0.731777222285153,0.9299691040164778,3,blood|esophagus,0.6049,0.5950000000000001,0.6984,0.036
Esophageal_Cancer||Stroke,HSF2,concordant,0.5217391304347826,5.217391304347827,69,0.3272399382049419,0.9196704428424304,18,blood|esophagus,0.6049,0.5950000000000001,0.7022,0.009
Esophageal_Cancer||Stroke,THAP1,concordant,0.5072463768115942,5.072463768115943,69,0.6014473154493326,0.9011328527291452,3,blood|esophagus,0.6049,0.5950000000000001,0.5104,0.036
Esophageal_Cancer||Stroke,ELF2,concordant,0.5072463768115942,5.072463768115943,69,0.0174723833882185,0.9001029866117405,11,blood|esophagus,0.6049,0.5950000000000001,0.7778,0.014
Fibromyalgia||Glioblastoma,HOXD1,concordant,0.6875,6.875000000000002,32,0.5966841927179034,0.943,6,blood|brain,0.56745,0.485,0.894,0.018
Fibromyalgia||Glioblastoma,HEY1,concordant,0.65625,6.562500000000002,32,0.4329566681585192,0.9403333333333334,28,blood|brain,0.56745,0.485,0.8188,0.027
Fibromyalgia||Glioblastoma,RFXANK,concordant,0.625,6.250000000000002,32,0.8441001171242895,0.97,12,blood|brain,0.56745,0.485,0.7114,0.032
Fibromyalgia||Glioblastoma,NPAS2,concordant,0.59375,5.937500000000001,32,0.405895011814998,0.9206666666666666,9,blood|brain,0.56745,0.485,0.854,0.032
Fibromyalgia||Glioblastoma,HES4,concordant,0.53125,5.312500000000001,32,0.961748159049292,0.9043333333333332,2,blood|brain,0.56745,0.485,0.4748,0.018
Fibromyalgia||Glioblastoma,ZNF571,concordant,0.46875,4.687500000000001,32,0.8910746169659038,0.876,2,blood|brain,0.56745,0.485,0.5464,0.014
Fibromyalgia||Glioblastoma,BACH2,concordant,0.46875,4.687500000000001,32,0.5385710822557923,0.8793333333333333,7,blood|brain,0.56745,0.485,0.8066,0.014
Fibromyalgia||Glioblastoma,SKI,concordant,0.4375,4.375000000000001,32,0.8235316191235238,0.8853333333333333,4,blood|brain,0.56745,0.485,0.6926,0.023
Fibromyalgia||Glioblastoma,ARID4A,concordant,0.4375,4.375000000000001,32,0.328764435343268,0.8353333333333334,5,blood|brain,0.56745,0.485,0.608,0.032
Fibromyalgia||Glioblastoma,CNOT7,concordant,0.4375,4.375000000000001,32,0.0403272125537102,0.6276666666666667,4,blood|brain,0.56745,0.485,0.6114,0.014
Fibromyalgia||Glioblastoma,IRX2,concordant,0.40625,4.062500000000001,32,0.9161213512652172,0.875,2,blood|brain,0.56745,0.485,0.507,0.014
Fibromyalgia||Glioblastoma,TFEB,concordant,0.40625,4.062500000000001,32,0.573292352769428,0.8566666666666667,5,blood|brain,0.56745,0.485,0.7766,0.018
Fibromyalgia||Head_and_Neck_Cancer,KLF7,concordant,0.625,6.250000000000002,184,0.5377014067147793,0.9335064935064936,8,blood|head_neck,0.8016,0.6229166666666666,0.5854,0.05
Fibromyalgia||Head_and_Neck_Cancer,FOXP3,discordant,0.625,6.250000000000002,184,-0.1203550023990804,0.9262337662337662,49,blood|head_neck,0.8016,0.6229166666666666,0.837,0.018
Fibromyalgia||Head_and_Neck_Cancer,KLF10,concordant,0.6086956521739131,6.086956521739133,184,0.1160305583755712,0.9288311688311688,27,blood|head_neck,0.8016,0.6229166666666666,0.8588,0.018
Fibromyalgia||Head_and_Neck_Cancer,IRF9,concordant,0.6032608695652174,6.032608695652176,184,0.4357650585700379,0.9381818181818182,21,blood|head_neck,0.8016,0.6229166666666666,0.7622,0.032
Fibromyalgia||Head_and_Neck_Cancer,BCLAF1,concordant,0.5869565217391305,5.869565217391306,184,0.0653291663889326,0.9148051948051948,8,blood|head_neck,0.8016,0.6229166666666666,0.7714,0.009
Fibromyalgia||Head_and_Neck_Cancer,KLF14,concordant,0.5271739130434783,5.271739130434784,184,0.7355758111489895,0.907012987012987,4,blood|head_neck,0.8016,0.6229166666666666,0.4696,0.018
Fibromyalgia||Head_and_Neck_Cancer,ZNF410,concordant,0.5163043478260869,5.16304347826087,184,0.5356388392252771,0.9028571428571428,3,blood|head_neck,0.8016,0.6229166666666666,0.688,0.032
Fibromyalgia||Head_and_Neck_Cancer,MYF6,concordant,0.5054347826086957,5.054347826086958,184,0.210969834779526,0.9007792207792208,9,blood|head_neck,0.8016,0.6229166666666666,0.6134,0.023
Fibromyalgia||Head_and_Neck_Cancer,SIRT6,concordant,0.5,5.000000000000001,184,0.6455510387144616,0.8997402597402597,2,blood|head_neck,0.8016,0.6229166666666666,0.7168,0.009
Fibromyalgia||Head_and_Neck_Cancer,NUPR1,concordant,0.5,5.000000000000001,184,0.506234730776048,0.8997402597402597,5,blood|head_neck,0.8016,0.6229166666666666,0.721,0.018
Fibromyalgia||Head_and_Neck_Cancer,MEF2A,concordant,0.4891304347826087,4.891304347826088,184,0.1025180096066825,0.8950649350649351,98,blood|head_neck,0.8016,0.6229166666666666,0.8402,0.005
Fibromyalgia||Head_and_Neck_Cancer,NFX1,concordant,0.483695652173913,4.836956521739132,184,0.58271249740575,0.8955844155844156,5,blood|head_neck,0.8016,0.6229166666666666,0.5948,0.009
Fibromyalgia||Irritable_bowel_syndrome_(IBS),RFX5,concordant,0.875,8.750000000000002,16,0.4396386378604052,0.953797132235794,17,blood|colorectal,0.4334,0.3766666666666667,0.632,0.018
Fibromyalgia||Irritable_bowel_syndrome_(IBS),PLAGL2,concordant,0.8125,8.125000000000002,16,0.4030068029888273,0.9182156133828996,7,blood|colorectal,0.4334,0.3766666666666667,0.7282,0.023
Fibromyalgia||Irritable_bowel_syndrome_(IBS),MAFB,concordant,0.8125,8.125000000000002,16,0.0136458472668825,0.9564524694636218,36,blood|colorectal,0.4334,0.3766666666666667,0.8626,0.023
Fibromyalgia||Irritable_bowel_syndrome_(IBS),BARX2,concordant,0.75,7.500000000000002,16,0.3788994822734409,0.9256505576208178,12,blood|colorectal,0.4334,0.3766666666666667,0.666,0.023
Fibromyalgia||Irritable_bowel_syndrome_(IBS),PAX8,concordant,0.75,7.500000000000002,16,0.3609314922124763,0.9320233669676048,28,blood|colorectal,0.4334,0.3766666666666667,0.5408,0.023
Fibromyalgia||Irritable_bowel_syndrome_(IBS),HOXC9,concordant,0.6875,6.875000000000002,16,0.7850645439987584,0.9245884227296868,3,blood|colorectal,0.4334,0.3766666666666667,0.8512,0.041
Fibromyalgia||Irritable_bowel_syndrome_(IBS),CAMTA1,concordant,0.6875,6.875000000000002,16,0.7183755640661801,0.9219330855018588,3,blood|colorectal,0.4334,0.3766666666666667,0.654,0.018
Fibromyalgia||Irritable_bowel_syndrome_(IBS),SPDEF,concordant,0.6875,6.875000000000002,16,0.2362667812091943,0.920339883165162,15,blood|colorectal,0.4334,0.3766666666666667,0.691,0.018
Fibromyalgia||Irritable_bowel_syndrome_(IBS),TCF3,concordant,0.6875,6.875000000000002,16,0.2318457203464133,0.9569835369091876,118,blood|colorectal,0.4334,0.3766666666666667,0.8344,0.032
Fibromyalgia||Irritable_bowel_syndrome_(IBS),DMAP1,concordant,0.625,6.250000000000002,16,0.7467919173687396,0.9320233669676048,5,blood|colorectal,0.4334,0.3766666666666667,0.6906,0.023
Fibromyalgia||Irritable_bowel_syndrome_(IBS),KAT5,concordant,0.625,6.250000000000002,16,0.2926563798972255,0.9245884227296868,53,blood|colorectal,0.4334,0.3766666666666667,0.585,0.036
Fibromyalgia||Irritable_bowel_syndrome_(IBS),CTCF,concordant,0.625,6.250000000000002,16,0.2367882851706286,0.9352097716409984,126,blood|colorectal,0.4334,0.3766666666666667,0.734,0.023
Fibromyalgia||Kidney_Papillary_Cell_Carcinoma,CTCFL,concordant,0.8392857142857143,8.392857142857144,56,0.5823182558970006,0.9518434913468774,7,blood|kidney,0.762,0.6204166666666666,0.6452,0.027
Fibromyalgia||Kidney_Papillary_Cell_Carcinoma,HOXA11,concordant,0.6964285714285714,6.964285714285715,56,0.8015942851730747,0.946576373212942,4,blood|kidney,0.762,0.6204166666666666,0.7936,0.063
Fibromyalgia||Kidney_Papillary_Cell_Carcinoma,E2F7,concordant,0.6785714285714286,6.785714285714287,56,0.3198793065046149,0.9224981188863808,7,blood|kidney,0.762,0.6204166666666666,0.8544,0.023
Fibromyalgia||Kidney_Papillary_Cell_Carcinoma,COPS5,concordant,0.5714285714285714,5.714285714285715,56,0.91767540386989,0.91196388261851,2,blood|kidney,0.762,0.6204166666666666,0.5694,0.023
Fibromyalgia||Kidney_Papillary_Cell_Carcinoma,ZNF350,concordant,0.5178571428571429,5.178571428571431,56,0.5371974979373508,0.9006772009029346,9,blood|kidney,0.762,0.6204166666666666,0.721,0.009
Fibromyalgia||Kidney_Papillary_Cell_Carcinoma,MECP2,concordant,0.5178571428571429,5.178571428571431,56,0.254020757071947,0.9021820917983446,33,blood|kidney,0.762,0.6204166666666666,0.609,0.027
Fibromyalgia||Kidney_Papillary_Cell_Carcinoma,TRERF1,concordant,0.5178571428571429,5.178571428571431,56,0.2179248686997676,0.90895410082769,15,blood|kidney,0.762,0.6204166666666666,0.5564,0.041
Fibromyalgia||Kidney_Papillary_Cell_Carcinoma,SRSF2,concordant,0.4821428571428571,4.821428571428573,56,0.5078533513110826,0.8931527464258842,10,blood|kidney,0.762,0.6204166666666666,0.69,0.023
Fibromyalgia||Kidney_Papillary_Cell_Carcinoma,PAX5,concordant,0.4821428571428571,4.821428571428573,56,0.1468787802160932,0.8878856282919488,57,blood|kidney,0.762,0.6204166666666666,0.7028,0.023
Fibromyalgia||Kidney_Papillary_Cell_Carcinoma,EGR4,concordant,0.4464285714285714,4.464285714285715,56,0.3633038771315781,0.8796087283671934,12,blood|kidney,0.762,0.6204166666666666,0.5378,0.018
Fibromyalgia||Kidney_Papillary_Cell_Carcinoma,RCOR2,concordant,0.4285714285714285,4.285714285714287,56,0.3001184191778462,0.8683220466516177,14,blood|kidney,0.762,0.6204166666666666,0.6582,0.027
Fibromyalgia||Kidney_Papillary_Cell_Carcinoma,EWSR1,concordant,0.4285714285714285,4.285714285714287,56,0.1837887578545725,0.8863807373965388,56,blood|kidney,0.762,0.6204166666666666,0.698,0.032
Fibromyalgia||Liver_Cancer,MYBL2,concordant,0.975,9.750000000000002,40,0.0594472496441691,0.9548872180451128,43,blood|liver,0.72845,0.6725,0.867,0.027
Fibromyalgia||Liver_Cancer,CTBP2,concordant,0.9,9.000000000000002,40,0.3943788179548932,0.962406015037594,14,blood|liver,0.72845,0.6725,0.7698,0.023
Fibromyalgia||Liver_Cancer,MYB,concordant,0.875,8.750000000000002,40,0.1108034524657272,0.949874686716792,162,blood|liver,0.72845,0.6725,0.7938,0.032
Fibromyalgia||Liver_Cancer,TRERF1,concordant,0.825,8.250000000000002,40,0.2537362084684716,0.9448621553884712,15,blood|liver,0.72845,0.6725,0.5564,0.041
Fibromyalgia||Liver_Cancer,TGIF1,concordant,0.775,7.750000000000002,40,0.7327228331598721,0.9448621553884712,9,blood|liver,0.72845,0.6725,0.621,0.036
Fibromyalgia||Liver_Cancer,MTA3,concordant,0.75,7.500000000000002,40,0.4669832724946068,0.9298245614035088,11,blood|liver,0.72845,0.6725,0.6782,0.018
Fibromyalgia||Liver_Cancer,EWSR1,concordant,0.75,7.500000000000002,40,0.2597203820729064,0.93734335839599,56,blood|liver,0.72845,0.6725,0.698,0.032
Fibromyalgia||Liver_Cancer,POU2F1,concordant,0.75,7.500000000000002,40,0.2371214503279477,0.9573934837092732,103,blood|liver,0.72845,0.6725,0.6586,0.018
Fibromyalgia||Liver_Cancer,CREB1,discordant,0.7,7.000000000000001,40,-0.0067969916730083,0.9398496240601504,403,blood|liver,0.72845,0.6725,0.7632,0.014
Fibromyalgia||Liver_Cancer,HIVEP3,concordant,0.675,6.750000000000002,40,0.4419474448501195,0.949874686716792,6,blood|liver,0.72845,0.6725,0.7432,0.009
Fibromyalgia||Liver_Cancer,LYL1,concordant,0.675,6.750000000000002,40,0.1040036044418414,0.949874686716792,13,blood|liver,0.72845,0.6725,0.812,0.014
Fibromyalgia||Liver_Cancer,FOXD1,concordant,0.65,6.500000000000002,40,0.7006032009224656,0.9548872180451128,5,blood|liver,0.72845,0.6725,0.4928,0.032
Fibromyalgia||Lower_Grade_Glioma,HEY1,concordant,0.6693548387096774,6.693548387096775,124,0.4272604841270533,0.9366666666666666,28,blood|brain,0.7119,0.65625,0.8188,0.027
Fibromyalgia||Lower_Grade_Glioma,RFXANK,concordant,0.6290322580645161,6.290322580645163,124,0.7982428503396193,0.957,12,blood|brain,0.7119,0.65625,0.6288,0.032
Fibromyalgia||Lower_Grade_Glioma,HOXD1,concordant,0.5887096774193549,5.88709677419355,124,0.6015740669025605,0.9446666666666668,6,blood|brain,0.7119,0.65625,0.8448,0.018
Fibromyalgia||Lower_Grade_Glioma,IRX2,concordant,0.4919354838709677,4.919354838709679,124,0.9445130481904442,0.8963333333333333,2,blood|brain,0.7119,0.65625,0.507,0.014
Fibromyalgia||Lower_Grade_Glioma,MSC,concordant,0.4435483870967742,4.435483870967743,124,0.42959446486718,0.8926666666666667,27,blood|brain,0.7119,0.65625,0.8656,0.032
Fibromyalgia||Lower_Grade_Glioma,CTCFL,concordant,0.4354838709677419,4.35483870967742,124,0.4816075134170755,0.886,7,blood|brain,0.7119,0.65625,0.6452,0.027
Fibromyalgia||Lower_Grade_Glioma,TCF12,concordant,0.4274193548387097,4.274193548387098,124,0.1454517768379782,0.853,45,blood|brain,0.7119,0.65625,0.8608,0.018
Fibromyalgia||Lower_Grade_Glioma,HES4,concordant,0.3951612903225806,3.951612903225807,124,0.9257797120716884,0.872,2,blood|brain,0.7119,0.65625,0.4956,0.018
Fibromyalgia||Lower_Grade_Glioma,ATF4,discordant,0.3870967741935484,3.870967741935485,124,-0.1932950690509396,0.311,117,blood|brain,0.7119,0.65625,0.8348,0.018
Fibromyalgia||Lower_Grade_Glioma,E2F6,concordant,0.3790322580645161,3.790322580645162,124,0.2337257072598189,0.8316666666666667,36,blood|brain,0.7119,0.65625,0.6998,0.005
Fibromyalgia||Lower_Grade_Glioma,HR,concordant,0.3709677419354839,3.70967741935484,124,0.1215616489693623,0.8303333333333334,84,blood|brain,0.7119,0.65625,0.6932,0.027
Fibromyalgia||Lower_Grade_Glioma,ZNF571,concordant,0.3629032258064516,3.629032258064517,124,0.8325819643690542,0.8403333333333334,2,blood|brain,0.7119,0.65625,0.5464,0.014
Fibromyalgia||Lung_Cancer,MXI1,concordant,0.6428571428571429,6.428571428571431,112,0.5521140603539132,0.9276393831553974,7,blood|lung,0.80065,0.72875,0.7686,0.014
Fibromyalgia||Lung_Cancer,ELK4,concordant,0.625,6.250000000000002,112,0.7858595148071363,0.9205219454329776,6,blood|lung,0.80065,0.72875,0.7318,0.023
Fibromyalgia||Lung_Cancer,HEYL,concordant,0.5535714285714286,5.535714285714287,112,0.661467989501975,0.9187425860023724,5,blood|lung,0.80065,0.72875,0.7604,0.041
Fibromyalgia||Lung_Cancer,SALL2,concordant,0.5357142857142857,5.3571428571428585,112,0.7480894357553438,0.9139976275207592,4,blood|lung,0.80065,0.72875,0.6096,0.009
Fibromyalgia||Lung_Cancer,ZNF410,concordant,0.5267857142857143,5.267857142857144,112,0.884842069243732,0.9086595492289442,3,blood|lung,0.80065,0.72875,0.688,0.032
Fibromyalgia||Lung_Cancer,ZNF304,concordant,0.5178571428571429,5.178571428571431,112,0.9726129220930386,0.9009489916963228,2,blood|lung,0.80065,0.72875,0.4758,0.009
Fibromyalgia||Lung_Cancer,KLF7,concordant,0.5,5.000000000000001,112,0.5018826589069812,0.900355871886121,8,blood|lung,0.80065,0.72875,0.5854,0.05
Fibromyalgia||Lung_Cancer,TFDP2,concordant,0.4642857142857143,4.642857142857144,112,0.6698551124246357,0.8938315539739027,5,blood|lung,0.80065,0.72875,0.5248,0.027
Fibromyalgia||Lung_Cancer,ZNF335,concordant,0.4642857142857143,4.642857142857144,112,0.5143217146254452,0.8879003558718861,7,blood|lung,0.80065,0.72875,0.446,0.041
Fibromyalgia||Lung_Cancer,JARID2,concordant,0.4642857142857143,4.642857142857144,112,0.2551762992958785,0.868920521945433,12,blood|lung,0.80065,0.72875,0.6838,0.036
Fibromyalgia||Lung_Cancer,NR2C2,concordant,0.4464285714285714,4.464285714285715,112,0.3727486250106676,0.8902728351126927,50,blood|lung,0.80065,0.72875,0.658,0.032
Fibromyalgia||Lung_Cancer,ETV3,concordant,0.4285714285714285,4.285714285714287,112,0.4025414904881091,0.8795966785290629,10,blood|lung,0.80065,0.72875,0.6528,0.023
Fibromyalgia||Multiple_sclerosis,HAND1,concordant,0.9134615384615384,9.134615384615389,104,0.7197531138285189,0.9716666666666668,12,blood|brain,0.75295,0.6704166666666665,0.5044,0.018
Fibromyalgia||Multiple_sclerosis,HOXD13,concordant,0.875,8.750000000000002,104,0.5191955227250329,0.9646666666666668,15,blood|brain,0.75295,0.6704166666666665,0.7246,0.005
Fibromyalgia||Multiple_sclerosis,FOXA1,concordant,0.8653846153846154,8.653846153846157,104,0.4583231383250625,0.9663333333333334,61,blood|brain,0.75295,0.6704166666666665,0.8602,0.014
Fibromyalgia||Multiple_sclerosis,FOXD3,concordant,0.7692307692307693,7.692307692307694,104,0.6145674918527855,0.966,12,blood|brain,0.75295,0.6704166666666665,0.7008,0.009
Fibromyalgia||Multiple_sclerosis,TFAP2A,concordant,0.75,7.500000000000002,104,0.2293207170859183,0.9403333333333334,270,blood|brain,0.75295,0.6704166666666665,0.8992,0.036
Fibromyalgia||Multiple_sclerosis,TFAP2C,concordant,0.7403846153846154,7.403846153846156,104,0.3725882667627415,0.936,30,blood|brain,0.75295,0.6704166666666665,0.8034,0.032
Fibromyalgia||Multiple_sclerosis,NKX2-5,concordant,0.7307692307692307,7.307692307692309,104,0.3029502416215772,0.9336666666666666,61,blood|brain,0.75295,0.6704166666666665,0.713,0.014
Fibromyalgia||Multiple_sclerosis,HOXA10,concordant,0.7307692307692307,7.307692307692309,104,0.2356546800006601,0.9376666666666666,44,blood|brain,0.75295,0.6704166666666665,0.7204,0.018
Fibromyalgia||Multiple_sclerosis,POU4F2,concordant,0.7211538461538461,7.211538461538463,104,0.3599603682878134,0.948,27,blood|brain,0.75295,0.6704166666666665,0.7666,0.027
Fibromyalgia||Multiple_sclerosis,TCF20,concordant,0.7115384615384616,7.115384615384618,104,0.828326069098122,0.9563333333333334,3,blood|brain,0.75295,0.6704166666666665,0.837,0.023
Fibromyalgia||Multiple_sclerosis,HOXB7,concordant,0.7115384615384616,7.115384615384618,104,0.4373354001510312,0.9333333333333332,17,blood|brain,0.75295,0.6704166666666665,0.6488,0.036
Fibromyalgia||Multiple_sclerosis,JUN,concordant,0.7115384615384616,7.115384615384618,104,0.2762843201748648,0.9576666666666668,772,blood|brain,0.75295,0.6704166666666665,0.842,0.018
Fibromyalgia||Ovarian_Cancer,SMARCD3,concordant,0.53125,5.312500000000001,64,0.9888726082312822,0.9310344827586208,2,blood|ovary,0.65415,0.56875,0.5924,0.014
Fibromyalgia||Ovarian_Cancer,AIP,concordant,0.515625,5.156250000000001,64,0.6953332813275213,0.9012539184952978,6,blood|ovary,0.65415,0.56875,0.4654,0.018
Fibromyalgia||Ovarian_Cancer,RFXANK,concordant,0.515625,5.156250000000001,64,0.5710427846144094,0.9043887147335424,12,blood|ovary,0.65415,0.56875,0.5332,0.032
Fibromyalgia||Ovarian_Cancer,HDAC5,concordant,0.5,5.000000000000001,64,0.4239582729639884,0.8981191222570533,8,blood|ovary,0.65415,0.56875,0.5934,0.014
Fibromyalgia||Ovarian_Cancer,ESRRA,concordant,0.5,5.000000000000001,64,0.3403329110311152,0.8949843260188087,41,blood|ovary,0.65415,0.56875,0.7098,0.023
Fibromyalgia||Ovarian_Cancer,PML,concordant,0.4375,4.375000000000001,64,0.3713224346950917,0.8620689655172413,17,blood|ovary,0.65415,0.56875,0.6678,0.036
Fibromyalgia||Ovarian_Cancer,NR2C2,concordant,0.4375,4.375000000000001,64,0.3487925099476331,0.8338557993730408,50,blood|ovary,0.65415,0.56875,0.658,0.032
Fibromyalgia||Ovarian_Cancer,FOXJ3,concordant,0.421875,4.218750000000001,64,0.8952024604338163,0.8652037617554859,2,blood|ovary,0.65415,0.56875,0.472,0.009
Fibromyalgia||Ovarian_Cancer,ZNF335,concordant,0.421875,4.218750000000001,64,0.4299295452394555,0.8479623824451411,7,blood|ovary,0.65415,0.56875,0.446,0.041
Fibromyalgia||Ovarian_Cancer,KLF7,concordant,0.40625,4.062500000000001,64,0.3268156377982334,0.8652037617554859,8,blood|ovary,0.65415,0.56875,0.5854,0.05
Fibromyalgia||Ovarian_Cancer,CREB3L1,concordant,0.40625,4.062500000000001,64,0.2656086097179391,0.6394984326018809,10,blood|ovary,0.65415,0.56875,0.614,0.023
Fibromyalgia||Ovarian_Cancer,NKRF,concordant,0.40625,4.062500000000001,64,0.2251208708724494,0.8605015673981191,9,blood|ovary,0.65415,0.56875,0.6754,0.018
Fibromyalgia||Pheochromocytoma_and_Paraganglioma,NFYC,concordant,0.8,8.000000000000002,40,0.3916130254966998,0.9547038327526132,20,adrenal|blood,0.64905,0.5570833333333333,0.866,0.014
Fibromyalgia||Pheochromocytoma_and_Paraganglioma,SRSF2,concordant,0.7,7.000000000000001,40,0.7589368030641854,0.93205574912892,10,adrenal|blood,0.64905,0.5570833333333333,0.69,0.023
Fibromyalgia||Pheochromocytoma_and_Paraganglioma,NR0B1,concordant,0.675,6.750000000000002,40,0.3175254096897785,0.9198606271777005,48,adrenal|blood,0.64905,0.5570833333333333,0.5528,0.014
Fibromyalgia||Pheochromocytoma_and_Paraganglioma,FOXD2,concordant,0.6,6.000000000000001,40,0.7573595665416831,0.940766550522648,4,adrenal|blood,0.64905,0.5570833333333333,0.501,0.014
Fibromyalgia||Pheochromocytoma_and_Paraganglioma,ZNF395,concordant,0.6,6.000000000000001,40,0.6396139295273203,0.9250871080139372,6,adrenal|blood,0.64905,0.5570833333333333,0.7114,0.009
Fibromyalgia||Pheochromocytoma_and_Paraganglioma,SOX11,concordant,0.575,5.750000000000001,40,0.3542084641708041,0.9041811846689896,11,adrenal|blood,0.64905,0.5570833333333333,0.6804,0.014
Fibromyalgia||Pheochromocytoma_and_Paraganglioma,ZFPM1,concordant,0.525,5.250000000000002,40,0.3431525780230881,0.9076655052264808,15,adrenal|blood,0.64905,0.5570833333333333,0.6122,0.023
Fibromyalgia||Pheochromocytoma_and_Paraganglioma,STOX1,concordant,0.5,5.000000000000001,40,0.7669746832590507,0.902439024390244,5,adrenal|blood,0.64905,0.5570833333333333,0.5068,0.018
Fibromyalgia||Pheochromocytoma_and_Paraganglioma,TRIM28,concordant,0.5,5.000000000000001,40,0.6090533726610862,0.8954703832752613,6,adrenal|blood,0.64905,0.5570833333333333,0.5752,0.023
Fibromyalgia||Pheochromocytoma_and_Paraganglioma,DLX3,concordant,0.5,5.000000000000001,40,0.3247880363615381,0.89198606271777,15,adrenal|blood,0.64905,0.5570833333333333,0.6976,0.018
Fibromyalgia||Pheochromocytoma_and_Paraganglioma,CREB3L1,concordant,0.475,4.750000000000001,40,0.3959615569507136,0.8885017421602788,10,adrenal|blood,0.64905,0.5570833333333333,0.614,0.023
Fibromyalgia||Pheochromocytoma_and_Paraganglioma,HESX1,concordant,0.475,4.750000000000001,40,0.2579429965945863,0.8745644599303136,24,adrenal|blood,0.64905,0.5570833333333333,0.64,0.014
Fibromyalgia||Psoriasis,ALX3,concordant,0.8125,8.125000000000002,32,0.9790557984407574,0.952808988764045,2,blood|skin,0.7242000000000001,0.6041666666666667,0.5246,0.009
Fibromyalgia||Psoriasis,SMARCC1,concordant,0.8125,8.125000000000002,32,0.7115352796815775,0.9685393258426966,7,blood|skin,0.7242000000000001,0.6041666666666667,0.5974,0.027
Fibromyalgia||Psoriasis,NR2F1,concordant,0.75,7.500000000000002,32,0.6695146011757578,0.9662921348314608,53,blood|skin,0.7242000000000001,0.6041666666666667,0.7676,0.014
Fibromyalgia||Psoriasis,ISL1,concordant,0.75,7.500000000000002,32,0.6421670283627208,0.9730337078651684,30,blood|skin,0.7242000000000001,0.6041666666666667,0.564,0.054
Fibromyalgia||Psoriasis,TTF1,concordant,0.75,7.500000000000002,32,0.6041082413647896,0.9269662921348316,51,blood|skin,0.7242000000000001,0.6041666666666667,0.5512,0.009
Fibromyalgia||Psoriasis,NKX2-5,concordant,0.75,7.500000000000002,32,0.5946533259934563,0.9584269662921348,61,blood|skin,0.7242000000000001,0.6041666666666667,0.5,0.014
Fibromyalgia||Psoriasis,DLX4,concordant,0.75,7.500000000000002,32,0.533910697875973,0.9617977528089888,37,blood|skin,0.7242000000000001,0.6041666666666667,0.5946,0.009
Fibromyalgia||Psoriasis,ELK1,concordant,0.75,7.500000000000002,32,0.4971326877986256,0.9561797752808988,59,blood|skin,0.7242000000000001,0.6041666666666667,0.742,0.014
Fibromyalgia||Psoriasis,HOXA10,concordant,0.75,7.500000000000002,32,0.4136206903988104,0.9393258426966292,44,blood|skin,0.7242000000000001,0.6041666666666667,0.5678,0.018
Fibromyalgia||Psoriasis,IRF2BPL,concordant,0.71875,7.187500000000002,32,0.9861877428900664,0.9449438202247192,2,blood|skin,0.7242000000000001,0.6041666666666667,0.4736,0.014
Fibromyalgia||Psoriasis,ATOH1,concordant,0.71875,7.187500000000002,32,0.7777015637194774,0.9629213483146069,8,blood|skin,0.7242000000000001,0.6041666666666667,0.45,0.014
Fibromyalgia||Psoriasis,NR0B1,concordant,0.71875,7.187500000000002,32,0.5610530284933141,0.9280898876404494,48,blood|skin,0.7242000000000001,0.6041666666666667,0.5528,0.014
Fibromyalgia||Rectal_Cancer,TRERF1,concordant,0.5875,5.875000000000002,80,0.3202316473678306,0.9182156133828996,15,blood|colorectal,0.6361500000000001,0.5829166666666667,0.5564,0.041
Fibromyalgia||Rectal_Cancer,ZMYND8,concordant,0.4875,4.875000000000001,80,0.184825929368621,0.7912904938927243,8,blood|colorectal,0.6361500000000001,0.5829166666666667,0.6068,0.027
Fibromyalgia||Rectal_Cancer,NR0B2,concordant,0.4875,4.875000000000001,80,0.1761931664013391,0.8953797132235793,93,blood|colorectal,0.6361500000000001,0.5829166666666667,0.6442,0.005
Fibromyalgia||Rectal_Cancer,NAB2,concordant,0.475,4.750000000000001,80,0.4999026343901431,0.88688263409453,7,blood|colorectal,0.6361500000000001,0.5829166666666667,0.6606,0.014
Fibromyalgia||Rectal_Cancer,ZBTB17,concordant,0.475,4.750000000000001,80,0.2795883569724844,0.8890069038767924,38,blood|colorectal,0.6361500000000001,0.5829166666666667,0.6256,0.009
Fibromyalgia||Rectal_Cancer,ZNF461,concordant,0.4625,4.625000000000001,80,0.8895213232455146,0.8821030270844398,2,blood|colorectal,0.6361500000000001,0.5829166666666667,0.4684,0.014
Fibromyalgia||Rectal_Cancer,KMT2E,concordant,0.4625,4.625000000000001,80,0.6753702434702415,0.8794476898566118,3,blood|colorectal,0.6361500000000001,0.5829166666666667,0.4952,0.018
Fibromyalgia||Rectal_Cancer,PHB1,concordant,0.4375,4.375000000000001,80,0.8801475497461764,0.8916622411046203,2,blood|colorectal,0.6361500000000001,0.5829166666666667,0.6236,0.018
Fibromyalgia||Rectal_Cancer,HIF3A,concordant,0.4375,4.375000000000001,80,0.5084231543629754,0.8688263409453001,6,blood|colorectal,0.6361500000000001,0.5829166666666667,0.5858,0.014
Fibromyalgia||Rectal_Cancer,NR2C2,concordant,0.4375,4.375000000000001,80,0.2639722376559827,0.8348380244291025,50,blood|colorectal,0.6361500000000001,0.5829166666666667,0.658,0.032
Fibromyalgia||Rectal_Cancer,PAX4,concordant,0.425,4.250000000000001,80,0.521752831933498,0.8693574083908656,8,blood|colorectal,0.6361500000000001,0.5829166666666667,0.587,0.014
Fibromyalgia||Rectal_Cancer,EOMES,concordant,0.425,4.250000000000001,80,0.3449042260970929,0.8523632501327668,23,blood|colorectal,0.6361500000000001,0.5829166666666667,0.8742,0.009
Fibromyalgia||Sarcoma,MYF6,concordant,0.675,6.750000000000002,40,0.3116732888250249,0.9422632794457276,9,blood|soft_tissue,0.6086,0.4295833333333332,0.6134,0.023
Fibromyalgia||Sarcoma,HCFC1,concordant,0.575,5.750000000000001,40,0.4965925116025964,0.9122401847575058,6,blood|soft_tissue,0.6086,0.4295833333333332,0.6044,0.036
Fibromyalgia||Sarcoma,ATF4,concordant,0.575,5.750000000000001,40,0.2469819755428636,0.9122401847575058,117,blood|soft_tissue,0.6086,0.4295833333333332,0.8348,0.018
Fibromyalgia||Sarcoma,ARID4A,concordant,0.525,5.250000000000002,40,0.6758570828125838,0.9145496535796768,5,blood|soft_tissue,0.6086,0.4295833333333332,0.608,0.032
Fibromyalgia||Sarcoma,CBFA2T3,concordant,0.5,5.000000000000001,40,0.7663103197089753,0.8983833718244804,3,blood|soft_tissue,0.6086,0.4295833333333332,0.6416,0.009
Fibromyalgia||Sarcoma,NCOA1,concordant,0.5,5.000000000000001,40,0.2922545566808937,0.9053117782909932,80,blood|soft_tissue,0.6086,0.4295833333333332,0.8976,0.009
Fibromyalgia||Sarcoma,GSX1,concordant,0.475,4.750000000000001,40,0.8307494746338299,0.8845265588914549,3,blood|soft_tissue,0.6086,0.4295833333333332,0.5346,0.005
Fibromyalgia||Sarcoma,KLF15,concordant,0.475,4.750000000000001,40,0.2345192157637531,0.8960739030023095,22,blood|soft_tissue,0.6086,0.4295833333333332,0.734,0.023
Fibromyalgia||Sarcoma,NKRF,concordant,0.45,4.500000000000001,40,0.3919571947024921,0.8937644341801386,9,blood|soft_tissue,0.6086,0.4295833333333332,0.6754,0.018
Fibromyalgia||Sarcoma,DMRT1,concordant,0.425,4.250000000000001,40,0.7431385985351782,0.8845265588914549,3,blood|soft_tissue,0.6086,0.4295833333333332,0.531,0.009
Fibromyalgia||Sarcoma,TFDP3,concordant,0.425,4.250000000000001,40,0.6002519904020117,0.859122401847575,6,blood|soft_tissue,0.6086,0.4295833333333332,0.6334,0.014
Fibromyalgia||Sarcoma,TSC22D1,concordant,0.425,4.250000000000001,40,0.4845885698982131,0.8429561200923787,6,blood|soft_tissue,0.6086,0.4295833333333332,0.4896,0.014
Fibromyalgia||Stomach_Cancer,FOXP3,discordant,0.7583333333333333,7.583333333333335,120,-0.1162900213193848,0.931472081218274,49,blood|stomach,0.77065,0.6145833333333335,0.837,0.018
Fibromyalgia||Stomach_Cancer,PHB1,concordant,0.6916666666666667,6.916666666666668,120,0.914742244873862,0.928087986463621,2,blood|stomach,0.77065,0.6145833333333335,0.6236,0.018
Fibromyalgia||Stomach_Cancer,NKX2-3,concordant,0.6666666666666666,6.666666666666668,120,0.9506218163121724,0.919627749576988,2,blood|stomach,0.77065,0.6145833333333335,0.51,0.005
Fibromyalgia||Stomach_Cancer,RFXANK,concordant,0.6333333333333333,6.333333333333335,120,0.670621317312061,0.9416243654822336,12,blood|stomach,0.77065,0.6145833333333335,0.5332,0.032
Fibromyalgia||Stomach_Cancer,ETV3,concordant,0.5833333333333334,5.833333333333335,120,0.6050644101387965,0.928087986463621,10,blood|stomach,0.77065,0.6145833333333335,0.6528,0.023
Fibromyalgia||Stomach_Cancer,DLX5,concordant,0.575,5.750000000000001,120,0.303918239600624,0.9306260575296108,26,blood|stomach,0.77065,0.6145833333333335,0.8194,0.018
Fibromyalgia||Stomach_Cancer,RFX5,concordant,0.55,5.500000000000002,120,0.5753554116416049,0.9086294416243654,17,blood|stomach,0.77065,0.6145833333333335,0.632,0.018
Fibromyalgia||Stomach_Cancer,KLF15,concordant,0.525,5.250000000000002,120,0.346414042080483,0.9077834179357022,22,blood|stomach,0.77065,0.6145833333333335,0.734,0.023
Fibromyalgia||Stomach_Cancer,E2F4,concordant,0.525,5.250000000000002,120,0.0561156096655262,0.9018612521150592,162,blood|stomach,0.77065,0.6145833333333335,0.7454,0.009
Fibromyalgia||Stomach_Cancer,KMT2E,concordant,0.5166666666666667,5.166666666666669,120,0.7925677052941622,0.9035532994923858,3,blood|stomach,0.77065,0.6145833333333335,0.4952,0.018
Fibromyalgia||Stomach_Cancer,PAX5,concordant,0.5083333333333333,5.083333333333334,120,0.1457350916708342,0.9052453468697124,57,blood|stomach,0.77065,0.6145833333333335,0.7028,0.023
Fibromyalgia||Stomach_Cancer,TCF15,concordant,0.4916666666666666,4.916666666666668,120,0.7376806909418627,0.8967851099830795,6,blood|stomach,0.77065,0.6145833333333335,0.4818,0.014
Fibromyalgia||Stroke,SIN3A,concordant,1.0,10.000000000000002,12,0.6677424007145454,0.984,11,blood|blood,0.4682,0.4729166666666667,0.4888,0.009
Fibromyalgia||Stroke,BRD4,concordant,0.75,7.500000000000002,12,0.7004676858328804,0.9396363636363636,10,blood|blood,0.4682,0.4729166666666667,0.6502,0.027
Fibromyalgia||Stroke,ZNF436,concordant,0.75,7.500000000000002,12,0.64454574501566,0.9265454545454546,6,blood|blood,0.4682,0.4729166666666667,0.5504,0.032
Fibromyalgia||Stroke,LHX9,concordant,0.6666666666666666,6.666666666666668,12,0.9462070296094818,0.9090909090909092,2,blood|blood,0.4682,0.4729166666666667,0.4994,0.009
Fibromyalgia||Stroke,MAFG,concordant,0.6666666666666666,6.666666666666668,12,0.8561042918707533,0.9570909090909092,7,blood|blood,0.4682,0.4729166666666667,0.781,0.014
Fibromyalgia||Stroke,HIPK2,concordant,0.6666666666666666,6.666666666666668,12,0.743499034220461,0.9658181818181818,9,blood|blood,0.4682,0.4729166666666667,0.652,0.018
Fibromyalgia||Stroke,KLF3,concordant,0.6666666666666666,6.666666666666668,12,0.677628616322635,0.9730909090909092,9,blood|blood,0.4682,0.4729166666666667,0.6076,0.009
Fibromyalgia||Stroke,RFX2,concordant,0.5833333333333334,5.833333333333335,12,0.868753189749748,0.9047272727272728,4,blood|blood,0.4682,0.4729166666666667,0.7046,0.005
Fibromyalgia||Stroke,DMTF1,concordant,0.5833333333333334,5.833333333333335,12,0.5504793758607092,0.9170909090909092,15,blood|blood,0.4682,0.4729166666666667,0.6256,0.036
Fibromyalgia||Stroke,ZNF236,concordant,0.5833333333333334,5.833333333333335,12,0.5386683172955172,0.901090909090909,12,blood|blood,0.4682,0.4729166666666667,0.5814,0.014
Fibromyalgia||Stroke,STAT6,concordant,0.5833333333333334,5.833333333333335,12,0.4554459103877611,0.9090909090909092,106,blood|blood,0.4682,0.4729166666666667,0.7152,0.014
Fibromyalgia||Stroke,GRHL3,concordant,0.5833333333333334,5.833333333333335,12,0.4471713783948933,0.917818181818182,25,blood|blood,0.4682,0.4729166666666667,0.7044,0.023
Fibromyalgia||Thymoma,GRHL2,concordant,1.0,10.000000000000002,40,0.1705387064522504,0.9720812182741116,8,blood|thymus,0.69715,0.6145833333333334,0.7382,0.027
Fibromyalgia||Thymoma,MYB,concordant,0.975,9.750000000000002,40,0.1983508375841666,0.964467005076142,162,blood|thymus,0.69715,0.6145833333333334,0.7938,0.032
Fibromyalgia||Thymoma,MYRF,concordant,0.75,7.500000000000002,40,0.5129626031818355,0.9568527918781726,9,blood|thymus,0.69715,0.6145833333333334,0.5846,0.014
Fibromyalgia||Thymoma,HCFC1,concordant,0.7,7.000000000000001,40,0.6086439247521249,0.9416243654822336,6,blood|thymus,0.69715,0.6145833333333334,0.6044,0.036
Fibromyalgia||Thymoma,GSC,concordant,0.675,6.750000000000002,40,0.597761871448003,0.9441624365482234,10,blood|thymus,0.69715,0.6145833333333334,0.499,0.018
Fibromyalgia||Thymoma,HMGB2,concordant,0.675,6.750000000000002,40,0.574288004854786,0.9263959390862944,8,blood|thymus,0.69715,0.6145833333333334,0.7476,0.014
Fibromyalgia||Thymoma,SMARCA4,concordant,0.65,6.500000000000002,40,0.7466567229397207,0.9390862944162436,10,blood|thymus,0.69715,0.6145833333333334,0.589,0.009
Fibromyalgia||Thymoma,KDM2B,concordant,0.65,6.500000000000002,40,0.3546389789906854,0.9365482233502538,3,blood|thymus,0.69715,0.6145833333333334,0.625,0.036
Fibromyalgia||Thymoma,E2F7,concordant,0.65,6.500000000000002,40,0.228809637588498,0.9111675126903552,7,blood|thymus,0.69715,0.6145833333333334,0.8544,0.023
Fibromyalgia||Thymoma,MYBL2,discordant,0.65,6.500000000000002,40,-0.0268675833538523,0.9086294416243654,43,blood|thymus,0.69715,0.6145833333333334,0.867,0.027
Fibromyalgia||Thymoma,KMT2E,concordant,0.625,6.250000000000002,40,0.8721529870770334,0.9390862944162436,3,blood|thymus,0.69715,0.6145833333333334,0.4952,0.018
Fibromyalgia||Thymoma,MYF6,concordant,0.6,6.000000000000001,40,0.4509863852191969,0.9289340101522844,9,blood|thymus,0.69715,0.6145833333333334,0.6134,0.023
Fibromyalgia||Uterine_Corpus_Endometrial_Carcinoma,ZNF219,concordant,1.0,10.000000000000002,24,0.8772382905903613,0.9722222222222222,4,blood|uterus_endometrium,0.63135,0.5766666666666667,0.5646,0.023
Fibromyalgia||Uterine_Corpus_Endometrial_Carcinoma,TCF20,concordant,0.9583333333333334,9.583333333333336,24,0.670074769538024,0.966931216931217,3,blood|uterus_endometrium,0.63135,0.5766666666666667,0.837,0.023
Fibromyalgia||Uterine_Corpus_Endometrial_Carcinoma,PPARGC1A,concordant,0.75,7.500000000000002,24,0.4136401083842062,0.9537037037037036,28,blood|uterus_endometrium,0.63135,0.5766666666666667,0.6302,0.014
Fibromyalgia||Uterine_Corpus_Endometrial_Carcinoma,PHB1,concordant,0.6666666666666666,6.666666666666668,24,0.928019004801406,0.9285714285714286,2,blood|uterus_endometrium,0.63135,0.5766666666666667,0.6236,0.018
Fibromyalgia||Uterine_Corpus_Endometrial_Carcinoma,KLF14,concordant,0.6666666666666666,6.666666666666668,24,0.7639332122199087,0.9365079365079364,4,blood|uterus_endometrium,0.63135,0.5766666666666667,0.4696,0.018
Fibromyalgia||Uterine_Corpus_Endometrial_Carcinoma,TOX,concordant,0.625,6.250000000000002,24,0.6580764896740587,0.9497354497354498,4,blood|uterus_endometrium,0.63135,0.5766666666666667,0.7066,0.032
Fibromyalgia||Uterine_Corpus_Endometrial_Carcinoma,COPS5,concordant,0.5833333333333334,5.833333333333335,24,0.8502041759845491,0.914021164021164,2,blood|uterus_endometrium,0.63135,0.5766666666666667,0.5694,0.023
Fibromyalgia||Uterine_Corpus_Endometrial_Carcinoma,ZNF135,concordant,0.5416666666666666,5.416666666666668,24,0.8914059921464025,0.9047619047619048,2,blood|uterus_endometrium,0.63135,0.5766666666666667,0.5702,0.036
Fibromyalgia||Uterine_Corpus_Endometrial_Carcinoma,ZIC2,concordant,0.5416666666666666,5.416666666666668,24,0.6461559839444024,0.917989417989418,5,blood|uterus_endometrium,0.63135,0.5766666666666667,0.4704,0.009
Fibromyalgia||Uterine_Corpus_Endometrial_Carcinoma,EOMES,concordant,0.5416666666666666,5.416666666666668,24,0.1316678198272414,0.902116402116402,23,blood|uterus_endometrium,0.63135,0.5766666666666667,0.8742,0.009
Fibromyalgia||Uterine_Corpus_Endometrial_Carcinoma,ATRX,concordant,0.5,5.000000000000001,24,0.767844979585759,0.8968253968253969,2,blood|uterus_endometrium,0.63135,0.5766666666666667,0.4772,0.009
Fibromyalgia||Uterine_Corpus_Endometrial_Carcinoma,HOXB4,concordant,0.5,5.000000000000001,24,0.5132756417795908,0.8849206349206349,10,blood|uterus_endometrium,0.63135,0.5766666666666667,0.6158,0.027
Glioblastoma||Irritable_bowel_syndrome_(IBS),PITX3,concordant,0.75,7.500000000000002,32,0.4599567148833321,0.955685618729097,22,brain|colorectal,0.49205,0.3370833333333333,0.6526,0.018
Glioblastoma||Irritable_bowel_syndrome_(IBS),LMX1A,concordant,0.65625,6.562500000000002,32,0.6753187967058031,0.9410535117056856,6,brain|colorectal,0.49205,0.3370833333333333,0.3184,0.014
Glioblastoma||Irritable_bowel_syndrome_(IBS),POU4F2,concordant,0.65625,6.562500000000002,32,0.284521437349609,0.94314381270903,27,brain|colorectal,0.49205,0.3370833333333333,0.2592,0.027
Glioblastoma||Irritable_bowel_syndrome_(IBS),HBP1,concordant,0.625,6.250000000000002,32,0.2930186818128051,0.9464882943143812,43,brain|colorectal,0.49205,0.3370833333333333,0.707,0.032
Glioblastoma||Irritable_bowel_syndrome_(IBS),MUC1,concordant,0.59375,5.937500000000001,32,0.7349057202284917,0.9372909698996656,3,brain|colorectal,0.49205,0.3370833333333333,0.5288,0.027
Glioblastoma||Irritable_bowel_syndrome_(IBS),PLAG1,concordant,0.5625,5.625000000000001,32,0.4303742251397962,0.9163879598662208,6,brain|colorectal,0.49205,0.3370833333333333,0.4988,0.027
Glioblastoma||Irritable_bowel_syndrome_(IBS),MSC,concordant,0.5625,5.625000000000001,32,0.1247012880794756,0.9243311036789298,27,brain|colorectal,0.49205,0.3370833333333333,0.639,0.032
Glioblastoma||Irritable_bowel_syndrome_(IBS),ZNF331,concordant,0.53125,5.312500000000001,32,0.2052904360350096,0.911371237458194,15,brain|colorectal,0.49205,0.3370833333333333,0.6532,0.032
Glioblastoma||Irritable_bowel_syndrome_(IBS),ELF4,concordant,0.53125,5.312500000000001,32,0.1870375683604294,0.9544314381270904,38,brain|colorectal,0.49205,0.3370833333333333,0.8136,0.014
Glioblastoma||Irritable_bowel_syndrome_(IBS),ZKSCAN7,concordant,0.5,5.000000000000001,32,0.285391074090346,0.9000836120401338,11,brain|colorectal,0.49205,0.3370833333333333,0.6924,0.009
Glioblastoma||Irritable_bowel_syndrome_(IBS),ZBTB7B,concordant,0.5,5.000000000000001,32,0.2689901859587638,0.9117892976588629,15,brain|colorectal,0.49205,0.3370833333333333,0.6748,0.014
Glioblastoma||Irritable_bowel_syndrome_(IBS),ELK3,concordant,0.5,5.000000000000001,32,0.2653094313189598,0.903846153846154,25,brain|colorectal,0.49205,0.3370833333333333,0.4716,0.018
Glioblastoma||Lung_Cancer,HBP1,concordant,0.6071428571428571,6.071428571428572,224,0.3143571341462464,0.91745177209511,43,brain|lung,0.6326999999999999,0.4958333333333333,0.707,0.032
Glioblastoma||Lung_Cancer,EWSR1,concordant,0.5535714285714286,5.535714285714287,224,0.2912690847498152,0.9152086137281292,56,brain|lung,0.6326999999999999,0.4958333333333333,0.4794,0.032
Glioblastoma||Lung_Cancer,MYOG,concordant,0.4732142857142857,4.732142857142858,224,0.486704766802184,0.8941229250785105,50,brain|lung,0.6326999999999999,0.4958333333333333,0.6152,0.014
Glioblastoma||Lung_Cancer,DNMT1,concordant,0.4508928571428571,4.508928571428573,224,0.1981624755619314,0.8882907133243607,164,brain|lung,0.6326999999999999,0.4958333333333333,0.4248,0.023
Glioblastoma||Lung_Cancer,NCOR1,concordant,0.4196428571428571,4.196428571428572,224,0.2164824900107888,0.8752803947958726,76,brain|lung,0.6326999999999999,0.4958333333333333,0.2114,0.032
Glioblastoma||Lung_Cancer,YAP1,concordant,0.4151785714285714,4.151785714285715,224,0.1705720239932981,0.8524001794526693,9,brain|lung,0.6326999999999999,0.4958333333333333,0.5906,0.018
Glioblastoma||Lung_Cancer,SMAD5,concordant,0.4107142857142857,4.107142857142858,224,0.2005867973622223,0.8183041722745625,31,brain|lung,0.6326999999999999,0.4958333333333333,0.7528,0.009
Glioblastoma||Lung_Cancer,SIN3B,concordant,0.40625,4.062500000000001,224,0.6602022921134221,0.863615971287573,3,brain|lung,0.6326999999999999,0.4958333333333333,0.5634,0.005
Glioblastoma||Lung_Cancer,PHF20,concordant,0.3973214285714285,3.9732142857142874,224,0.2434029195545536,0.8524001794526693,9,brain|lung,0.6326999999999999,0.4958333333333333,0.4292,0.036
Glioblastoma||Lung_Cancer,ZMYND8,concordant,0.3839285714285714,3.8392857142857153,224,0.434972112777849,0.8429789143113504,8,brain|lung,0.6326999999999999,0.4958333333333333,0.593,0.027
Glioblastoma||Lung_Cancer,KDM5C,concordant,0.3839285714285714,3.8392857142857153,224,0.4272635103214002,0.8501570210856887,9,brain|lung,0.6326999999999999,0.4958333333333333,0.3088,0.009
Glioblastoma||Lung_Cancer,BCL6,concordant,0.3839285714285714,3.8392857142857153,224,0.1013343257893361,0.8443248093315389,89,brain|lung,0.6326999999999999,0.4958333333333333,0.715,0.014
Glioblastoma||Stroke,SOX17,concordant,0.7083333333333334,7.083333333333336,24,0.4106745915433222,0.9533333333333334,42,blood|brain,0.4334,0.3179166666666667,0.892,0.041
Glioblastoma||Stroke,ZNF281,concordant,0.6666666666666666,6.666666666666668,24,0.8323785247239784,0.953,3,blood|brain,0.4334,0.3179166666666667,0.7054,0.036
Glioblastoma||Stroke,TCFL5,concordant,0.5833333333333334,5.833333333333335,24,0.8611622686065865,0.9403333333333334,3,blood|brain,0.4334,0.3179166666666667,0.596,0.041
Glioblastoma||Stroke,ISL1,concordant,0.5833333333333334,5.833333333333335,24,0.4336540800105486,0.9166666666666666,30,blood|brain,0.4334,0.3179166666666667,0.5882,0.054
Glioblastoma||Stroke,FOXP3,concordant,0.5416666666666666,5.416666666666668,24,0.6754752340407816,0.913,49,blood|brain,0.4334,0.3179166666666667,0.878,0.018
Glioblastoma||Stroke,PRDM16,concordant,0.5,5.000000000000001,24,0.6596766996854049,0.887,5,blood|brain,0.4334,0.3179166666666667,0.584,0.005
Glioblastoma||Stroke,MEIS1,concordant,0.5,5.000000000000001,24,0.3637726323759862,0.8833333333333333,15,blood|brain,0.4334,0.3179166666666667,0.7704,0.023
Glioblastoma||Stroke,FOXN1,concordant,0.5,5.000000000000001,24,0.3589591346985405,0.933,50,blood|brain,0.4334,0.3179166666666667,0.686,0.036
Glioblastoma||Stroke,GTF3A,concordant,0.5,5.000000000000001,24,0.190077766732025,0.903,24,blood|brain,0.4334,0.3179166666666667,0.7932,0.054
Glioblastoma||Stroke,CREBRF,concordant,0.4583333333333333,4.583333333333334,24,0.9110054417756068,0.8603333333333333,2,blood|brain,0.4334,0.3179166666666667,0.6056,0.005
Glioblastoma||Stroke,ZNF354C,concordant,0.4583333333333333,4.583333333333334,24,0.3638524470065094,0.883,22,blood|brain,0.4334,0.3179166666666667,0.8776,0.023
Glioblastoma||Stroke,NR2F2,concordant,0.4583333333333333,4.583333333333334,24,0.317554448327332,0.8876666666666667,69,blood|brain,0.4334,0.3179166666666667,0.8492,0.009
Head_and_Neck_Cancer||Irritable_bowel_syndrome_(IBS),ZBTB18,concordant,0.8586956521739131,8.586956521739133,184,0.5510412262180184,0.9524221453287196,8,colorectal|head_neck,0.75285,0.6200000000000001,,0.032
Head_and_Neck_Cancer||Irritable_bowel_syndrome_(IBS),LMO4,concordant,0.6739130434782609,6.73913043478261,184,0.5766620016966091,0.9307958477508652,5,colorectal|head_neck,0.75285,0.6200000000000001,,0.018
Head_and_Neck_Cancer||Irritable_bowel_syndrome_(IBS),SATB2,concordant,0.6304347826086957,6.304347826086958,184,0.0248301191882507,0.9437716262975778,23,colorectal|head_neck,0.75285,0.6200000000000001,,0.014
Head_and_Neck_Cancer||Irritable_bowel_syndrome_(IBS),SMAD6,discordant,0.6304347826086957,6.304347826086958,184,-0.0045345558615931,0.9377162629757786,20,colorectal|head_neck,0.75285,0.6200000000000001,,0.009
Head_and_Neck_Cancer||Irritable_bowel_syndrome_(IBS),NR1D2,concordant,0.6141304347826086,6.141304347826088,184,0.3045007911382116,0.9247404844290658,5,colorectal|head_neck,0.75285,0.6200000000000001,,0.009
Head_and_Neck_Cancer||Irritable_bowel_syndrome_(IBS),E2F5,concordant,0.6086956521739131,6.086956521739133,184,0.3597106223417946,0.9394463667820068,12,colorectal|head_neck,0.75285,0.6200000000000001,,0.023
Head_and_Neck_Cancer||Irritable_bowel_syndrome_(IBS),ING4,concordant,0.592391304347826,5.923913043478262,184,0.2652899937397285,0.9247404844290658,15,colorectal|head_neck,0.75285,0.6200000000000001,,0.005
Head_and_Neck_Cancer||Irritable_bowel_syndrome_(IBS),TSHZ3,concordant,0.5815217391304348,5.815217391304349,184,0.4255710905605767,0.9178200692041524,4,colorectal|head_neck,0.75285,0.6200000000000001,,0.014
Head_and_Neck_Cancer||Irritable_bowel_syndrome_(IBS),IRF8,concordant,0.5652173913043478,5.652173913043479,184,0.1730437567143219,0.9247404844290658,60,colorectal|head_neck,0.75285,0.6200000000000001,,0.009
Head_and_Neck_Cancer||Irritable_bowel_syndrome_(IBS),FOXP1,concordant,0.5543478260869565,5.543478260869566,184,0.1823134237908674,0.9178200692041524,28,colorectal|head_neck,0.75285,0.6200000000000001,,0.005
Head_and_Neck_Cancer||Irritable_bowel_syndrome_(IBS),TCF12,concordant,0.5489130434782609,5.48913043478261,184,0.3202892239910023,0.9273356401384084,45,colorectal|head_neck,0.75285,0.6200000000000001,,0.018
Head_and_Neck_Cancer||Irritable_bowel_syndrome_(IBS),MYB,concordant,0.5271739130434783,5.271739130434784,184,0.0499848760972327,0.916089965397924,162,colorectal|head_neck,0.75285,0.6200000000000001,,0.032
Head_and_Neck_Cancer||Multiple_sclerosis,THRB,concordant,0.3528428093645485,3.528428093645485,1196,0.0232786511084511,0.8405207485760781,48,brain|head_neck,0.56135,0.2,0.875,0.005
Head_and_Neck_Cancer||Multiple_sclerosis,MTF2,concordant,0.3486622073578595,3.486622073578596,1196,0.330082102065859,0.8510984540276648,6,brain|head_neck,0.56135,0.2,0.7938,0.014
Head_and_Neck_Cancer||Multiple_sclerosis,CEBPB,discordant,0.3486622073578595,3.486622073578596,1196,-0.0634378033747625,0.8275020341741253,395,brain|head_neck,0.56135,0.2,0.8916,0.018
Head_and_Neck_Cancer||Multiple_sclerosis,ESRRG,concordant,0.3461538461538461,3.461538461538462,1196,0.0177204913129227,0.8327908868999186,22,brain|head_neck,0.56135,0.2,0.873,0.009
Head_and_Neck_Cancer||Multiple_sclerosis,KLF4,discordant,0.3444816053511705,3.4448160535117065,1196,-0.081114357701032,0.8266883645240033,114,brain|head_neck,0.56135,0.2,0.8212,0.023
Head_and_Neck_Cancer||Multiple_sclerosis,MYOG,discordant,0.3436454849498327,3.4364548494983285,1196,-0.0723707045408053,0.8466232709519935,50,brain|head_neck,0.56135,0.2,0.7004,0.014
Head_and_Neck_Cancer||Multiple_sclerosis,TOX,concordant,0.342809364548495,3.4280936454849504,1196,0.2183227895155276,0.8409275834011392,4,brain|head_neck,0.56135,0.2,0.8674,0.032
Head_and_Neck_Cancer||Multiple_sclerosis,INSM1,concordant,0.3403010033444816,3.403010033444817,1196,0.4895058897263543,0.838893409275834,5,brain|head_neck,0.56135,0.2,0.6866,0.027
Head_and_Neck_Cancer||Multiple_sclerosis,ZFPM2,discordant,0.338628762541806,3.3862876254180607,1196,-0.0812966915690382,0.8270951993490643,11,brain|head_neck,0.56135,0.2,0.8896,0.018
Head_and_Neck_Cancer||Multiple_sclerosis,KLF12,discordant,0.3377926421404682,3.377926421404683,1196,-0.0394281368169096,0.8482506102522376,8,brain|head_neck,0.56135,0.2,0.8126,0.018
Head_and_Neck_Cancer||Multiple_sclerosis,PBX1,concordant,0.3352842809364548,3.352842809364549,1196,0.1415666172195818,0.8429617575264443,50,brain|head_neck,0.56135,0.2,0.7446,0.005
Head_and_Neck_Cancer||Multiple_sclerosis,SP100,concordant,0.3327759197324414,3.3277591973244154,1196,0.6969185019338204,0.8356387306753458,3,brain|head_neck,0.56135,0.2,0.6078,0.018
Head_and_Neck_Cancer||Parkinsons_Disease,PIAS2,concordant,0.6763285024154589,6.763285024154591,414,0.7848903253651552,0.9262337662337662,4,blood|head_neck,0.79255,0.5995833333333332,0.792,0.014
Head_and_Neck_Cancer||Parkinsons_Disease,SKIL,concordant,0.6280193236714976,6.280193236714977,414,0.2641895087978388,0.9376623376623376,19,blood|head_neck,0.79255,0.5995833333333332,0.8496,0.005
Head_and_Neck_Cancer||Parkinsons_Disease,DACH1,concordant,0.6207729468599034,6.207729468599035,414,0.6077350746124128,0.9277922077922078,7,blood|head_neck,0.79255,0.5995833333333332,0.7164,0.009
Head_and_Neck_Cancer||Parkinsons_Disease,FOXJ1,concordant,0.5990338164251208,5.990338164251209,414,0.4761983546306823,0.9194805194805196,14,blood|head_neck,0.79255,0.5995833333333332,0.774,0.018
Head_and_Neck_Cancer||Parkinsons_Disease,PLAG1,concordant,0.5893719806763285,5.893719806763285,414,0.4572133044373555,0.9241558441558442,6,blood|head_neck,0.79255,0.5995833333333332,0.8302,0.027
Head_and_Neck_Cancer||Parkinsons_Disease,SATB2,concordant,0.5579710144927537,5.579710144927538,414,0.0857961979906259,0.9153246753246752,23,blood|head_neck,0.79255,0.5995833333333332,0.785,0.014
Head_and_Neck_Cancer||Parkinsons_Disease,MYCN,concordant,0.5507246376811594,5.507246376811596,414,0.1077517818401956,0.9116883116883115,130,blood|head_neck,0.79255,0.5995833333333332,0.7374,0.023
Head_and_Neck_Cancer||Parkinsons_Disease,THRA,concordant,0.5458937198067633,5.458937198067634,414,0.248054552056059,0.9122077922077922,69,blood|head_neck,0.79255,0.5995833333333332,0.7208,0.023
Head_and_Neck_Cancer||Parkinsons_Disease,ARX,concordant,0.5265700483091788,5.265700483091789,414,0.3124135004742207,0.9085714285714286,23,blood|head_neck,0.79255,0.5995833333333332,0.6788,0.027
Head_and_Neck_Cancer||Parkinsons_Disease,FOXF1,concordant,0.5193236714975845,5.193236714975846,414,0.2107169117716081,0.907012987012987,7,blood|head_neck,0.79255,0.5995833333333332,0.8888,0.023
Head_and_Neck_Cancer||Parkinsons_Disease,HDAC3,concordant,0.5072463768115942,5.072463768115943,414,0.346310798792327,0.9007792207792208,23,blood|head_neck,0.79255,0.5995833333333332,0.5102,0.032
Head_and_Neck_Cancer||Parkinsons_Disease,ATOH8,concordant,0.4975845410628019,4.97584541062802,414,0.734895643120522,0.8987012987012987,3,blood|head_neck,0.79255,0.5995833333333332,0.7026,0.018
Head_and_Neck_Cancer||Stroke,RBPJ,concordant,0.8695652173913043,8.695652173913045,138,0.0765351514573213,0.9615584415584416,134,blood|head_neck,0.72405,0.6825,0.8768,0.054
Head_and_Neck_Cancer||Stroke,RERE,concordant,0.7608695652173914,7.608695652173915,138,0.7422382554586178,0.9184415584415584,3,blood|head_neck,0.72405,0.6825,0.6984,0.036
Head_and_Neck_Cancer||Stroke,HOXA11,concordant,0.717391304347826,7.173913043478263,138,0.5185986599138902,0.9511688311688312,4,blood|head_neck,0.72405,0.6825,0.7984,0.063
Head_and_Neck_Cancer||Stroke,ZNF135,concordant,0.644927536231884,6.449275362318842,138,0.9317469504463792,0.9532467532467532,2,blood|head_neck,0.72405,0.6825,0.5884,0.036
Head_and_Neck_Cancer||Stroke,SALL2,concordant,0.6231884057971014,6.231884057971016,138,0.5794101462251937,0.921038961038961,4,blood|head_neck,0.72405,0.6825,0.6172,0.009
Head_and_Neck_Cancer||Stroke,KAT5,concordant,0.6014492753623188,6.01449275362319,138,0.249240522111586,0.9402597402597402,53,blood|head_neck,0.72405,0.6825,0.6112,0.036
Head_and_Neck_Cancer||Stroke,TFAP2A,concordant,0.5652173913043478,5.652173913043479,138,0.0024472110594675,0.9148051948051948,270,blood|head_neck,0.72405,0.6825,0.7778,0.036
Head_and_Neck_Cancer||Stroke,SMARCB1,concordant,0.5579710144927537,5.579710144927538,138,0.6861006376227546,0.92,4,blood|head_neck,0.72405,0.6825,0.5544,0.009
Head_and_Neck_Cancer||Stroke,ELF2,concordant,0.5579710144927537,5.579710144927538,138,0.2807945841692797,0.9267532467532468,11,blood|head_neck,0.72405,0.6825,0.7778,0.014
Head_and_Neck_Cancer||Stroke,ZFP90,concordant,0.5434782608695652,5.434782608695653,138,0.7505324762540603,0.9064935064935064,2,blood|head_neck,0.72405,0.6825,0.7212,0.018
Head_and_Neck_Cancer||Stroke,ZNF382,concordant,0.5434782608695652,5.434782608695653,138,0.0401959859314558,0.9153246753246752,11,blood|head_neck,0.72405,0.6825,0.7924,0.009
Head_and_Neck_Cancer||Stroke,AKNA,discordant,0.5217391304347826,5.217391304347827,138,-0.3080384337151666,0.9028571428571428,2,blood|head_neck,0.72405,0.6825,0.791,0.032
Huntingtons_Disease||Kidney_Clear_Cell_Carcinoma,HSF4,concordant,0.5777777777777777,5.777777777777779,315,0.6864031278058726,0.928517682468021,10,blood|kidney,0.64295,0.6229166666666667,0.6132,0.027
Huntingtons_Disease||Kidney_Clear_Cell_Carcinoma,CXXC1,concordant,0.5301587301587302,5.301587301587303,315,0.5194239824959069,0.908201655379985,16,blood|kidney,0.64295,0.6229166666666667,0.6812,0.023
Huntingtons_Disease||Kidney_Clear_Cell_Carcinoma,HINFP,concordant,0.4857142857142857,4.8571428571428585,315,0.3504373869696129,0.8893905191873589,9,blood|kidney,0.64295,0.6229166666666667,0.7744,0.014
Huntingtons_Disease||Kidney_Clear_Cell_Carcinoma,KAT8,concordant,0.473015873015873,4.730158730158731,315,0.8153212549025537,0.8901429646350639,3,blood|kidney,0.64295,0.6229166666666667,0.5704,0.009
Huntingtons_Disease||Kidney_Clear_Cell_Carcinoma,ZFPM1,concordant,0.4634920634920635,4.634920634920636,315,0.3696885768091874,0.891647855530474,15,blood|kidney,0.64295,0.6229166666666667,0.5326,0.023
Huntingtons_Disease||Kidney_Clear_Cell_Carcinoma,ZNF148,concordant,0.4476190476190476,4.476190476190477,315,0.2372576137880412,0.8818660647103085,26,blood|kidney,0.64295,0.6229166666666667,0.721,0.018
Huntingtons_Disease||Kidney_Clear_Cell_Carcinoma,THAP7,concordant,0.4444444444444444,4.4444444444444455,315,0.7908730091958225,0.8645598194130926,2,blood|kidney,0.64295,0.6229166666666667,0.6886,0.014
Huntingtons_Disease||Kidney_Clear_Cell_Carcinoma,RELA,concordant,0.4412698412698412,4.412698412698414,315,0.0989855958570697,0.8337095560571859,838,blood|kidney,0.64295,0.6229166666666667,0.7512,0.018
Huntingtons_Disease||Kidney_Clear_Cell_Carcinoma,KLF10,concordant,0.4285714285714285,4.285714285714287,315,0.2463534894277154,0.8555304740406321,27,blood|kidney,0.64295,0.6229166666666667,0.8524,0.018
Huntingtons_Disease||Kidney_Clear_Cell_Carcinoma,SIRT1,concordant,0.4126984126984127,4.126984126984127,315,0.0843317892829811,0.8683220466516177,58,blood|kidney,0.64295,0.6229166666666667,0.8532,0.009
Huntingtons_Disease||Kidney_Clear_Cell_Carcinoma,E4F1,concordant,0.4095238095238095,4.095238095238096,315,0.4436231128398707,0.8758465011286681,9,blood|kidney,0.64295,0.6229166666666667,0.5776,0.023
Huntingtons_Disease||Kidney_Clear_Cell_Carcinoma,NR1H2,concordant,0.3968253968253968,3.968253968253969,315,0.2145524094616543,0.8254326561324304,44,blood|kidney,0.64295,0.6229166666666667,0.711,0.023
Huntingtons_Disease||Kidney_Papillary_Cell_Carcinoma,ZNF202,concordant,0.5272108843537415,5.272108843537416,294,0.6959782763218094,0.9036869826937548,7,blood|kidney,0.6565000000000001,0.4625,0.5628,0.027
Huntingtons_Disease||Kidney_Papillary_Cell_Carcinoma,HLF,concordant,0.4217687074829932,4.217687074829933,294,0.3720846821733441,0.8758465011286681,18,blood|kidney,0.6565000000000001,0.4625,0.8578,0.014
Huntingtons_Disease||Kidney_Papillary_Cell_Carcinoma,LRRFIP1,concordant,0.4217687074829932,4.217687074829933,294,0.2650438568323414,0.8871331828442438,12,blood|kidney,0.6565000000000001,0.4625,0.8252,0.018
Huntingtons_Disease||Kidney_Papillary_Cell_Carcinoma,RORB,concordant,0.4013605442176871,4.013605442176872,294,0.5972042368048431,0.8389766741911211,5,blood|kidney,0.6565000000000001,0.4625,0.5884,0.009
Huntingtons_Disease||Kidney_Papillary_Cell_Carcinoma,HEY2,concordant,0.3843537414965986,3.843537414965987,294,0.4929376634839614,0.8600451467268623,18,blood|kidney,0.6565000000000001,0.4625,0.732,0.023
Huntingtons_Disease||Kidney_Papillary_Cell_Carcinoma,KLF9,concordant,0.3741496598639456,3.741496598639457,294,0.2883041195208558,0.8344620015048909,23,blood|kidney,0.6565000000000001,0.4625,0.8774,0.009
Huntingtons_Disease||Kidney_Papillary_Cell_Carcinoma,MLX,concordant,0.3673469387755102,3.673469387755103,294,0.4186702868349981,0.8028592927012792,5,blood|kidney,0.6565000000000001,0.4625,0.7672,0.023
Huntingtons_Disease||Kidney_Papillary_Cell_Carcinoma,FOXD2,concordant,0.3605442176870748,3.605442176870749,294,0.5711697618891467,0.8337095560571859,4,blood|kidney,0.6565000000000001,0.4625,0.4978,0.014
Huntingtons_Disease||Kidney_Papillary_Cell_Carcinoma,FOSL1,concordant,0.3605442176870748,3.605442176870749,294,0.1608823806193267,0.8254326561324304,48,blood|kidney,0.6565000000000001,0.4625,0.7102,0.05
Huntingtons_Disease||Kidney_Papillary_Cell_Carcinoma,NFIA,concordant,0.3469387755102041,3.4693877551020416,294,0.1487297624382893,0.8570353649360422,48,blood|kidney,0.6565000000000001,0.4625,0.5948,0.041
Huntingtons_Disease||Kidney_Papillary_Cell_Carcinoma,ARID4A,concordant,0.3435374149659864,3.4353741496598644,294,0.4632789031663921,0.8480060195635817,5,blood|kidney,0.6565000000000001,0.4625,0.6386,0.032
Huntingtons_Disease||Kidney_Papillary_Cell_Carcinoma,ZIC2,concordant,0.3401360544217687,3.401360544217688,294,0.3967216253659068,0.7735139202407826,5,blood|kidney,0.6565000000000001,0.4625,0.4868,0.009
Huntingtons_Disease||Lower_Grade_Glioma,REST,concordant,0.4377880184331797,4.377880184331798,651,0.3757694308178718,0.8786666666666667,64,blood|brain,0.55225,0.4929166666666666,0.7672,0.023
Huntingtons_Disease||Lower_Grade_Glioma,PRRX1,concordant,0.3947772657450076,3.9477726574500775,651,0.7019457403618768,0.855,7,blood|brain,0.55225,0.4929166666666666,0.796,0.023
Huntingtons_Disease||Lower_Grade_Glioma,ZFPM2,concordant,0.3594470046082949,3.59447004608295,651,0.6418040871255368,0.844,11,blood|brain,0.55225,0.4929166666666666,0.8332,0.018
Huntingtons_Disease||Lower_Grade_Glioma,SP100,concordant,0.3502304147465437,3.5023041474654386,651,0.5839376766162693,0.8483333333333334,3,blood|brain,0.55225,0.4929166666666666,0.8082,0.018
Huntingtons_Disease||Lower_Grade_Glioma,HEY2,concordant,0.3118279569892473,3.118279569892474,651,0.4925590562399837,0.8226666666666667,18,blood|brain,0.55225,0.4929166666666666,0.732,0.023
Huntingtons_Disease||Lower_Grade_Glioma,HEYL,concordant,0.3056835637480798,3.0568356374807992,651,0.810625732213516,0.824,5,blood|brain,0.55225,0.4929166666666666,0.6466,0.041
Huntingtons_Disease||Lower_Grade_Glioma,SMAD7,concordant,0.2980030721966206,2.9800307219662066,651,0.4669739956881146,0.7943333333333333,57,blood|brain,0.55225,0.4929166666666666,0.837,0.018
Huntingtons_Disease||Lower_Grade_Glioma,MEOX1,concordant,0.2780337941628264,2.780337941628265,651,0.6553278635100507,0.8136666666666666,7,blood|brain,0.55225,0.4929166666666666,0.649,0.014
Huntingtons_Disease||Lower_Grade_Glioma,POU2AF1,concordant,0.2780337941628264,2.780337941628265,651,0.6200559084424114,0.7823333333333333,5,blood|brain,0.55225,0.4929166666666666,0.7184,0.018
Huntingtons_Disease||Lower_Grade_Glioma,SOX5,concordant,0.2780337941628264,2.780337941628265,651,0.3173429262002035,0.739,15,blood|brain,0.55225,0.4929166666666666,0.6608,0.023
Huntingtons_Disease||Lower_Grade_Glioma,IRF4,concordant,0.2703533026113671,2.703533026113672,651,0.6295269356888755,0.746,52,blood|brain,0.55225,0.4929166666666666,0.876,0.014
Huntingtons_Disease||Lower_Grade_Glioma,ZNF521,concordant,0.2703533026113671,2.703533026113672,651,0.5637792691184951,0.754,3,blood|brain,0.55225,0.4929166666666666,0.8314,0.014
Huntingtons_Disease||Melanoma,ARID4A,concordant,0.6507936507936508,6.50793650793651,189,0.8794248514322373,0.9269662921348316,5,blood|skin,0.7750499999999999,0.6758333333333333,0.6386,0.032
Huntingtons_Disease||Melanoma,KAT7,concordant,0.6507936507936508,6.50793650793651,189,0.586409507005659,0.9269662921348316,76,blood|skin,0.7750499999999999,0.6758333333333333,0.7972,0.023
Huntingtons_Disease||Melanoma,PPARD,concordant,0.6137566137566137,6.137566137566139,189,0.31955628763607,0.9303370786516854,90,blood|skin,0.7750499999999999,0.6758333333333333,0.7656,0.032
Huntingtons_Disease||Melanoma,RELA,concordant,0.5767195767195767,5.767195767195768,189,0.3054433107664791,0.9325842696629212,838,blood|skin,0.7750499999999999,0.6758333333333333,0.7512,0.018
Huntingtons_Disease||Melanoma,ZBTB33,concordant,0.5661375661375662,5.661375661375663,189,0.6009084571344205,0.9146067415730336,11,blood|skin,0.7750499999999999,0.6758333333333333,0.8032,0.018
Huntingtons_Disease||Melanoma,ZGPAT,concordant,0.5661375661375662,5.661375661375663,189,0.5734147224871182,0.9168539325842696,10,blood|skin,0.7750499999999999,0.6758333333333333,0.6324,0.018
Huntingtons_Disease||Melanoma,ZNF335,concordant,0.5185185185185185,5.185185185185186,189,0.6224268865907059,0.9146067415730336,7,blood|skin,0.7750499999999999,0.6758333333333333,0.483,0.041
Huntingtons_Disease||Melanoma,BACH1,concordant,0.5185185185185185,5.185185185185186,189,0.372233899943858,0.902247191011236,14,blood|skin,0.7750499999999999,0.6758333333333333,0.6926,0.014
Huntingtons_Disease||Melanoma,ATF2,concordant,0.5132275132275133,5.132275132275134,189,0.3484295635396729,0.90561797752809,107,blood|skin,0.7750499999999999,0.6758333333333333,0.757,0.027
Huntingtons_Disease||Melanoma,PIN1,concordant,0.492063492063492,4.920634920634922,189,0.751809332975665,0.8921348314606742,5,blood|skin,0.7750499999999999,0.6758333333333333,0.4856,0.014
Huntingtons_Disease||Melanoma,NPM1,concordant,0.492063492063492,4.920634920634922,189,0.6294019029802848,0.8966292134831461,10,blood|skin,0.7750499999999999,0.6758333333333333,0.5554,0.014
Huntingtons_Disease||Melanoma,ABL1,concordant,0.492063492063492,4.920634920634922,189,0.5842402377853493,0.8966292134831461,10,blood|skin,0.7750499999999999,0.6758333333333333,0.7292,0.009
Huntingtons_Disease||Multiple_sclerosis,NFAT5,concordant,0.5512820512820513,5.5128205128205146,546,0.403523524187215,0.925,44,blood|brain,0.6858000000000001,0.54875,0.7002,0.005
Huntingtons_Disease||Multiple_sclerosis,GBX2,concordant,0.5494505494505495,5.494505494505496,546,0.6148426591098033,0.9153333333333332,6,blood|brain,0.6858000000000001,0.54875,0.8016,0.023
Huntingtons_Disease||Multiple_sclerosis,PITX1,concordant,0.5494505494505495,5.494505494505496,546,0.3182523985411772,0.918,26,blood|brain,0.6858000000000001,0.54875,0.841,0.014
Huntingtons_Disease||Multiple_sclerosis,ARID1A,concordant,0.521978021978022,5.219780219780222,546,0.5369310411994882,0.906,8,blood|brain,0.6858000000000001,0.54875,0.7462,0.014
Huntingtons_Disease||Multiple_sclerosis,EGR1,concordant,0.5091575091575091,5.091575091575092,546,0.2135132586399982,0.9023333333333332,323,blood|brain,0.6858000000000001,0.54875,0.7978,0.032
Huntingtons_Disease||Multiple_sclerosis,PAX3,concordant,0.5,5.000000000000001,546,0.2019674243507486,0.8996666666666666,95,blood|brain,0.6858000000000001,0.54875,0.6306,0.009
Huntingtons_Disease||Multiple_sclerosis,NR1H2,concordant,0.4908424908424908,4.90842490842491,546,0.266744463116076,0.897,44,blood|brain,0.6858000000000001,0.54875,0.7338,0.023
Huntingtons_Disease||Multiple_sclerosis,BRD4,concordant,0.4835164835164835,4.835164835164837,546,0.4799064043076548,0.895,10,blood|brain,0.6858000000000001,0.54875,0.6704,0.027
Huntingtons_Disease||Multiple_sclerosis,EGR2,concordant,0.4816849816849817,4.816849816849818,546,0.426910426722782,0.877,65,blood|brain,0.6858000000000001,0.54875,0.8292,0.018
Huntingtons_Disease||Multiple_sclerosis,YBX1,concordant,0.4761904761904761,4.761904761904763,546,0.2871267316453393,0.8896666666666667,84,blood|brain,0.6858000000000001,0.54875,0.8136,0.032
Huntingtons_Disease||Multiple_sclerosis,SPDEF,concordant,0.4597069597069597,4.597069597069598,546,0.5332608935021168,0.8803333333333333,15,blood|brain,0.6858000000000001,0.54875,0.8886,0.018
Huntingtons_Disease||Multiple_sclerosis,JUN,concordant,0.4597069597069597,4.597069597069598,546,0.1711584992361899,0.885,772,blood|brain,0.6858000000000001,0.54875,0.819,0.018
Huntingtons_Disease||Psoriasis,SOX7,concordant,0.6130952380952381,6.130952380952383,168,0.7952784527162671,0.9213483146067416,6,blood|skin,0.7077,0.4908333333333333,0.6292,0.018
Huntingtons_Disease||Psoriasis,TP73,concordant,0.4880952380952381,4.880952380952382,168,0.4335624631807468,0.8977528089887641,110,blood|skin,0.7077,0.4908333333333333,0.6426,0.041
Huntingtons_Disease||Psoriasis,POU6F2,concordant,0.4821428571428571,4.821428571428573,168,0.9625764058046228,0.8921348314606742,2,blood|skin,0.7077,0.4908333333333333,0.4782,0.009
Huntingtons_Disease||Psoriasis,NPAS1,concordant,0.4761904761904761,4.761904761904763,168,0.8841230753809016,0.8887640449438202,4,blood|skin,0.7077,0.4908333333333333,0.5562,0.027
Huntingtons_Disease||Psoriasis,E4F1,concordant,0.4761904761904761,4.761904761904763,168,0.6081379528304676,0.8943820224719101,9,blood|skin,0.7077,0.4908333333333333,0.5776,0.023
Huntingtons_Disease||Psoriasis,ZNF236,concordant,0.4761904761904761,4.761904761904763,168,0.5082116249847359,0.8730337078651685,12,blood|skin,0.7077,0.4908333333333333,0.6934,0.014
Huntingtons_Disease||Psoriasis,NR2F6,concordant,0.4583333333333333,4.583333333333334,168,0.7600143640812502,0.8752808988764045,7,blood|skin,0.7077,0.4908333333333333,0.5144,0.014
Huntingtons_Disease||Psoriasis,ZFPM1,concordant,0.4583333333333333,4.583333333333334,168,0.4668179630221639,0.8887640449438202,15,blood|skin,0.7077,0.4908333333333333,0.5326,0.023
Huntingtons_Disease||Psoriasis,HOXA5,concordant,0.4583333333333333,4.583333333333334,168,0.4053616737831629,0.8865168539325843,15,blood|skin,0.7077,0.4908333333333333,0.7774,0.032
Huntingtons_Disease||Psoriasis,SOX10,concordant,0.4523809523809524,4.523809523809525,168,0.4383615359208843,0.8831460674157303,27,blood|skin,0.7077,0.4908333333333333,0.6062,0.023
Huntingtons_Disease||Psoriasis,TEF,concordant,0.4523809523809524,4.523809523809525,168,0.3133139237726017,0.8752808988764045,14,blood|skin,0.7077,0.4908333333333333,0.7588,0.009
Huntingtons_Disease||Psoriasis,GATA4,concordant,0.4464285714285714,4.464285714285715,168,0.446776284923412,0.8438202247191011,122,blood|skin,0.7077,0.4908333333333333,0.456,0.005
Huntingtons_Disease||Stroke,HDAC3,concordant,0.5714285714285714,5.714285714285715,63,0.3640291516187888,0.925818181818182,23,blood|blood,0.64755,0.6866666666666668,0.4774,0.032
Huntingtons_Disease||Stroke,NFYC,concordant,0.5079365079365079,5.07936507936508,63,0.5626589512449494,0.9083636363636364,20,blood|blood,0.64755,0.6866666666666668,0.8232,0.014
Huntingtons_Disease||Stroke,ZBTB7B,concordant,0.5079365079365079,5.07936507936508,63,0.5266530080609347,0.9047272727272728,15,blood|blood,0.64755,0.6866666666666668,0.6278,0.014
Huntingtons_Disease||Stroke,APEX1,concordant,0.5079365079365079,5.07936507936508,63,0.4993783370109643,0.9250909090909092,37,blood|blood,0.64755,0.6866666666666668,0.8066,0.009
Huntingtons_Disease||Stroke,ATF6,concordant,0.492063492063492,4.920634920634922,63,0.559877852883333,0.8778181818181818,43,blood|blood,0.64755,0.6866666666666668,0.8304,0.023
Huntingtons_Disease||Stroke,ARID3A,concordant,0.4761904761904761,4.761904761904763,63,0.7122172262600588,0.8370909090909091,6,blood|blood,0.64755,0.6866666666666668,0.7896,0.005
Huntingtons_Disease||Stroke,PBX2,concordant,0.4761904761904761,4.761904761904763,63,0.647021341493076,0.8872727272727273,9,blood|blood,0.64755,0.6866666666666668,0.7,0.005
Huntingtons_Disease||Stroke,TRIM28,concordant,0.4761904761904761,4.761904761904763,63,0.6469812741406725,0.896,6,blood|blood,0.64755,0.6866666666666668,0.5568,0.023
Huntingtons_Disease||Stroke,NCOA1,concordant,0.4761904761904761,4.761904761904763,63,0.5135350971419423,0.8770909090909091,80,blood|blood,0.64755,0.6866666666666668,0.8876,0.009
Huntingtons_Disease||Stroke,TP53,concordant,0.4761904761904761,4.761904761904763,63,0.286495208352398,0.8909090909090909,824,blood|blood,0.64755,0.6866666666666668,0.6008,0.063
Huntingtons_Disease||Stroke,BRCA1,concordant,0.4285714285714285,4.285714285714287,63,0.5862366963077682,0.856,54,blood|blood,0.64755,0.6866666666666668,0.8644,0.023
Huntingtons_Disease||Stroke,ENO1,concordant,0.4126984126984127,4.126984126984127,63,0.3020601232267254,0.7549090909090909,18,blood|blood,0.64755,0.6866666666666668,0.7468,0.014
Huntingtons_Disease||Thymoma,HDGF,concordant,0.4,4.000000000000001,210,0.5230958973560461,0.8654822335025381,6,blood|thymus,0.6263500000000001,0.38,0.5518,0.014
Huntingtons_Disease||Thymoma,MNX1,concordant,0.3904761904761905,3.9047619047619055,210,0.6012939212956314,0.8401015228426396,5,blood|thymus,0.6263500000000001,0.38,0.663,0.014
Huntingtons_Disease||Thymoma,NFE2L2,concordant,0.3857142857142857,3.857142857142858,210,0.1646838517765962,0.850253807106599,171,blood|thymus,0.6263500000000001,0.38,0.7186,0.032
Huntingtons_Disease||Thymoma,HMGA1,concordant,0.3761904761904762,3.7619047619047623,210,0.1557812522500209,0.8578680203045685,64,blood|thymus,0.6263500000000001,0.38,0.8878,0.005
Huntingtons_Disease||Thymoma,TET1,concordant,0.3619047619047619,3.61904761904762,210,0.4035812963791844,0.8147208121827412,10,blood|thymus,0.6263500000000001,0.38,0.729,0.041
Huntingtons_Disease||Thymoma,NR0B1,concordant,0.3523809523809524,3.523809523809525,210,0.2657743960104418,0.8020304568527918,48,blood|thymus,0.6263500000000001,0.38,0.5296,0.014
Huntingtons_Disease||Thymoma,SP3,concordant,0.3476190476190476,3.4761904761904767,210,0.0304626809390571,0.8299492385786802,391,blood|thymus,0.6263500000000001,0.38,0.785,0.009
Huntingtons_Disease||Thymoma,NR3C1,concordant,0.3428571428571428,3.4285714285714293,210,0.2442519357458651,0.8553299492385786,252,blood|thymus,0.6263500000000001,0.38,0.7972,0.018
Huntingtons_Disease||Thymoma,ZNF436,concordant,0.3285714285714285,3.2857142857142865,210,0.386512250667309,0.7842639593908629,6,blood|thymus,0.6263500000000001,0.38,0.6896,0.032
Huntingtons_Disease||Thymoma,CREB1,concordant,0.3285714285714285,3.2857142857142865,210,0.1864277301638466,0.8451776649746193,403,blood|thymus,0.6263500000000001,0.38,0.817,0.014
Huntingtons_Disease||Thymoma,NR1I3,concordant,0.3285714285714285,3.2857142857142865,210,0.1133087659467607,0.7944162436548223,48,blood|thymus,0.6263500000000001,0.38,0.5464,0.014
Huntingtons_Disease||Thymoma,THAP7,concordant,0.3142857142857143,3.142857142857144,210,0.3061191227777886,0.8223350253807107,2,blood|thymus,0.6263500000000001,0.38,0.6886,0.014
Huntingtons_Disease||Thyroid_Cancer,CREB1,concordant,0.3871635610766045,3.871635610766046,483,0.1019023296003381,0.8581856100104275,403,blood|thyroid,0.59945,0.3458333333333334,0.817,0.014
Huntingtons_Disease||Thyroid_Cancer,HOXB3,concordant,0.3850931677018633,3.8509316770186346,483,0.2690927961413216,0.8415015641293013,5,blood|thyroid,0.59945,0.3458333333333334,0.801,0.041
Huntingtons_Disease||Thyroid_Cancer,TSC22D1,concordant,0.3706004140786749,3.7060041407867503,483,0.6399277966891014,0.8654848800834203,6,blood|thyroid,0.59945,0.3458333333333334,0.488,0.014
Huntingtons_Disease||Thyroid_Cancer,ATF1,concordant,0.3581780538302277,3.581780538302278,483,0.1848117725626618,0.848800834202294,71,blood|thyroid,0.59945,0.3458333333333334,0.7486,0.023
Huntingtons_Disease||Thyroid_Cancer,NFE2L2,concordant,0.3561076604554865,3.561076604554866,483,0.1809609789947479,0.8467153284671532,171,blood|thyroid,0.59945,0.3458333333333334,0.7186,0.032
Huntingtons_Disease||Thyroid_Cancer,AIP,concordant,0.3540372670807453,3.540372670807454,483,0.5291729436431853,0.8404588112617309,6,blood|thyroid,0.59945,0.3458333333333334,0.6028,0.018
Huntingtons_Disease||Thyroid_Cancer,HEY2,concordant,0.3395445134575569,3.39544513457557,483,0.4437398241682667,0.8425443169968717,18,blood|thyroid,0.59945,0.3458333333333334,0.732,0.023
Huntingtons_Disease||Thyroid_Cancer,ZNF436,concordant,0.3291925465838509,3.29192546583851,483,0.3704631847467683,0.8029197080291971,6,blood|thyroid,0.59945,0.3458333333333334,0.6896,0.032
Huntingtons_Disease||Thyroid_Cancer,CDX1,concordant,0.3291925465838509,3.29192546583851,483,0.0199221575192665,0.8269030239833159,28,blood|thyroid,0.59945,0.3458333333333334,0.7664,0.041
Huntingtons_Disease||Thyroid_Cancer,IRF3,concordant,0.3250517598343685,3.250517598343686,483,0.1225110297324899,0.8258602711157456,65,blood|thyroid,0.59945,0.3458333333333334,0.7542,0.018
Huntingtons_Disease||Thyroid_Cancer,SMAD2,concordant,0.3188405797101449,3.1884057971014497,483,0.1806658270692226,0.8185610010427529,93,blood|thyroid,0.59945,0.3458333333333334,0.6656,0.009
Huntingtons_Disease||Thyroid_Cancer,THAP7,concordant,0.3105590062111801,3.1055900621118018,483,0.5270507396445523,0.8206465067778936,2,blood|thyroid,0.59945,0.3458333333333334,0.6886,0.014
Huntingtons_Disease||lower_grade_glioma_and_glioblastoma,ZEB1,concordant,0.3871635610766045,3.871635610766046,483,0.5843649395808211,0.8443333333333334,54,blood|brain,0.6291499999999999,0.4733333333333333,0.8722,0.014
Huntingtons_Disease||lower_grade_glioma_and_glioblastoma,HEY2,concordant,0.3581780538302277,3.581780538302278,483,0.5021621772241884,0.8326666666666667,18,blood|brain,0.6291499999999999,0.4733333333333333,0.732,0.023
Huntingtons_Disease||lower_grade_glioma_and_glioblastoma,ZKSCAN3,concordant,0.3416149068322981,3.416149068322982,483,0.7072199915497478,0.819,3,blood|brain,0.6291499999999999,0.4733333333333333,0.662,0.005
Huntingtons_Disease||lower_grade_glioma_and_glioblastoma,HEYL,concordant,0.3333333333333333,3.333333333333334,483,0.8249932125272306,0.8386666666666667,5,blood|brain,0.6291499999999999,0.4733333333333333,0.6404,0.041
Huntingtons_Disease||lower_grade_glioma_and_glioblastoma,REST,concordant,0.3209109730848861,3.209109730848862,483,0.2999369215189509,0.824,64,blood|brain,0.6291499999999999,0.4733333333333333,0.8198,0.023
Huntingtons_Disease||lower_grade_glioma_and_glioblastoma,HTATIP2,concordant,0.3084886128364389,3.08488612836439,483,0.3101633885761361,0.8246666666666667,16,blood|brain,0.6291499999999999,0.4733333333333333,0.6328,0.023
Huntingtons_Disease||lower_grade_glioma_and_glioblastoma,PIAS1,concordant,0.3064182194616977,3.064182194616978,483,0.6612211011428132,0.8013333333333333,4,blood|brain,0.6291499999999999,0.4733333333333333,0.541,0.014
Huntingtons_Disease||lower_grade_glioma_and_glioblastoma,ZBTB20,concordant,0.3022774327122153,3.022774327122154,483,0.6460225310581758,0.7976666666666666,3,blood|brain,0.6291499999999999,0.4733333333333333,0.6198,0.014
Huntingtons_Disease||lower_grade_glioma_and_glioblastoma,ZNF16,concordant,0.2981366459627329,2.98136645962733,483,0.9311986856731996,0.8373333333333334,2,blood|brain,0.6291499999999999,0.4733333333333333,0.4804,0.014
Huntingtons_Disease||lower_grade_glioma_and_glioblastoma,FOXF1,concordant,0.2919254658385093,2.9192546583850936,483,0.8415059323117122,0.844,7,blood|brain,0.6291499999999999,0.4733333333333333,0.7742,0.023
Huntingtons_Disease||lower_grade_glioma_and_glioblastoma,HDGF,concordant,0.2753623188405797,2.753623188405798,483,0.4376228504019022,0.82,6,blood|brain,0.6291499999999999,0.4733333333333333,0.5836,0.014
Huntingtons_Disease||lower_grade_glioma_and_glioblastoma,IRF6,concordant,0.2691511387163561,2.6915113871635614,483,0.3646762839509203,0.741,15,blood|brain,0.6291499999999999,0.4733333333333333,0.8164,0.005
Intellectual_Disability||Ocular_Melanomas,RORC,concordant,1.0,10.000000000000002,12,0.613366430668735,0.953,20,blood|uvea,0.51605,0.55,0.554,0.018
Intellectual_Disability||Ocular_Melanomas,NFIA,concordant,0.9166666666666666,9.166666666666668,12,0.4032358318100663,0.9818,48,blood|uvea,0.51605,0.55,0.602,0.041
Intellectual_Disability||Ocular_Melanomas,PIN1,concordant,0.8333333333333334,8.333333333333336,12,0.7479712968317638,0.9528,5,blood|uvea,0.51605,0.55,0.567,0.014
Intellectual_Disability||Ocular_Melanomas,MUC1,concordant,0.75,7.500000000000002,12,0.8791020800011803,0.9246,3,blood|uvea,0.51605,0.55,0.5488,0.027
Intellectual_Disability||Ocular_Melanomas,FOXJ1,concordant,0.75,7.500000000000002,12,0.5140311345769781,0.9204,14,blood|uvea,0.51605,0.55,0.7158,0.018
Intellectual_Disability||Ocular_Melanomas,IRX2,concordant,0.6666666666666666,6.666666666666668,12,0.9909531253544452,0.9414,2,blood|uvea,0.51605,0.55,0.5074,0.014
Intellectual_Disability||Ocular_Melanomas,ZNF451,concordant,0.6666666666666666,6.666666666666668,12,0.8971696106432028,0.9246,3,blood|uvea,0.51605,0.55,0.5882,0.014
Intellectual_Disability||Ocular_Melanomas,ZNF300,concordant,0.6666666666666666,6.666666666666668,12,0.6935606754022573,0.969,8,blood|uvea,0.51605,0.55,0.5962,0.014
Intellectual_Disability||Ocular_Melanomas,TET1,concordant,0.6666666666666666,6.666666666666668,12,0.6282915217871845,0.971,10,blood|uvea,0.51605,0.55,0.7456,0.041
Intellectual_Disability||Ocular_Melanomas,PML,concordant,0.6666666666666666,6.666666666666668,12,0.49987808843631,0.9684,17,blood|uvea,0.51605,0.55,0.6798,0.036
Intellectual_Disability||Ocular_Melanomas,ENO1,concordant,0.6666666666666666,6.666666666666668,12,0.3828567294416489,0.9358,18,blood|uvea,0.51605,0.55,0.7064,0.014
Intellectual_Disability||Ocular_Melanomas,EWSR1,concordant,0.6666666666666666,6.666666666666668,12,0.3243761382884691,0.9364,56,blood|uvea,0.51605,0.55,0.6906,0.032
Irritable_bowel_syndrome_(IBS)||Kidney_Papillary_Cell_Carcinoma,MYB,concordant,0.9642857142857144,9.642857142857146,56,0.1784305686375074,0.965287049399199,162,colorectal|kidney,0.7127500000000001,0.59125,,0.032
Irritable_bowel_syndrome_(IBS)||Kidney_Papillary_Cell_Carcinoma,ST18,concordant,0.7142857142857143,7.142857142857145,56,0.9541817557061396,0.9559412550066756,2,colorectal|kidney,0.7127500000000001,0.59125,,0.023
Irritable_bowel_syndrome_(IBS)||Kidney_Papillary_Cell_Carcinoma,PITX3,concordant,0.6964285714285714,6.964285714285715,56,0.3778175722966376,0.9492656875834444,22,colorectal|kidney,0.7127500000000001,0.59125,,0.018
Irritable_bowel_syndrome_(IBS)||Kidney_Papillary_Cell_Carcinoma,ASCL2,concordant,0.6785714285714286,6.785714285714287,56,0.4242152894959298,0.9399198931909212,9,colorectal|kidney,0.7127500000000001,0.59125,,0.023
Irritable_bowel_syndrome_(IBS)||Kidney_Papillary_Cell_Carcinoma,SOX11,concordant,0.6785714285714286,6.785714285714287,56,0.2926017626920203,0.9158878504672896,11,colorectal|kidney,0.7127500000000001,0.59125,,0.014
Irritable_bowel_syndrome_(IBS)||Kidney_Papillary_Cell_Carcinoma,ARHGAP35,concordant,0.625,6.250000000000002,56,0.7364755738038313,0.9412550066755674,4,colorectal|kidney,0.7127500000000001,0.59125,,0.009
Irritable_bowel_syndrome_(IBS)||Kidney_Papillary_Cell_Carcinoma,FOXI1,concordant,0.625,6.250000000000002,56,0.2371824631376451,0.9345794392523364,10,colorectal|kidney,0.7127500000000001,0.59125,,0.005
Irritable_bowel_syndrome_(IBS)||Kidney_Papillary_Cell_Carcinoma,BCL11B,concordant,0.6071428571428571,6.071428571428572,56,0.3400158712725702,0.9492656875834444,23,colorectal|kidney,0.7127500000000001,0.59125,,0.041
Irritable_bowel_syndrome_(IBS)||Kidney_Papillary_Cell_Carcinoma,SPDEF,concordant,0.6071428571428571,6.071428571428572,56,0.3229224867313442,0.9265687583444592,15,colorectal|kidney,0.7127500000000001,0.59125,,0.018
Irritable_bowel_syndrome_(IBS)||Kidney_Papillary_Cell_Carcinoma,YBX1,concordant,0.6071428571428571,6.071428571428572,56,0.1396704417272292,0.9145527369826436,84,colorectal|kidney,0.7127500000000001,0.59125,,0.032
Irritable_bowel_syndrome_(IBS)||Kidney_Papillary_Cell_Carcinoma,RFX3,concordant,0.5892857142857143,5.892857142857144,56,0.5392965018034396,0.9265687583444592,6,colorectal|kidney,0.7127500000000001,0.59125,,0.014
Irritable_bowel_syndrome_(IBS)||Kidney_Papillary_Cell_Carcinoma,TRRAP,concordant,0.5714285714285714,5.714285714285715,56,0.8822112184203715,0.9078771695594126,2,colorectal|kidney,0.7127500000000001,0.59125,,0.005
Irritable_bowel_syndrome_(IBS)||Liver_Cancer,ZNF410,concordant,1.0,10.000000000000002,40,0.908389787301808,0.9479553903345724,3,colorectal|liver,0.6692500000000001,0.69125,,0.032
Irritable_bowel_syndrome_(IBS)||Liver_Cancer,HR,concordant,1.0,10.000000000000002,40,0.2082200813648737,0.9442379182156134,84,colorectal|liver,0.6692500000000001,0.69125,,0.027
Irritable_bowel_syndrome_(IBS)||Liver_Cancer,BCL11B,concordant,0.9,9.000000000000002,40,0.3423987231497012,0.9442379182156134,23,colorectal|liver,0.6692500000000001,0.69125,,0.041
Irritable_bowel_syndrome_(IBS)||Liver_Cancer,PBX4,concordant,0.8,8.000000000000002,40,0.7339109598152953,0.9442379182156134,2,colorectal|liver,0.6692500000000001,0.69125,,0.009
Irritable_bowel_syndrome_(IBS)||Liver_Cancer,HOXB6,concordant,0.8,8.000000000000002,40,0.6824751107603171,0.933085501858736,2,colorectal|liver,0.6692500000000001,0.69125,,0.014
Irritable_bowel_syndrome_(IBS)||Liver_Cancer,ZNF461,concordant,0.75,7.500000000000002,40,0.6115913483324611,0.9442379182156134,2,colorectal|liver,0.6692500000000001,0.69125,,0.014
Irritable_bowel_syndrome_(IBS)||Liver_Cancer,BARX2,concordant,0.75,7.500000000000002,40,0.4619395223840827,0.9405204460966544,12,colorectal|liver,0.6692500000000001,0.69125,,0.023
Irritable_bowel_syndrome_(IBS)||Liver_Cancer,ETV4,concordant,0.75,7.500000000000002,40,0.2119297832568109,0.9442379182156134,60,colorectal|liver,0.6692500000000001,0.69125,,0.027
Irritable_bowel_syndrome_(IBS)||Liver_Cancer,MECOM,concordant,0.75,7.500000000000002,40,0.1850362462559425,0.9442379182156134,18,colorectal|liver,0.6692500000000001,0.69125,,0.041
Irritable_bowel_syndrome_(IBS)||Liver_Cancer,MYB,concordant,0.7,7.000000000000001,40,0.0799530011591376,0.9405204460966544,162,colorectal|liver,0.6692500000000001,0.69125,,0.032
Irritable_bowel_syndrome_(IBS)||Liver_Cancer,ZNF263,concordant,0.675,6.750000000000002,40,0.3244324305256927,0.929368029739777,9,colorectal|liver,0.6692500000000001,0.69125,,0.014
Irritable_bowel_syndrome_(IBS)||Liver_Cancer,HOXB5,concordant,0.65,6.500000000000002,40,0.2555630896987186,0.9442379182156134,5,colorectal|liver,0.6692500000000001,0.69125,,0.027
Irritable_bowel_syndrome_(IBS)||Lower_Grade_Glioma,POU4F2,concordant,0.5645161290322581,5.645161290322583,124,0.2226244798619219,0.919732441471572,27,brain|colorectal,0.6685,0.5070833333333333,0.2362,0.027
Irritable_bowel_syndrome_(IBS)||Lower_Grade_Glioma,ARX,concordant,0.5645161290322581,5.645161290322583,124,0.2128951263367156,0.9147157190635452,23,brain|colorectal,0.6685,0.5070833333333333,0.6068,0.027
Irritable_bowel_syndrome_(IBS)||Lower_Grade_Glioma,CREBL2,concordant,0.5483870967741935,5.483870967741936,124,0.973991482538821,0.9092809364548496,2,brain|colorectal,0.6685,0.5070833333333333,0.3978,0.032
Irritable_bowel_syndrome_(IBS)||Lower_Grade_Glioma,PITX3,concordant,0.532258064516129,5.322580645161291,124,0.3559515241757088,0.9101170568561872,22,brain|colorectal,0.6685,0.5070833333333333,0.6892,0.018
Irritable_bowel_syndrome_(IBS)||Lower_Grade_Glioma,ERF,concordant,0.532258064516129,5.322580645161291,124,0.3105973745389231,0.9142976588628764,15,brain|colorectal,0.6685,0.5070833333333333,0.675,0.009
Irritable_bowel_syndrome_(IBS)||Lower_Grade_Glioma,YBX3,concordant,0.532258064516129,5.322580645161291,124,0.246611316043824,0.9260033444816054,22,brain|colorectal,0.6685,0.5070833333333333,0.6954,0.018
Irritable_bowel_syndrome_(IBS)||Lower_Grade_Glioma,BRCA1,concordant,0.532258064516129,5.322580645161291,124,0.2336065011860088,0.9293478260869564,54,brain|colorectal,0.6685,0.5070833333333333,0.3482,0.023
Irritable_bowel_syndrome_(IBS)||Lower_Grade_Glioma,NPAS2,concordant,0.5161290322580645,5.161290322580646,124,0.3330946680610353,0.9134615384615384,9,brain|colorectal,0.6685,0.5070833333333333,0.81,0.032
Irritable_bowel_syndrome_(IBS)||Lower_Grade_Glioma,SNAI1,concordant,0.4919354838709677,4.919354838709679,124,0.0577925168436247,0.8971571906354515,89,brain|colorectal,0.6685,0.5070833333333333,0.5368,0.027
Irritable_bowel_syndrome_(IBS)||Lower_Grade_Glioma,DLX3,concordant,0.4838709677419355,4.838709677419356,124,0.2505777763039483,0.8967391304347826,15,brain|colorectal,0.6685,0.5070833333333333,0.4874,0.018
Irritable_bowel_syndrome_(IBS)||Lower_Grade_Glioma,RARA,discordant,0.4838709677419355,4.838709677419356,124,-0.0290757962209736,0.5585284280936454,168,brain|colorectal,0.6685,0.5070833333333333,0.646,0.014
Irritable_bowel_syndrome_(IBS)||Lower_Grade_Glioma,STAT6,concordant,0.4758064516129032,4.758064516129034,124,0.1038221936441083,0.8867056856187291,106,brain|colorectal,0.6685,0.5070833333333333,0.654,0.014
Irritable_bowel_syndrome_(IBS)||Lung_Cancer,HOXB6,concordant,0.7410714285714286,7.410714285714287,112,0.7314869197755689,0.9521988527724664,2,colorectal|lung,0.7339,0.6216666666666667,,0.014
Irritable_bowel_syndrome_(IBS)||Lung_Cancer,SIM2,concordant,0.6607142857142857,6.6071428571428585,112,0.4582794122968984,0.9474187380497132,10,colorectal|lung,0.7339,0.6216666666666667,,0.032
Irritable_bowel_syndrome_(IBS)||Lung_Cancer,HOXB5,concordant,0.6517857142857143,6.517857142857144,112,0.3183037262608629,0.965583173996176,5,colorectal|lung,0.7339,0.6216666666666667,,0.027
Irritable_bowel_syndrome_(IBS)||Lung_Cancer,TCF4,concordant,0.5982142857142857,5.9821428571428585,112,0.2305107637133672,0.9139579349904398,53,colorectal|lung,0.7339,0.6216666666666667,,0.018
Irritable_bowel_syndrome_(IBS)||Lung_Cancer,TLX1,concordant,0.5892857142857143,5.892857142857144,112,0.538756820325329,0.9244741873804972,9,colorectal|lung,0.7339,0.6216666666666667,,0.023
Irritable_bowel_syndrome_(IBS)||Lung_Cancer,ARID5A,concordant,0.5714285714285714,5.714285714285715,112,0.6145924214302809,0.9216061185468452,4,colorectal|lung,0.7339,0.6216666666666667,,0.018
Irritable_bowel_syndrome_(IBS)||Lung_Cancer,DEAF1,concordant,0.5446428571428571,5.446428571428572,112,0.3908240646231309,0.9139579349904398,9,colorectal|lung,0.7339,0.6216666666666667,,0.023
Irritable_bowel_syndrome_(IBS)||Lung_Cancer,HAND1,concordant,0.5267857142857143,5.267857142857144,112,0.2249133362347524,0.9063097514340344,12,colorectal|lung,0.7339,0.6216666666666667,,0.018
Irritable_bowel_syndrome_(IBS)||Lung_Cancer,GRHL3,concordant,0.5178571428571429,5.178571428571431,112,0.322388703897605,0.9082217973231358,25,colorectal|lung,0.7339,0.6216666666666667,,0.023
Irritable_bowel_syndrome_(IBS)||Lung_Cancer,IRF8,concordant,0.5,5.000000000000001,112,0.1144035844639466,0.9130019120458892,60,colorectal|lung,0.7339,0.6216666666666667,,0.009
Irritable_bowel_syndrome_(IBS)||Lung_Cancer,FHL2,concordant,0.4910714285714285,4.910714285714287,112,0.5343886405642967,0.892925430210325,7,colorectal|lung,0.7339,0.6216666666666667,,0.014
Irritable_bowel_syndrome_(IBS)||Lung_Cancer,TBX3,concordant,0.4821428571428571,4.821428571428573,112,0.174876572913556,0.8910133843212237,18,colorectal|lung,0.7339,0.6216666666666667,,0.023
Irritable_bowel_syndrome_(IBS)||Multiple_sclerosis,ZNF436,concordant,0.75,7.500000000000002,104,0.6247473389753824,0.9531772575250836,6,brain|colorectal,0.6878,0.5704166666666667,0.5982,0.032
Irritable_bowel_syndrome_(IBS)||Multiple_sclerosis,DEAF1,concordant,0.7307692307692307,7.307692307692309,104,0.5240214656714145,0.9640468227424748,9,brain|colorectal,0.6878,0.5704166666666667,0.4484,0.023
Irritable_bowel_syndrome_(IBS)||Multiple_sclerosis,CIC,concordant,0.6826923076923077,6.826923076923078,104,0.6137454176060229,0.9632107023411371,3,brain|colorectal,0.6878,0.5704166666666667,0.6518,0.041
Irritable_bowel_syndrome_(IBS)||Multiple_sclerosis,YAP1,concordant,0.625,6.250000000000002,104,0.4494320575363438,0.9297658862876256,9,brain|colorectal,0.6878,0.5704166666666667,0.772,0.018
Irritable_bowel_syndrome_(IBS)||Multiple_sclerosis,ZNF354C,concordant,0.6057692307692307,6.057692307692308,104,0.3047325414041235,0.9180602006688964,22,brain|colorectal,0.6878,0.5704166666666667,0.8394,0.023
Irritable_bowel_syndrome_(IBS)||Multiple_sclerosis,CTCF,concordant,0.5673076923076923,5.673076923076924,104,0.2977477767362599,0.971153846153846,126,brain|colorectal,0.6878,0.5704166666666667,0.6026,0.023
Irritable_bowel_syndrome_(IBS)||Multiple_sclerosis,HOXB7,concordant,0.5576923076923077,5.576923076923078,104,0.205752739904431,0.9226588628762542,17,brain|colorectal,0.6878,0.5704166666666667,0.6206,0.036
Irritable_bowel_syndrome_(IBS)||Multiple_sclerosis,BCL6,concordant,0.5480769230769231,5.480769230769233,104,0.1863402662183122,0.9247491638795988,89,brain|colorectal,0.6878,0.5704166666666667,0.825,0.014
Irritable_bowel_syndrome_(IBS)||Multiple_sclerosis,HDAC1,concordant,0.5384615384615384,5.384615384615386,104,0.1336377923783145,0.9088628762541806,79,brain|colorectal,0.6878,0.5704166666666667,0.8646,0.023
Irritable_bowel_syndrome_(IBS)||Multiple_sclerosis,KAT6B,concordant,0.5288461538461539,5.28846153846154,104,0.6148625049712585,0.903846153846154,5,brain|colorectal,0.6878,0.5704166666666667,0.6958,0.027
Irritable_bowel_syndrome_(IBS)||Multiple_sclerosis,RREB1,concordant,0.5192307692307693,5.192307692307694,104,0.4277489358212452,0.9209866220735786,9,brain|colorectal,0.6878,0.5704166666666667,0.7096,0.009
Irritable_bowel_syndrome_(IBS)||Multiple_sclerosis,ZNF148,concordant,0.5192307692307693,5.192307692307694,104,0.2369874583875876,0.9372909698996656,26,brain|colorectal,0.6878,0.5704166666666667,0.4414,0.018
Irritable_bowel_syndrome_(IBS)||Pheochromocytoma_and_Paraganglioma,GLI3,concordant,0.75,7.500000000000002,40,0.2621125345171603,0.9601328903654484,36,adrenal|colorectal,0.57415,0.4091666666666667,,0.023
Irritable_bowel_syndrome_(IBS)||Pheochromocytoma_and_Paraganglioma,SIRT6,concordant,0.725,7.250000000000002,40,0.8268045355089982,0.9534883720930232,2,adrenal|colorectal,0.57415,0.4091666666666667,,0.009
Irritable_bowel_syndrome_(IBS)||Pheochromocytoma_and_Paraganglioma,SFPQ,concordant,0.7,7.000000000000001,40,0.2278807387130439,0.9667774086378738,27,adrenal|colorectal,0.57415,0.4091666666666667,,0.014
Irritable_bowel_syndrome_(IBS)||Pheochromocytoma_and_Paraganglioma,HDGF,concordant,0.65,6.500000000000002,40,0.4076010568548663,0.9302325581395348,6,adrenal|colorectal,0.57415,0.4091666666666667,,0.014
Irritable_bowel_syndrome_(IBS)||Pheochromocytoma_and_Paraganglioma,NUPR1,concordant,0.6,6.000000000000001,40,0.5646508546130509,0.9102990033222592,5,adrenal|colorectal,0.57415,0.4091666666666667,,0.018
Irritable_bowel_syndrome_(IBS)||Pheochromocytoma_and_Paraganglioma,EWSR1,concordant,0.6,6.000000000000001,40,0.0452951730537379,0.9235880398671096,56,adrenal|colorectal,0.57415,0.4091666666666667,,0.032
Irritable_bowel_syndrome_(IBS)||Pheochromocytoma_and_Paraganglioma,MYBL2,concordant,0.575,5.750000000000001,40,0.2008393189876547,0.9136212624584718,43,adrenal|colorectal,0.57415,0.4091666666666667,,0.027
Irritable_bowel_syndrome_(IBS)||Pheochromocytoma_and_Paraganglioma,MYC,concordant,0.575,5.750000000000001,40,0.0788051238885511,0.9235880398671096,784,adrenal|colorectal,0.57415,0.4091666666666667,,0.009
Irritable_bowel_syndrome_(IBS)||Pheochromocytoma_and_Paraganglioma,HES1,concordant,0.55,5.500000000000002,40,0.1490932079438302,0.9534883720930232,84,adrenal|colorectal,0.57415,0.4091666666666667,,0.014
Irritable_bowel_syndrome_(IBS)||Pheochromocytoma_and_Paraganglioma,MYB,concordant,0.55,5.500000000000002,40,0.0083879007664184,0.920265780730897,162,adrenal|colorectal,0.57415,0.4091666666666667,,0.032
Irritable_bowel_syndrome_(IBS)||Pheochromocytoma_and_Paraganglioma,PPARG,discordant,0.55,5.500000000000002,40,-0.0717364736739296,0.9302325581395348,319,adrenal|colorectal,0.57415,0.4091666666666667,,0.036
Irritable_bowel_syndrome_(IBS)||Pheochromocytoma_and_Paraganglioma,ZBTB2,concordant,0.525,5.250000000000002,40,0.7990688523961269,0.9136212624584718,4,adrenal|colorectal,0.57415,0.4091666666666667,,0.018
Irritable_bowel_syndrome_(IBS)||Psoriasis,TCF3,concordant,0.84375,8.437500000000002,32,0.2601506451505289,0.9572192513368984,118,colorectal|skin,0.5086499999999999,0.4058333333333332,,0.032
Irritable_bowel_syndrome_(IBS)||Psoriasis,CEBPG,concordant,0.78125,7.812500000000002,32,0.1773668350888334,0.946524064171123,154,colorectal|skin,0.5086499999999999,0.4058333333333332,,0.023
Irritable_bowel_syndrome_(IBS)||Psoriasis,NACC1,concordant,0.75,7.500000000000002,32,0.7462427300620076,0.9447415329768272,4,colorectal|skin,0.5086499999999999,0.4058333333333332,,0.009
Irritable_bowel_syndrome_(IBS)||Psoriasis,PPARA,concordant,0.6875,6.875000000000002,32,0.1872963583438102,0.9714795008912656,232,colorectal|skin,0.5086499999999999,0.4058333333333332,,0.009
Irritable_bowel_syndrome_(IBS)||Psoriasis,TFDP1,concordant,0.65625,6.562500000000002,32,0.2955485062924594,0.9358288770053476,30,colorectal|skin,0.5086499999999999,0.4058333333333332,,0.009
Irritable_bowel_syndrome_(IBS)||Psoriasis,MAZ,concordant,0.65625,6.562500000000002,32,0.2467358433175596,0.9322638146167558,42,colorectal|skin,0.5086499999999999,0.4058333333333332,,0.023
Irritable_bowel_syndrome_(IBS)||Psoriasis,PAX8,concordant,0.625,6.250000000000002,32,0.3805255145392007,0.93048128342246,28,colorectal|skin,0.5086499999999999,0.4058333333333332,,0.023
Irritable_bowel_syndrome_(IBS)||Psoriasis,ETV5,concordant,0.625,6.250000000000002,32,0.3418510264706794,0.9340463458110516,22,colorectal|skin,0.5086499999999999,0.4058333333333332,,0.009
Irritable_bowel_syndrome_(IBS)||Psoriasis,NPAS1,concordant,0.59375,5.937500000000001,32,0.8329418207963935,0.9197860962566844,4,colorectal|skin,0.5086499999999999,0.4058333333333332,,0.027
Irritable_bowel_syndrome_(IBS)||Psoriasis,MSC,concordant,0.59375,5.937500000000001,32,0.1473771891206949,0.9073083778966132,27,colorectal|skin,0.5086499999999999,0.4058333333333332,,0.032
Irritable_bowel_syndrome_(IBS)||Psoriasis,MXD1,concordant,0.5625,5.625000000000001,32,0.3350571512612398,0.9073083778966132,22,colorectal|skin,0.5086499999999999,0.4058333333333332,,0.014
Irritable_bowel_syndrome_(IBS)||Psoriasis,TRIM28,concordant,0.53125,5.312500000000001,32,0.6219517919204461,0.9090909090909092,6,colorectal|skin,0.5086499999999999,0.4058333333333332,,0.023
Irritable_bowel_syndrome_(IBS)||Stomach_Cancer,CRX,concordant,0.7,7.000000000000001,120,0.2260944847972959,0.9477124183006536,20,colorectal|stomach,0.6868500000000001,0.6979166666666665,,0.018
Irritable_bowel_syndrome_(IBS)||Stomach_Cancer,INSM1,concordant,0.6416666666666667,6.416666666666669,120,0.7682104219166817,0.9503267973856208,5,colorectal|stomach,0.6868500000000001,0.6979166666666665,,0.027
Irritable_bowel_syndrome_(IBS)||Stomach_Cancer,ATOH8,concordant,0.55,5.500000000000002,120,0.3535553496047897,0.9098039215686274,3,colorectal|stomach,0.6868500000000001,0.6979166666666665,,0.018
Irritable_bowel_syndrome_(IBS)||Stomach_Cancer,BCL11A,concordant,0.5333333333333333,5.333333333333335,120,0.3293393393192992,0.922875816993464,11,colorectal|stomach,0.6868500000000001,0.6979166666666665,,0.023
Irritable_bowel_syndrome_(IBS)||Stomach_Cancer,HOXA2,concordant,0.4833333333333333,4.833333333333335,120,0.6919289575932114,0.8875816993464052,3,colorectal|stomach,0.6868500000000001,0.6979166666666665,,0.014
Irritable_bowel_syndrome_(IBS)||Stomach_Cancer,CDX2,concordant,0.4833333333333333,4.833333333333335,120,0.2012616802436123,0.7699346405228759,59,colorectal|stomach,0.6868500000000001,0.6979166666666665,,0.018
Irritable_bowel_syndrome_(IBS)||Stomach_Cancer,E2F8,concordant,0.475,4.750000000000001,120,0.1957724220673835,0.7542483660130719,3,colorectal|stomach,0.6868500000000001,0.6979166666666665,,0.036
Irritable_bowel_syndrome_(IBS)||Stomach_Cancer,NEUROD1,concordant,0.4333333333333333,4.333333333333335,120,0.2055752686028454,0.7555555555555555,58,colorectal|stomach,0.6868500000000001,0.6979166666666665,,0.023
Irritable_bowel_syndrome_(IBS)||Stomach_Cancer,DBP,concordant,0.4333333333333333,4.333333333333335,120,0.1636276792483996,0.8470588235294118,33,colorectal|stomach,0.6868500000000001,0.6979166666666665,,0.018
Irritable_bowel_syndrome_(IBS)||Stomach_Cancer,NR2E3,concordant,0.425,4.250000000000001,120,0.1413344006149475,0.857516339869281,12,colorectal|stomach,0.6868500000000001,0.6979166666666665,,0.009
Irritable_bowel_syndrome_(IBS)||Stomach_Cancer,TFDP2,concordant,0.4166666666666667,4.166666666666668,120,0.2508261695543806,0.7490196078431373,5,colorectal|stomach,0.6868500000000001,0.6979166666666665,,0.027
Irritable_bowel_syndrome_(IBS)||Stomach_Cancer,IKZF2,concordant,0.4083333333333333,4.083333333333334,120,0.633650596073732,0.8509803921568627,5,colorectal|stomach,0.6868500000000001,0.6979166666666665,,0.032
Irritable_bowel_syndrome_(IBS)||Stroke,HDAC3,concordant,0.75,7.500000000000002,12,0.2981278849308424,0.9389272437599576,23,blood|colorectal,0.31825,0.2016666666666667,0.481,0.032
Irritable_bowel_syndrome_(IBS)||Stroke,MAZ,concordant,0.75,7.500000000000002,12,0.2643920329047532,0.926712692511949,42,blood|colorectal,0.31825,0.2016666666666667,0.7376,0.023
Irritable_bowel_syndrome_(IBS)||Stroke,DLX5,concordant,0.6666666666666666,6.666666666666668,12,0.4691154095123852,0.9607010090281466,26,blood|colorectal,0.31825,0.2016666666666667,0.8064,0.018
Irritable_bowel_syndrome_(IBS)||Stroke,DLX3,concordant,0.6666666666666666,6.666666666666668,12,0.3607381908211925,0.9272437599575146,15,blood|colorectal,0.31825,0.2016666666666667,0.6942,0.018
Irritable_bowel_syndrome_(IBS)||Stroke,MSC,concordant,0.6666666666666666,6.666666666666668,12,0.1364319214328835,0.92777482740308,27,blood|colorectal,0.31825,0.2016666666666667,0.8686,0.032
Irritable_bowel_syndrome_(IBS)||Stroke,SSRP1,concordant,0.6666666666666666,6.666666666666668,12,0.1354402552297222,0.9171534784917684,123,blood|colorectal,0.31825,0.2016666666666667,0.8222,0.027
Irritable_bowel_syndrome_(IBS)||Stroke,HOXC9,concordant,0.5833333333333334,5.833333333333335,12,0.8444861791964613,0.94583112055231,3,blood|colorectal,0.31825,0.2016666666666667,0.8322,0.041
Irritable_bowel_syndrome_(IBS)||Stroke,ZNF335,concordant,0.5833333333333334,5.833333333333335,12,0.6054321052489685,0.9431757833244824,7,blood|colorectal,0.31825,0.2016666666666667,0.4472,0.041
Irritable_bowel_syndrome_(IBS)||Stroke,BPTF,concordant,0.5,5.000000000000001,12,0.645502967531012,0.9006903876792353,4,blood|colorectal,0.31825,0.2016666666666667,0.5084,0.009
Irritable_bowel_syndrome_(IBS)||Stroke,HOXD1,concordant,0.5,5.000000000000001,12,0.3639234707328971,0.8714816781731279,6,blood|colorectal,0.31825,0.2016666666666667,0.6272,0.018
Irritable_bowel_syndrome_(IBS)||Stroke,PHF5A,concordant,0.5,5.000000000000001,12,0.3617247459512805,0.8438661710037175,5,blood|colorectal,0.31825,0.2016666666666667,0.8356,0.018
Irritable_bowel_syndrome_(IBS)||Stroke,SIN3A,concordant,0.5,5.000000000000001,12,0.3510132519257609,0.8789166224110462,11,blood|colorectal,0.31825,0.2016666666666667,0.4976,0.009
Irritable_bowel_syndrome_(IBS)||Thymoma,NFIA,concordant,0.9,9.000000000000002,40,0.1804611128765244,0.9578947368421052,48,colorectal|thymus,0.56695,0.4,,0.041
Irritable_bowel_syndrome_(IBS)||Thymoma,MUC1,concordant,0.825,8.250000000000002,40,0.889235796440205,0.968421052631579,3,colorectal|thymus,0.56695,0.4,,0.027
Irritable_bowel_syndrome_(IBS)||Thymoma,TCF7L2,concordant,0.825,8.250000000000002,40,0.1323860260132504,0.9543859649122808,106,colorectal|thymus,0.56695,0.4,,0.018
Irritable_bowel_syndrome_(IBS)||Thymoma,TFAP2A,concordant,0.775,7.750000000000002,40,0.0759580353182048,0.9438596491228072,270,colorectal|thymus,0.56695,0.4,,0.036
Irritable_bowel_syndrome_(IBS)||Thymoma,ZBTB17,discordant,0.775,7.750000000000002,40,-0.0127649533894252,0.9438596491228072,38,colorectal|thymus,0.56695,0.4,,0.009
Irritable_bowel_syndrome_(IBS)||Thymoma,PER2,concordant,0.75,7.500000000000002,40,0.9753580962332716,0.968421052631579,3,colorectal|thymus,0.56695,0.4,,0.027
Irritable_bowel_syndrome_(IBS)||Thymoma,ZNF165,concordant,0.75,7.500000000000002,40,0.6463252786021163,0.9157894736842104,3,colorectal|thymus,0.56695,0.4,,0.018
Irritable_bowel_syndrome_(IBS)||Thymoma,SNAI2,concordant,0.75,7.500000000000002,40,0.1336802939889593,0.9543859649122808,44,colorectal|thymus,0.56695,0.4,,0.009
Irritable_bowel_syndrome_(IBS)||Thymoma,ID2,concordant,0.75,7.500000000000002,40,0.0892980573760517,0.9473684210526316,58,colorectal|thymus,0.56695,0.4,,0.023
Irritable_bowel_syndrome_(IBS)||Thymoma,GLIS3,concordant,0.725,7.250000000000002,40,0.4412917179672367,0.9543859649122808,6,colorectal|thymus,0.56695,0.4,,0.032
Irritable_bowel_syndrome_(IBS)||Thymoma,SOX9,concordant,0.725,7.250000000000002,40,0.2881710428242611,0.9543859649122808,90,colorectal|thymus,0.56695,0.4,,0.009
Irritable_bowel_syndrome_(IBS)||Thymoma,GSC,concordant,0.725,7.250000000000002,40,0.2803892090731293,0.9263157894736842,10,colorectal|thymus,0.56695,0.4,,0.018
Irritable_bowel_syndrome_(IBS)||Uterine_Corpus_Endometrial_Carcinoma,TRPS1,discordant,0.75,7.500000000000002,24,-0.1520379320039228,0.9212765957446808,14,colorectal|uterus_endometrium,0.4934,0.255,,0.027
Irritable_bowel_syndrome_(IBS)||Uterine_Corpus_Endometrial_Carcinoma,TSHZ3,concordant,0.7083333333333334,7.083333333333336,24,0.7754546809730629,0.9191489361702128,4,colorectal|uterus_endometrium,0.4934,0.255,,0.014
Irritable_bowel_syndrome_(IBS)||Uterine_Corpus_Endometrial_Carcinoma,ZNF219,concordant,0.5833333333333334,5.833333333333335,24,0.6616478795264833,0.9446808510638298,4,colorectal|uterus_endometrium,0.4934,0.255,,0.023
Irritable_bowel_syndrome_(IBS)||Uterine_Corpus_Endometrial_Carcinoma,MTA3,concordant,0.5833333333333334,5.833333333333335,24,0.3933233206542987,0.9170212765957448,11,colorectal|uterus_endometrium,0.4934,0.255,,0.018
Irritable_bowel_syndrome_(IBS)||Uterine_Corpus_Endometrial_Carcinoma,ARID1A,concordant,0.5833333333333334,5.833333333333335,24,0.3583773645675036,0.9404255319148936,8,colorectal|uterus_endometrium,0.4934,0.255,,0.014
Irritable_bowel_syndrome_(IBS)||Uterine_Corpus_Endometrial_Carcinoma,BCL11B,concordant,0.5833333333333334,5.833333333333335,24,0.3525341613249456,0.9787234042553192,23,colorectal|uterus_endometrium,0.4934,0.255,,0.041
Irritable_bowel_syndrome_(IBS)||Uterine_Corpus_Endometrial_Carcinoma,HES1,concordant,0.5833333333333334,5.833333333333335,24,0.1393128340092749,0.9361702127659576,84,colorectal|uterus_endometrium,0.4934,0.255,,0.014
Irritable_bowel_syndrome_(IBS)||Uterine_Corpus_Endometrial_Carcinoma,TSG101,concordant,0.5416666666666666,5.416666666666668,24,0.8588589910034201,0.9170212765957448,3,colorectal|uterus_endometrium,0.4934,0.255,,0.005
Irritable_bowel_syndrome_(IBS)||Uterine_Corpus_Endometrial_Carcinoma,OVOL1,concordant,0.5416666666666666,5.416666666666668,24,0.4560065617899226,0.9319148936170212,9,colorectal|uterus_endometrium,0.4934,0.255,,0.014
Irritable_bowel_syndrome_(IBS)||Uterine_Corpus_Endometrial_Carcinoma,SFPQ,concordant,0.5416666666666666,5.416666666666668,24,0.3471812142195772,0.9276595744680852,27,colorectal|uterus_endometrium,0.4934,0.255,,0.014
Irritable_bowel_syndrome_(IBS)||Uterine_Corpus_Endometrial_Carcinoma,EWSR1,concordant,0.5416666666666666,5.416666666666668,24,0.2019698569381252,0.9148936170212766,56,colorectal|uterus_endometrium,0.4934,0.255,,0.032
Irritable_bowel_syndrome_(IBS)||Uterine_Corpus_Endometrial_Carcinoma,MAFB,concordant,0.5416666666666666,5.416666666666668,24,0.0615116048694118,0.9127659574468086,36,colorectal|uterus_endometrium,0.4934,0.255,,0.023
Kidney_Clear_Cell_Carcinoma||Multiple_sclerosis,L3MBTL1,concordant,0.5923076923076923,5.923076923076924,390,0.7495561374272709,0.9221218961625284,3,brain|kidney,0.6424000000000001,0.4720833333333333,0.729,0.014
Kidney_Clear_Cell_Carcinoma||Multiple_sclerosis,KLF12,concordant,0.5,5.000000000000001,390,0.4099387579639735,0.9040632054176072,8,brain|kidney,0.6424000000000001,0.4720833333333333,0.8126,0.018
Kidney_Clear_Cell_Carcinoma||Multiple_sclerosis,SMARCC1,concordant,0.4615384615384615,4.615384615384617,390,0.2205716601049051,0.8905191873589164,7,brain|kidney,0.6424000000000001,0.4720833333333333,0.5616,0.027
Kidney_Clear_Cell_Carcinoma||Multiple_sclerosis,HINFP,concordant,0.4589743589743589,4.58974358974359,390,0.3444734405046594,0.8860045146726863,9,brain|kidney,0.6424000000000001,0.4720833333333333,0.771,0.014
Kidney_Clear_Cell_Carcinoma||Multiple_sclerosis,SKI,concordant,0.4153846153846154,4.153846153846155,390,0.4814346201217054,0.8781038374717833,4,brain|kidney,0.6424000000000001,0.4720833333333333,0.6772,0.023
Kidney_Clear_Cell_Carcinoma||Multiple_sclerosis,SIX4,concordant,0.4153846153846154,4.153846153846155,390,0.3579715370703797,0.8566591422121896,6,brain|kidney,0.6424000000000001,0.4720833333333333,0.7492,0.018
Kidney_Clear_Cell_Carcinoma||Multiple_sclerosis,PATZ1,concordant,0.4102564102564102,4.102564102564103,390,0.5276550493434695,0.8775395033860045,9,brain|kidney,0.6424000000000001,0.4720833333333333,0.6416,0.032
Kidney_Clear_Cell_Carcinoma||Multiple_sclerosis,DACH1,concordant,0.4025641025641026,4.025641025641026,390,0.2073489064411985,0.8386004514672686,7,brain|kidney,0.6424000000000001,0.4720833333333333,0.6808,0.009
Kidney_Clear_Cell_Carcinoma||Multiple_sclerosis,POU2AF1,concordant,0.4025641025641026,4.025641025641026,390,0.1885817628217003,0.8555304740406321,5,brain|kidney,0.6424000000000001,0.4720833333333333,0.885,0.018
Kidney_Clear_Cell_Carcinoma||Multiple_sclerosis,BHLHE40,concordant,0.4,4.000000000000001,390,0.1599198687734051,0.8419864559819413,39,brain|kidney,0.6424000000000001,0.4720833333333333,0.8378,0.014
Kidney_Clear_Cell_Carcinoma||Multiple_sclerosis,TCFL5,concordant,0.3974358974358974,3.974358974358975,390,0.6104113284938869,0.832392776523702,3,brain|kidney,0.6424000000000001,0.4720833333333333,0.73,0.041
Kidney_Clear_Cell_Carcinoma||Multiple_sclerosis,PLAGL2,concordant,0.3974358974358974,3.974358974358975,390,0.4990369007583971,0.8493227990970654,7,brain|kidney,0.6424000000000001,0.4720833333333333,0.568,0.023
Kidney_Clear_Cell_Carcinoma||Psoriasis,FOXD2,concordant,0.6333333333333333,6.333333333333335,120,0.7032659760111781,0.924433249370277,4,kidney|skin,0.7267999999999999,0.54875,,0.014
Kidney_Clear_Cell_Carcinoma||Psoriasis,HOXB5,concordant,0.5833333333333334,5.833333333333335,120,0.82905819191832,0.924433249370277,5,kidney|skin,0.7267999999999999,0.54875,,0.027
Kidney_Clear_Cell_Carcinoma||Psoriasis,TBX6,concordant,0.5666666666666667,5.666666666666668,120,0.7382019972406659,0.9219143576826196,5,kidney|skin,0.7267999999999999,0.54875,,0.005
Kidney_Clear_Cell_Carcinoma||Psoriasis,MTA1,concordant,0.4833333333333333,4.833333333333335,120,0.4753594770473979,0.8967254408060453,50,kidney|skin,0.7267999999999999,0.54875,,0.018
Kidney_Clear_Cell_Carcinoma||Psoriasis,E4F1,concordant,0.4666666666666667,4.666666666666668,120,0.7110519236649228,0.8942065491183879,9,kidney|skin,0.7267999999999999,0.54875,,0.023
Kidney_Clear_Cell_Carcinoma||Psoriasis,RFX5,concordant,0.4333333333333333,4.333333333333335,120,0.5981652806035518,0.8841309823677582,17,kidney|skin,0.7267999999999999,0.54875,,0.018
Kidney_Clear_Cell_Carcinoma||Psoriasis,RORC,concordant,0.4333333333333333,4.333333333333335,120,0.537718243626974,0.8816120906801007,20,kidney|skin,0.7267999999999999,0.54875,,0.018
Kidney_Clear_Cell_Carcinoma||Psoriasis,KAT6B,concordant,0.4083333333333333,4.083333333333334,120,0.4866581963156777,0.8312342569269522,5,kidney|skin,0.7267999999999999,0.54875,,0.027
Kidney_Clear_Cell_Carcinoma||Psoriasis,HSF4,concordant,0.3916666666666666,3.9166666666666674,120,0.4917687315867698,0.8790931989924433,10,kidney|skin,0.7267999999999999,0.54875,,0.027
Kidney_Clear_Cell_Carcinoma||Psoriasis,BACH2,concordant,0.3916666666666666,3.9166666666666674,120,0.4823265428550524,0.8387909319899244,7,kidney|skin,0.7267999999999999,0.54875,,0.014
Kidney_Clear_Cell_Carcinoma||Psoriasis,ZNF174,concordant,0.375,3.750000000000001,120,0.8201713580541465,0.8463476070528967,2,kidney|skin,0.7267999999999999,0.54875,,0.005
Kidney_Clear_Cell_Carcinoma||Psoriasis,RERE,concordant,0.375,3.750000000000001,120,0.6696412612278585,0.8488664987405542,3,kidney|skin,0.7267999999999999,0.54875,,0.036
Kidney_Clear_Cell_Carcinoma||Stroke,FOXN1,concordant,0.6666666666666666,6.666666666666668,45,0.4308066791066429,0.9751693002257336,50,blood|kidney,0.52905,0.34875,0.686,0.036
Kidney_Clear_Cell_Carcinoma||Stroke,ETV4,concordant,0.6444444444444445,6.444444444444446,45,0.2153165098044209,0.9525959367945824,60,blood|kidney,0.52905,0.34875,0.6634,0.027
Kidney_Clear_Cell_Carcinoma||Stroke,HAND1,concordant,0.5555555555555556,5.555555555555557,45,0.6074662642590024,0.9292701279157262,12,blood|kidney,0.52905,0.34875,0.441,0.018
Kidney_Clear_Cell_Carcinoma||Stroke,NCOR2,concordant,0.5555555555555556,5.555555555555557,45,0.2549774428267202,0.908201655379985,60,blood|kidney,0.52905,0.34875,0.7656,0.027
Kidney_Clear_Cell_Carcinoma||Stroke,HIVEP2,concordant,0.5111111111111111,5.111111111111112,45,0.4519696065701816,0.9149736644093304,8,blood|kidney,0.52905,0.34875,0.655,0.014
Kidney_Clear_Cell_Carcinoma||Stroke,ST18,concordant,0.4666666666666667,4.666666666666668,45,0.4808429817706968,0.8803611738148984,2,blood|kidney,0.52905,0.34875,0.6394,0.023
Kidney_Clear_Cell_Carcinoma||Stroke,NFIL3,concordant,0.4666666666666667,4.666666666666668,45,0.1502966460028029,0.871331828442438,30,blood|kidney,0.52905,0.34875,0.8484,0.032
Kidney_Clear_Cell_Carcinoma||Stroke,ELF3,concordant,0.4444444444444444,4.4444444444444455,45,0.2104908859548429,0.8788562829194884,29,blood|kidney,0.52905,0.34875,0.7402,0.023
Kidney_Clear_Cell_Carcinoma||Stroke,HOXB7,concordant,0.4444444444444444,4.4444444444444455,45,0.1316442792206725,0.8141459744168548,17,blood|kidney,0.52905,0.34875,0.6426,0.036
Kidney_Clear_Cell_Carcinoma||Stroke,TFDP2,concordant,0.4222222222222222,4.222222222222223,45,0.5485788900315461,0.8811136192626035,5,blood|kidney,0.52905,0.34875,0.507,0.027
Kidney_Clear_Cell_Carcinoma||Stroke,RBPJ,concordant,0.4222222222222222,4.222222222222223,45,0.0940547789674249,0.8811136192626035,134,blood|kidney,0.52905,0.34875,0.8768,0.054
Kidney_Clear_Cell_Carcinoma||Stroke,COPS5,concordant,0.4,4.000000000000001,45,0.8359083820444573,0.872836719337848,2,blood|kidney,0.52905,0.34875,0.535,0.023
Kidney_Clear_Cell_Carcinoma||lower_grade_glioma_and_glioblastoma,ATF5,concordant,0.417391304347826,4.173913043478262,345,0.4937627603967323,0.8758465011286681,26,brain|kidney,0.63215,0.33,0.3964,0.023
Kidney_Clear_Cell_Carcinoma||lower_grade_glioma_and_glioblastoma,NFIA,concordant,0.4144927536231884,4.144927536231885,345,0.2185659116558936,0.8645598194130926,48,brain|kidney,0.63215,0.33,0.6172,0.041
Kidney_Clear_Cell_Carcinoma||lower_grade_glioma_and_glioblastoma,E2F2,concordant,0.4057971014492754,4.057971014492755,345,0.4753962725769409,0.8679458239277652,47,brain|kidney,0.63215,0.33,0.4654,0.014
Kidney_Clear_Cell_Carcinoma||lower_grade_glioma_and_glioblastoma,CTBP2,concordant,0.4028985507246377,4.028985507246378,345,0.3704558062238965,0.8617381489841986,14,brain|kidney,0.63215,0.33,0.4736,0.023
Kidney_Clear_Cell_Carcinoma||lower_grade_glioma_and_glioblastoma,LRRFIP1,concordant,0.4028985507246377,4.028985507246378,345,0.3319290881678484,0.8555304740406321,12,brain|kidney,0.63215,0.33,0.7036,0.018
Kidney_Clear_Cell_Carcinoma||lower_grade_glioma_and_glioblastoma,BACH1,concordant,0.3942028985507246,3.942028985507248,345,0.5230471158358271,0.8673814898419865,14,brain|kidney,0.63215,0.33,0.6132,0.014
Kidney_Clear_Cell_Carcinoma||lower_grade_glioma_and_glioblastoma,ELF1,concordant,0.3739130434782609,3.7391304347826098,345,0.2456093817469118,0.8397291196388262,69,brain|kidney,0.63215,0.33,0.7432,0.005
Kidney_Clear_Cell_Carcinoma||lower_grade_glioma_and_glioblastoma,MZF1,concordant,0.3652173913043478,3.652173913043479,345,0.3620338179884155,0.8199774266365688,21,brain|kidney,0.63215,0.33,0.4924,0.005
Kidney_Clear_Cell_Carcinoma||lower_grade_glioma_and_glioblastoma,FOXN1,concordant,0.3652173913043478,3.652173913043479,345,0.3322312447025627,0.8470654627539503,50,brain|kidney,0.63215,0.33,0.5912,0.036
Kidney_Clear_Cell_Carcinoma||lower_grade_glioma_and_glioblastoma,KAT5,concordant,0.3623188405797101,3.6231884057971024,345,0.1526636421531615,0.8290067720090294,53,brain|kidney,0.63215,0.33,0.445,0.036
Kidney_Clear_Cell_Carcinoma||lower_grade_glioma_and_glioblastoma,GATA6,concordant,0.3565217391304348,3.565217391304349,345,0.2552060316010506,0.8414221218961625,81,brain|kidney,0.63215,0.33,0.6088,0.014
Kidney_Clear_Cell_Carcinoma||lower_grade_glioma_and_glioblastoma,IRF2,concordant,0.3565217391304348,3.565217391304349,345,0.2166589763788576,0.8239277652370203,53,brain|kidney,0.63215,0.33,0.5442,0.018
Kidney_Papillary_Cell_Carcinoma||Lower_Grade_Glioma,NR5A2,concordant,0.4101382488479262,4.101382488479263,434,0.4851197947484064,0.8741534988713319,54,brain|kidney,0.5902000000000001,0.2433333333333333,0.2454,0.041
Kidney_Papillary_Cell_Carcinoma||Lower_Grade_Glioma,FOS,concordant,0.3617511520737327,3.617511520737328,434,0.1955830839516319,0.8216704288939052,303,brain|kidney,0.5902000000000001,0.2433333333333333,0.7056,0.009
Kidney_Papillary_Cell_Carcinoma||Lower_Grade_Glioma,E2F7,concordant,0.3502304147465437,3.5023041474654386,434,0.5117434983685938,0.8290067720090294,7,brain|kidney,0.5902000000000001,0.2433333333333333,0.6208,0.023
Kidney_Papillary_Cell_Carcinoma||Lower_Grade_Glioma,CTCFL,concordant,0.3410138248847926,3.410138248847927,434,0.5894689274284912,0.8160270880361173,7,brain|kidney,0.5902000000000001,0.2433333333333333,0.3962,0.027
Kidney_Papillary_Cell_Carcinoma||Lower_Grade_Glioma,GRHL3,concordant,0.3410138248847926,3.410138248847927,434,0.2462787207358823,0.8329571106094809,25,brain|kidney,0.5902000000000001,0.2433333333333333,0.3866,0.023
Kidney_Papillary_Cell_Carcinoma||Lower_Grade_Glioma,NR2F1,concordant,0.3387096774193548,3.387096774193549,434,0.1529075189569295,0.8216704288939052,53,brain|kidney,0.5902000000000001,0.2433333333333333,0.6304,0.014
Kidney_Papillary_Cell_Carcinoma||Lower_Grade_Glioma,XBP1,concordant,0.336405529953917,3.3640552995391717,434,0.2380378276503975,0.8267494356659142,47,brain|kidney,0.5902000000000001,0.2433333333333333,0.7412,0.014
Kidney_Papillary_Cell_Carcinoma||Lower_Grade_Glioma,TRPS1,concordant,0.3341013824884792,3.341013824884793,434,0.399081124438271,0.84255079006772,14,brain|kidney,0.5902000000000001,0.2433333333333333,0.6076,0.027
Kidney_Papillary_Cell_Carcinoma||Lower_Grade_Glioma,JUND,concordant,0.3271889400921659,3.27188940092166,434,0.2321751601562103,0.755079006772009,541,brain|kidney,0.5902000000000001,0.2433333333333333,0.3964,0.014
Kidney_Papillary_Cell_Carcinoma||Lower_Grade_Glioma,ZBTB32,concordant,0.3248847926267281,3.2488479262672816,434,0.3297438329417697,0.7759593679458239,4,brain|kidney,0.5902000000000001,0.2433333333333333,0.2052,0.014
Kidney_Papillary_Cell_Carcinoma||Lower_Grade_Glioma,ZBTB16,concordant,0.3248847926267281,3.2488479262672816,434,0.2429122294142591,0.8290067720090294,48,brain|kidney,0.5902000000000001,0.2433333333333333,0.3004,0.018
Kidney_Papillary_Cell_Carcinoma||Lower_Grade_Glioma,HEY2,concordant,0.3087557603686636,3.087557603686637,434,0.4397437036451594,0.8290067720090294,18,brain|kidney,0.5902000000000001,0.2433333333333333,0.5468,0.023
Kidney_Papillary_Cell_Carcinoma||Melanoma,KCNIP3,concordant,0.6904761904761905,6.904761904761906,126,0.7262312266277358,0.9370277078085644,11,kidney|skin,0.7243,0.6129166666666667,,0.023
Kidney_Papillary_Cell_Carcinoma||Melanoma,PRRX1,concordant,0.6904761904761905,6.904761904761906,126,0.7029375371297675,0.9269521410579346,7,kidney|skin,0.7243,0.6129166666666667,,0.023
Kidney_Papillary_Cell_Carcinoma||Melanoma,SOX17,concordant,0.6507936507936508,6.50793650793651,126,0.2517570529916857,0.9269521410579346,42,kidney|skin,0.7243,0.6129166666666667,,0.041
Kidney_Papillary_Cell_Carcinoma||Melanoma,PRDM1,concordant,0.626984126984127,6.269841269841272,126,0.5155476541897092,0.9193954659949622,62,kidney|skin,0.7243,0.6129166666666667,,0.009
Kidney_Papillary_Cell_Carcinoma||Melanoma,TTF1,concordant,0.6190476190476191,6.1904761904761925,126,0.3428196678223165,0.924433249370277,51,kidney|skin,0.7243,0.6129166666666667,,0.009
Kidney_Papillary_Cell_Carcinoma||Melanoma,ZNF143,concordant,0.6031746031746031,6.0317460317460325,126,0.5533173166240161,0.9219143576826196,24,kidney|skin,0.7243,0.6129166666666667,,0.014
Kidney_Papillary_Cell_Carcinoma||Melanoma,KLF6,concordant,0.6031746031746031,6.0317460317460325,126,0.5204720687990009,0.9219143576826196,51,kidney|skin,0.7243,0.6129166666666667,,0.018
Kidney_Papillary_Cell_Carcinoma||Melanoma,KLF5,concordant,0.5873015873015873,5.873015873015874,126,0.2977822857765678,0.9193954659949622,71,kidney|skin,0.7243,0.6129166666666667,,0.023
Kidney_Papillary_Cell_Carcinoma||Melanoma,TAF1,concordant,0.5555555555555556,5.555555555555557,126,0.3943781159151244,0.9269521410579346,39,kidney|skin,0.7243,0.6129166666666667,,0.014
Kidney_Papillary_Cell_Carcinoma||Melanoma,ZNF91,concordant,0.5476190476190477,5.476190476190478,126,0.3469474443533866,0.9093198992443324,38,kidney|skin,0.7243,0.6129166666666667,,0.009
Kidney_Papillary_Cell_Carcinoma||Melanoma,ONECUT1,concordant,0.5396825396825397,5.396825396825398,126,0.4406083703010411,0.9093198992443324,27,kidney|skin,0.7243,0.6129166666666667,,0.023
Kidney_Papillary_Cell_Carcinoma||Melanoma,CEBPD,concordant,0.5396825396825397,5.396825396825398,126,0.3267324073048929,0.906801007556675,79,kidney|skin,0.7243,0.6129166666666667,,0.005
Kidney_Papillary_Cell_Carcinoma||Multiple_sclerosis,IRF9,concordant,0.6291208791208791,6.291208791208793,364,0.6335727060995668,0.9328442437923252,21,brain|kidney,0.6721499999999999,0.5291666666666667,0.5322,0.032
Kidney_Papillary_Cell_Carcinoma||Multiple_sclerosis,RARB,concordant,0.5521978021978022,5.521978021978024,364,0.3270720208919309,0.909706546275395,50,brain|kidney,0.6721499999999999,0.5291666666666667,0.825,0.014
Kidney_Papillary_Cell_Carcinoma||Multiple_sclerosis,TFEC,concordant,0.4862637362637362,4.862637362637364,364,0.6214816161231591,0.8984198645598194,4,brain|kidney,0.6721499999999999,0.5291666666666667,0.5576,0.009
Kidney_Papillary_Cell_Carcinoma||Multiple_sclerosis,KLF6,concordant,0.4587912087912087,4.5879120879120885,364,0.1420485472490861,0.8792325056433409,51,brain|kidney,0.6721499999999999,0.5291666666666667,0.6934,0.018
Kidney_Papillary_Cell_Carcinoma||Multiple_sclerosis,STAT1,concordant,0.4340659340659341,4.340659340659342,364,0.2010138573718094,0.876410835214447,279,brain|kidney,0.6721499999999999,0.5291666666666667,0.761,0.018
Kidney_Papillary_Cell_Carcinoma||Multiple_sclerosis,NFKB1,concordant,0.4230769230769231,4.230769230769232,364,0.0572375088191556,0.8707674943566591,816,brain|kidney,0.6721499999999999,0.5291666666666667,0.7938,0.018
Kidney_Papillary_Cell_Carcinoma||Multiple_sclerosis,GFI1B,concordant,0.4175824175824176,4.175824175824177,364,0.4297588307782634,0.881489841986456,12,brain|kidney,0.6721499999999999,0.5291666666666667,0.8474,0.009
Kidney_Papillary_Cell_Carcinoma||Multiple_sclerosis,KLF9,concordant,0.4148351648351648,4.14835164835165,364,0.2622406286015668,0.8651241534988713,23,brain|kidney,0.6721499999999999,0.5291666666666667,0.794,0.009
Kidney_Papillary_Cell_Carcinoma||Multiple_sclerosis,STAT2,concordant,0.412087912087912,4.120879120879121,364,0.4144081463242631,0.8606094808126411,42,brain|kidney,0.6721499999999999,0.5291666666666667,0.8188,0.023
Kidney_Papillary_Cell_Carcinoma||Multiple_sclerosis,E2F8,concordant,0.4010989010989011,4.010989010989012,364,0.7706494162659151,0.8515801354401806,3,brain|kidney,0.6721499999999999,0.5291666666666667,0.463,0.036
Kidney_Papillary_Cell_Carcinoma||Multiple_sclerosis,TBX2,concordant,0.3791208791208791,3.791208791208792,364,0.2640997015374778,0.8408577878103838,28,brain|kidney,0.6721499999999999,0.5291666666666667,0.854,0.014
Kidney_Papillary_Cell_Carcinoma||Multiple_sclerosis,KAT6B,concordant,0.3681318681318681,3.6813186813186825,364,0.4401040626513234,0.8538374717832957,5,brain|kidney,0.6721499999999999,0.5291666666666667,0.6958,0.027
Kidney_Papillary_Cell_Carcinoma||Parkinsons_Disease,MUC1,concordant,0.6507936507936508,6.50793650793651,126,0.8897165248854173,0.9292701279157262,3,blood|kidney,0.7551499999999999,0.6125,0.5782,0.027
Kidney_Papillary_Cell_Carcinoma||Parkinsons_Disease,PER2,concordant,0.6507936507936508,6.50793650793651,126,0.8789277793395083,0.9255079006772008,3,blood|kidney,0.7551499999999999,0.6125,0.5108,0.027
Kidney_Papillary_Cell_Carcinoma||Parkinsons_Disease,HEY1,concordant,0.6507936507936508,6.50793650793651,126,0.2977730417609335,0.926260346124906,28,blood|kidney,0.7551499999999999,0.6125,0.8684,0.027
Kidney_Papillary_Cell_Carcinoma||Parkinsons_Disease,ZNF384,concordant,0.5634920634920635,5.634920634920636,126,0.3319636457975601,0.9142212189616252,19,blood|kidney,0.7551499999999999,0.6125,0.558,0.009
Kidney_Papillary_Cell_Carcinoma||Parkinsons_Disease,E2F8,concordant,0.5476190476190477,5.476190476190478,126,0.7595617155661267,0.9164785553047404,3,blood|kidney,0.7551499999999999,0.6125,0.7136,0.036
Kidney_Papillary_Cell_Carcinoma||Parkinsons_Disease,HOXD10,concordant,0.4841269841269841,4.841269841269843,126,0.3209883276304471,0.8939051918735892,5,blood|kidney,0.7551499999999999,0.6125,0.7504,0.023
Kidney_Papillary_Cell_Carcinoma||Parkinsons_Disease,HTATIP2,concordant,0.4761904761904761,4.761904761904763,126,0.2824753788622538,0.8961625282167043,16,blood|kidney,0.7551499999999999,0.6125,0.694,0.023
Kidney_Papillary_Cell_Carcinoma||Parkinsons_Disease,MIXL1,concordant,0.4682539682539682,4.682539682539684,126,0.8231021898592721,0.8638073739653875,3,blood|kidney,0.7551499999999999,0.6125,0.5862,0.009
Kidney_Papillary_Cell_Carcinoma||Parkinsons_Disease,TCF7L2,concordant,0.4682539682539682,4.682539682539684,126,0.0369925592888722,0.7622272385252069,106,blood|kidney,0.7551499999999999,0.6125,0.7498,0.018
Kidney_Papillary_Cell_Carcinoma||Parkinsons_Disease,ZEB1,concordant,0.4444444444444444,4.4444444444444455,126,0.0709356255166323,0.7125658389766741,54,blood|kidney,0.7551499999999999,0.6125,0.8716,0.014
Kidney_Papillary_Cell_Carcinoma||Parkinsons_Disease,TEF,concordant,0.4444444444444444,4.4444444444444455,126,0.0521931904879746,0.7863054928517682,14,blood|kidney,0.7551499999999999,0.6125,0.759,0.009
Kidney_Papillary_Cell_Carcinoma||Parkinsons_Disease,STOX1,discordant,0.4444444444444444,4.4444444444444455,126,-0.0454250670371978,0.510910458991723,5,blood|kidney,0.7551499999999999,0.6125,0.504,0.018
Kidney_Papillary_Cell_Carcinoma||Psoriasis,TEAD2,concordant,0.5892857142857143,5.892857142857144,112,0.8247509317526649,0.91183879093199,5,kidney|skin,0.6783,0.5866666666666667,,0.018
Kidney_Papillary_Cell_Carcinoma||Psoriasis,L3MBTL1,concordant,0.4553571428571428,4.55357142857143,112,0.8149117869962643,0.889168765743073,3,kidney|skin,0.6783,0.5866666666666667,,0.014
Kidney_Papillary_Cell_Carcinoma||Psoriasis,FLI1,concordant,0.4464285714285714,4.464285714285715,112,0.2216895431547842,0.8765743073047859,88,kidney|skin,0.6783,0.5866666666666667,,0.009
Kidney_Papillary_Cell_Carcinoma||Psoriasis,BCL3,concordant,0.4196428571428571,4.196428571428572,112,0.4957422158000313,0.8614609571788413,26,kidney|skin,0.6783,0.5866666666666667,,0.009
Kidney_Papillary_Cell_Carcinoma||Psoriasis,NPAS2,concordant,0.4017857142857143,4.017857142857144,112,0.3964425693801687,0.871536523929471,9,kidney|skin,0.6783,0.5866666666666667,,0.032
Kidney_Papillary_Cell_Carcinoma||Psoriasis,PML,concordant,0.4017857142857143,4.017857142857144,112,0.3352455948080403,0.836272040302267,17,kidney|skin,0.6783,0.5866666666666667,,0.036
Kidney_Papillary_Cell_Carcinoma||Psoriasis,FOXC1,concordant,0.3660714285714285,3.6607142857142874,112,0.4106885751724042,0.8740554156171285,18,kidney|skin,0.6783,0.5866666666666667,,0.009
Kidney_Papillary_Cell_Carcinoma||Psoriasis,ELF5,concordant,0.3660714285714285,3.6607142857142874,112,0.3328793067322077,0.8664987405541562,8,kidney|skin,0.6783,0.5866666666666667,,0.014
Kidney_Papillary_Cell_Carcinoma||Psoriasis,GTF3A,concordant,0.3660714285714285,3.6607142857142874,112,0.209842962182043,0.8337531486146096,24,kidney|skin,0.6783,0.5866666666666667,,0.054
Kidney_Papillary_Cell_Carcinoma||Psoriasis,SATB1,concordant,0.3660714285714285,3.6607142857142874,112,0.1797798669424615,0.8035264483627204,40,kidney|skin,0.6783,0.5866666666666667,,0.005
Kidney_Papillary_Cell_Carcinoma||Psoriasis,RBPJ,concordant,0.3482142857142857,3.4821428571428577,112,0.1858482170879342,0.8488664987405542,134,kidney|skin,0.6783,0.5866666666666667,,0.054
Kidney_Papillary_Cell_Carcinoma||Psoriasis,IRX3,concordant,0.3392857142857143,3.392857142857144,112,0.8114359112086917,0.8488664987405542,3,kidney|skin,0.6783,0.5866666666666667,,0.014
Kidney_Papillary_Cell_Carcinoma||Stroke,ZNF16,concordant,0.7380952380952381,7.380952380952383,42,0.9686509864821532,0.9390519187358916,2,blood|kidney,0.59165,0.5754166666666667,0.4962,0.014
Kidney_Papillary_Cell_Carcinoma||Stroke,ID1,concordant,0.7142857142857143,7.142857142857145,42,0.1450718305495525,0.9375470278404816,72,blood|kidney,0.59165,0.5754166666666667,0.7532,0.014
Kidney_Papillary_Cell_Carcinoma||Stroke,HOXB7,concordant,0.6666666666666666,6.666666666666668,42,0.373418829474101,0.9661399548532732,17,blood|kidney,0.59165,0.5754166666666667,0.6426,0.036
Kidney_Papillary_Cell_Carcinoma||Stroke,ETV5,concordant,0.6428571428571429,6.428571428571431,42,0.2612475030470355,0.9345372460496614,22,blood|kidney,0.59165,0.5754166666666667,0.635,0.009
Kidney_Papillary_Cell_Carcinoma||Stroke,AEBP1,concordant,0.5714285714285714,5.714285714285715,42,0.7642598403067791,0.9209932279909706,5,blood|kidney,0.59165,0.5754166666666667,0.816,0.036
Kidney_Papillary_Cell_Carcinoma||Stroke,ISL1,concordant,0.5714285714285714,5.714285714285715,42,0.4100947679986361,0.9224981188863808,30,blood|kidney,0.59165,0.5754166666666667,0.5882,0.054
Kidney_Papillary_Cell_Carcinoma||Stroke,RFX3,concordant,0.5714285714285714,5.714285714285715,42,0.3102851738066797,0.9187358916478556,6,blood|kidney,0.59165,0.5754166666666667,0.7386,0.014
Kidney_Papillary_Cell_Carcinoma||Stroke,YBX1,concordant,0.5714285714285714,5.714285714285715,42,0.1602138015393499,0.9142212189616252,84,blood|kidney,0.59165,0.5754166666666667,0.8508,0.032
Kidney_Papillary_Cell_Carcinoma||Stroke,ST18,concordant,0.5238095238095238,5.23809523809524,42,0.5617487387652909,0.9066967644845748,2,blood|kidney,0.59165,0.5754166666666667,0.6394,0.023
Kidney_Papillary_Cell_Carcinoma||Stroke,NSD2,concordant,0.5,5.000000000000001,42,0.4491586916575096,0.8999247554552295,8,blood|kidney,0.59165,0.5754166666666667,0.5816,0.009
Kidney_Papillary_Cell_Carcinoma||Stroke,NR2F2,concordant,0.5,5.000000000000001,42,0.2841016260638968,0.8991723100075244,69,blood|kidney,0.59165,0.5754166666666667,0.8492,0.009
Kidney_Papillary_Cell_Carcinoma||Stroke,CREBBP,concordant,0.5,5.000000000000001,42,0.1372495246931095,0.8991723100075244,30,blood|kidney,0.59165,0.5754166666666667,0.815,0.018
Kidney_Papillary_Cell_Carcinoma||lower_grade_glioma_and_glioblastoma,FOS,concordant,0.5341614906832298,5.3416149068323,322,0.2816738568288806,0.9085778781038376,303,brain|kidney,0.68175,0.41875,0.6822,0.009
Kidney_Papillary_Cell_Carcinoma||lower_grade_glioma_and_glioblastoma,CEBPB,concordant,0.515527950310559,5.155279503105591,322,0.2509211663999144,0.9034988713318284,395,brain|kidney,0.68175,0.41875,0.8048,0.018
Kidney_Papillary_Cell_Carcinoma||lower_grade_glioma_and_glioblastoma,ZBTB16,concordant,0.4937888198757764,4.937888198757765,322,0.2970833307804501,0.8967268623024831,48,brain|kidney,0.68175,0.41875,0.6262,0.018
Kidney_Papillary_Cell_Carcinoma||lower_grade_glioma_and_glioblastoma,FOXA1,concordant,0.4782608695652174,4.782608695652175,322,0.426927252931413,0.8922121896162528,61,brain|kidney,0.68175,0.41875,0.4522,0.014
Kidney_Papillary_Cell_Carcinoma||lower_grade_glioma_and_glioblastoma,EGR2,concordant,0.4658385093167702,4.658385093167703,322,0.4023415790476915,0.8922121896162528,65,brain|kidney,0.68175,0.41875,0.4972,0.018
Kidney_Papillary_Cell_Carcinoma||lower_grade_glioma_and_glioblastoma,JDP2,concordant,0.4409937888198758,4.409937888198758,322,0.2986104336027894,0.8809255079006773,29,brain|kidney,0.68175,0.41875,0.4,0.005
Kidney_Papillary_Cell_Carcinoma||lower_grade_glioma_and_glioblastoma,CIITA,concordant,0.4378881987577639,4.378881987577641,322,0.3024910278722303,0.876410835214447,24,brain|kidney,0.68175,0.41875,0.405,0.009
Kidney_Papillary_Cell_Carcinoma||lower_grade_glioma_and_glioblastoma,MAFB,concordant,0.4316770186335403,4.316770186335405,322,0.1910910318911896,0.8651241534988713,36,brain|kidney,0.68175,0.41875,0.5634,0.023
Kidney_Papillary_Cell_Carcinoma||lower_grade_glioma_and_glioblastoma,FOXS1,concordant,0.4254658385093168,4.254658385093169,322,0.8338028935960531,0.8696388261851016,3,brain|kidney,0.68175,0.41875,0.4114,0.023
Kidney_Papillary_Cell_Carcinoma||lower_grade_glioma_and_glioblastoma,MSX1,concordant,0.4254658385093168,4.254658385093169,322,0.4101185229597127,0.8775395033860045,18,brain|kidney,0.68175,0.41875,0.6758,0.023
Kidney_Papillary_Cell_Carcinoma||lower_grade_glioma_and_glioblastoma,ONECUT1,concordant,0.422360248447205,4.2236024844720506,322,0.5007759552046952,0.8730248306997742,27,brain|kidney,0.68175,0.41875,0.1926,0.023
Kidney_Papillary_Cell_Carcinoma||lower_grade_glioma_and_glioblastoma,NR5A2,concordant,0.4037267080745341,4.037267080745343,322,0.4863106420600157,0.8752821670428894,54,brain|kidney,0.68175,0.41875,0.2692,0.041
Liver_Cancer||Stroke,HOXA11,concordant,0.8,8.000000000000002,30,0.7020074151272435,0.9774436090225564,4,blood|liver,0.50505,0.4933333333333333,0.7984,0.063
Liver_Cancer||Stroke,NR2E1,concordant,0.7333333333333333,7.333333333333335,30,0.386336821601755,0.9273182957393484,12,blood|liver,0.50505,0.4933333333333333,0.5466,0.014
Liver_Cancer||Stroke,FOXS1,concordant,0.6666666666666666,6.666666666666668,30,0.7303272120690472,0.924812030075188,3,blood|liver,0.50505,0.4933333333333333,0.791,0.023
Liver_Cancer||Stroke,E2F8,concordant,0.6666666666666666,6.666666666666668,30,0.5322101219262441,0.9573934837092732,3,blood|liver,0.50505,0.4933333333333333,0.7014,0.036
Liver_Cancer||Stroke,TET1,concordant,0.6666666666666666,6.666666666666668,30,0.3609133802777576,0.9273182957393484,10,blood|liver,0.50505,0.4933333333333333,0.735,0.041
Liver_Cancer||Stroke,NR3C1,concordant,0.6666666666666666,6.666666666666668,30,0.0931200013058527,0.9348370927318296,252,blood|liver,0.50505,0.4933333333333333,0.8346,0.018
Liver_Cancer||Stroke,CTCF,concordant,0.6333333333333333,6.333333333333335,30,0.0582108349546899,0.949874686716792,126,blood|liver,0.50505,0.4933333333333333,0.7554,0.023
Liver_Cancer||Stroke,ZHX2,concordant,0.6,6.000000000000001,30,0.5193118038460598,0.9423558897243108,9,blood|liver,0.50505,0.4933333333333333,0.5358,0.009
Liver_Cancer||Stroke,AIRE,concordant,0.6,6.000000000000001,30,0.2933665312856556,0.9072681704260652,20,blood|liver,0.50505,0.4933333333333333,0.6412,0.023
Liver_Cancer||Stroke,MNT,concordant,0.6,6.000000000000001,30,0.191895682282048,0.9172932330827068,10,blood|liver,0.50505,0.4933333333333333,0.6928,0.023
Liver_Cancer||Stroke,AKNA,concordant,0.6,6.000000000000001,30,0.1548194691457748,0.9197994987468672,2,blood|liver,0.50505,0.4933333333333333,0.791,0.032
Liver_Cancer||Stroke,ZBTB7A,concordant,0.6,6.000000000000001,30,0.1033512382452143,0.9147869674185464,36,blood|liver,0.50505,0.4933333333333333,0.6984,0.023
Lower_Grade_Glioma||Parkinsons_Disease,JARID2,concordant,0.5053763440860215,5.053763440860216,279,0.4113323991616027,0.9003333333333333,12,blood|brain,0.6481,0.5375,0.7234,0.036
Lower_Grade_Glioma||Parkinsons_Disease,NR1H3,concordant,0.4695340501792114,4.695340501792115,279,0.2509820342257371,0.886,122,blood|brain,0.6481,0.5375,0.7602,0.023
Lower_Grade_Glioma||Parkinsons_Disease,TSC22D1,concordant,0.4480286738351254,4.480286738351255,279,0.4699310596553084,0.8676666666666667,6,blood|brain,0.6481,0.5375,0.6168,0.014
Lower_Grade_Glioma||Parkinsons_Disease,PLAGL2,concordant,0.4193548387096774,4.193548387096775,279,0.2041673673501554,0.753,7,blood|brain,0.6481,0.5375,0.775,0.023
Lower_Grade_Glioma||Parkinsons_Disease,ZFP90,concordant,0.4014336917562724,4.0143369175627255,279,0.7028693310349067,0.8443333333333334,2,blood|brain,0.6481,0.5375,0.7452,0.018
Lower_Grade_Glioma||Parkinsons_Disease,HHEX,concordant,0.4014336917562724,4.0143369175627255,279,0.32666510374931,0.8656666666666667,25,blood|brain,0.6481,0.5375,0.8756,0.018
Lower_Grade_Glioma||Parkinsons_Disease,CXXC1,concordant,0.3691756272401433,3.6917562724014346,279,0.3400971747655961,0.8703333333333333,16,blood|brain,0.6481,0.5375,0.4522,0.023
Lower_Grade_Glioma||Parkinsons_Disease,MECOM,concordant,0.3620071684587813,3.6200716845878143,279,0.2014962397983376,0.829,18,blood|brain,0.6481,0.5375,0.7912,0.041
Lower_Grade_Glioma||Parkinsons_Disease,NR4A2,concordant,0.3584229390681003,3.5842293906810045,279,0.1278180660722344,0.7936666666666666,54,blood|brain,0.6481,0.5375,0.7068,0.018
Lower_Grade_Glioma||Parkinsons_Disease,AIRE,concordant,0.3548387096774194,3.5483870967741944,279,0.1591017166160891,0.7623333333333333,20,blood|brain,0.6481,0.5375,0.6412,0.023
Lower_Grade_Glioma||Parkinsons_Disease,SMAD7,concordant,0.3512544802867383,3.512544802867384,279,0.2457694602250519,0.407,57,blood|brain,0.6481,0.5375,0.8382,0.018
Lower_Grade_Glioma||Parkinsons_Disease,ID2,concordant,0.3333333333333333,3.333333333333334,279,0.1715425912516313,0.8066666666666666,58,blood|brain,0.6481,0.5375,0.8976,0.023
Lower_Grade_Glioma||Stroke,POU4F2,concordant,0.6451612903225806,6.451612903225808,93,0.3443826021733112,0.9416666666666668,27,blood|brain,0.6510499999999999,0.5966666666666667,0.4846,0.027
Lower_Grade_Glioma||Stroke,HDAC3,concordant,0.5913978494623656,5.913978494623658,93,0.2723492079477392,0.9153333333333332,23,blood|brain,0.6510499999999999,0.5966666666666667,0.481,0.032
Lower_Grade_Glioma||Stroke,MEIS1,concordant,0.5376344086021505,5.376344086021506,93,0.4414433026239122,0.9216666666666666,15,blood|brain,0.6510499999999999,0.5966666666666667,0.7704,0.023
Lower_Grade_Glioma||Stroke,SOX17,concordant,0.5268817204301075,5.268817204301076,93,0.3638475346450021,0.9193333333333332,42,blood|brain,0.6510499999999999,0.5966666666666667,0.892,0.041
Lower_Grade_Glioma||Stroke,ZNF281,concordant,0.5161290322580645,5.161290322580646,93,0.6807264884366486,0.9116666666666666,3,blood|brain,0.6510499999999999,0.5966666666666667,0.7054,0.036
Lower_Grade_Glioma||Stroke,ETV1,concordant,0.5053763440860215,5.053763440860216,93,0.447449404789883,0.9053333333333332,20,blood|brain,0.6510499999999999,0.5966666666666667,0.7654,0.027
Lower_Grade_Glioma||Stroke,HSF4,concordant,0.5053763440860215,5.053763440860216,93,0.3705568600550636,0.907,10,blood|brain,0.6510499999999999,0.5966666666666667,0.663,0.027
Lower_Grade_Glioma||Stroke,AHRR,concordant,0.4946236559139785,4.946236559139786,93,0.6271131632330562,0.898,5,blood|brain,0.6510499999999999,0.5966666666666667,0.5624,0.009
Lower_Grade_Glioma||Stroke,SMAD7,concordant,0.4946236559139785,4.946236559139786,93,0.5174419730949903,0.8896666666666667,57,blood|brain,0.6510499999999999,0.5966666666666667,0.8274,0.018
Lower_Grade_Glioma||Stroke,TBPL1,concordant,0.4946236559139785,4.946236559139786,93,0.2255947449284655,0.8963333333333333,36,blood|brain,0.6510499999999999,0.5966666666666667,0.613,0.027
Lower_Grade_Glioma||Stroke,TCFL5,concordant,0.4838709677419355,4.838709677419356,93,0.7716710700926058,0.886,3,blood|brain,0.6510499999999999,0.5966666666666667,0.596,0.041
Lower_Grade_Glioma||Stroke,GTF3A,concordant,0.4731182795698925,4.731182795698926,93,0.1478532740116485,0.87,24,blood|brain,0.6510499999999999,0.5966666666666667,0.7932,0.054
Lung_Cancer||Melanoma,ZBTB4,concordant,0.4682539682539682,4.682539682539684,252,0.6141031323115516,0.8872180451127819,12,lung|skin,0.7045,0.3429166666666666,,0.014
Lung_Cancer||Melanoma,IRF1,concordant,0.4682539682539682,4.682539682539684,252,0.5805593983213242,0.8872180451127819,141,lung|skin,0.7045,0.3429166666666666,,0.005
Lung_Cancer||Melanoma,CRX,concordant,0.4365079365079365,4.3650793650793664,252,0.5519543664584479,0.8890977443609023,20,lung|skin,0.7045,0.3429166666666666,,0.018
Lung_Cancer||Melanoma,PAX4,concordant,0.4365079365079365,4.3650793650793664,252,0.5309595773970867,0.8740601503759399,8,lung|skin,0.7045,0.3429166666666666,,0.014
Lung_Cancer||Melanoma,PAX5,concordant,0.4325396825396825,4.325396825396827,252,0.5785265804750324,0.8740601503759399,57,lung|skin,0.7045,0.3429166666666666,,0.023
Lung_Cancer||Melanoma,STAT1,concordant,0.4325396825396825,4.325396825396827,252,0.370751227665723,0.881578947368421,279,lung|skin,0.7045,0.3429166666666666,,0.018
Lung_Cancer||Melanoma,FOXN1,concordant,0.4206349206349206,4.206349206349207,252,0.2813385258243994,0.8270676691729323,50,lung|skin,0.7045,0.3429166666666666,,0.036
Lung_Cancer||Melanoma,IRF2,concordant,0.4166666666666667,4.166666666666668,252,0.5258378403431188,0.8759398496240601,53,lung|skin,0.7045,0.3429166666666666,,0.018
Lung_Cancer||Melanoma,TBX21,concordant,0.4126984126984127,4.126984126984127,252,0.5388909170387006,0.868421052631579,48,lung|skin,0.7045,0.3429166666666666,,0.009
Lung_Cancer||Melanoma,FOXD3,concordant,0.4126984126984127,4.126984126984127,252,0.5233882204469081,0.8571428571428571,12,lung|skin,0.7045,0.3429166666666666,,0.009
Lung_Cancer||Melanoma,AIRE,concordant,0.4087301587301587,4.087301587301588,252,0.4245665609938207,0.8646616541353384,20,lung|skin,0.7045,0.3429166666666666,,0.023
Lung_Cancer||Melanoma,IKZF1,concordant,0.4047619047619047,4.047619047619048,252,0.5984127611158996,0.8627819548872181,47,lung|skin,0.7045,0.3429166666666666,,0.005
Lung_Cancer||Multiple_sclerosis,ARID4B,concordant,0.4766483516483517,4.766483516483518,728,0.5986419899050268,0.8909825033647375,9,brain|lung,0.65875,0.41875,0.5888,0.014
Lung_Cancer||Multiple_sclerosis,ARX,concordant,0.4107142857142857,4.107142857142858,728,0.2319991775330226,0.8640646029609691,23,brain|lung,0.65875,0.41875,0.7712,0.027
Lung_Cancer||Multiple_sclerosis,TBX3,concordant,0.3873626373626374,3.8736263736263754,728,0.337519051004277,0.847913862718708,18,brain|lung,0.65875,0.41875,0.6516,0.023
Lung_Cancer||Multiple_sclerosis,HOXA5,concordant,0.3736263736263736,3.736263736263737,728,0.0272903246603407,0.800807537012113,15,brain|lung,0.65875,0.41875,0.5434,0.032
Lung_Cancer||Multiple_sclerosis,BACH1,concordant,0.3695054945054945,3.695054945054946,728,0.3695215616568846,0.8039479587258861,14,brain|lung,0.65875,0.41875,0.5176,0.014
Lung_Cancer||Multiple_sclerosis,EBF2,concordant,0.3585164835164835,3.585164835164836,728,0.817280302323271,0.863615971287573,2,brain|lung,0.65875,0.41875,0.7274,0.027
Lung_Cancer||Multiple_sclerosis,DEAF1,concordant,0.3461538461538461,3.461538461538462,728,0.4178090141716151,0.8537460744728578,9,brain|lung,0.65875,0.41875,0.4484,0.023
Lung_Cancer||Multiple_sclerosis,TET1,concordant,0.3434065934065934,3.4340659340659347,728,0.2309113725244308,0.835352175863616,10,brain|lung,0.65875,0.41875,0.8744,0.041
Lung_Cancer||Multiple_sclerosis,MNX1,concordant,0.3351648351648351,3.351648351648352,728,0.3121236441110552,0.8344549125168237,5,brain|lung,0.65875,0.41875,0.711,0.014
Lung_Cancer||Multiple_sclerosis,TCFL5,concordant,0.3337912087912087,3.3379120879120885,728,0.4491968467700581,0.7604306864064603,3,brain|lung,0.65875,0.41875,0.73,0.041
Lung_Cancer||Multiple_sclerosis,HOXB3,concordant,0.3296703296703296,3.296703296703297,728,0.4760972537167771,0.8178555406011665,5,brain|lung,0.65875,0.41875,0.434,0.041
Lung_Cancer||Multiple_sclerosis,KDM5D,concordant,0.3269230769230769,3.26923076923077,728,0.4484089820930922,0.7873485868102288,6,brain|lung,0.65875,0.41875,0.4746,0.009
Lung_Cancer||Psoriasis,RARG,concordant,0.5044642857142857,5.0446428571428585,224,0.4046279720979656,0.900375939849624,28,lung|skin,0.6873,0.4933333333333333,,0.036
Lung_Cancer||Psoriasis,KLF5,concordant,0.5,5.000000000000001,224,0.3955974176031256,0.8984962406015038,71,lung|skin,0.6873,0.4933333333333333,,0.023
Lung_Cancer||Psoriasis,MBD2,concordant,0.4508928571428571,4.508928571428573,224,0.1728236460696314,0.8796992481203008,77,lung|skin,0.6873,0.4933333333333333,,0.009
Lung_Cancer||Psoriasis,PRRX1,concordant,0.4419642857142857,4.419642857142858,224,0.5228913784816311,0.8759398496240601,7,lung|skin,0.6873,0.4933333333333333,,0.023
Lung_Cancer||Psoriasis,NFE2L2,concordant,0.40625,4.062500000000001,224,0.3524331664677711,0.8834586466165414,171,lung|skin,0.6873,0.4933333333333333,,0.032
Lung_Cancer||Psoriasis,E2F5,concordant,0.3928571428571428,3.928571428571429,224,0.6112461923535067,0.8703007518796992,12,lung|skin,0.6873,0.4933333333333333,,0.023
Lung_Cancer||Psoriasis,TFAP2C,concordant,0.3839285714285714,3.8392857142857153,224,0.2831094163351672,0.8665413533834586,30,lung|skin,0.6873,0.4933333333333333,,0.032
Lung_Cancer||Psoriasis,ZNF423,concordant,0.375,3.750000000000001,224,0.258949334174941,0.8646616541353384,4,lung|skin,0.6873,0.4933333333333333,,0.014
Lung_Cancer||Psoriasis,ID1,concordant,0.3705357142857143,3.705357142857144,224,0.2374547559079742,0.8383458646616542,72,lung|skin,0.6873,0.4933333333333333,,0.014
Lung_Cancer||Psoriasis,CHD4,concordant,0.3660714285714285,3.6607142857142874,224,0.534545270205175,0.8233082706766918,3,lung|skin,0.6873,0.4933333333333333,,0.009
Lung_Cancer||Psoriasis,STAT5A,concordant,0.3660714285714285,3.6607142857142874,224,0.1303694593749708,0.8139097744360902,189,lung|skin,0.6873,0.4933333333333333,,0.009
Lung_Cancer||Psoriasis,PER2,concordant,0.3616071428571428,3.616071428571429,224,0.720544641426582,0.8552631578947368,3,lung|skin,0.6873,0.4933333333333333,,0.027
Lung_Cancer||Sjögrens_Syndrome,CREB3,concordant,0.5714285714285714,5.714285714285715,196,0.5774311674108068,0.924673784104389,11,blood|lung,0.72015,0.6833333333333335,0.5948,0.036
Lung_Cancer||Sjögrens_Syndrome,NCOA6,concordant,0.5357142857142857,5.3571428571428585,196,0.5390198855203456,0.9187425860023724,5,blood|lung,0.72015,0.6833333333333335,0.7594,0.014
Lung_Cancer||Sjögrens_Syndrome,NFKBIB,concordant,0.5153061224489796,5.153061224489797,196,0.4757933707866925,0.9104389086595492,16,blood|lung,0.72015,0.6833333333333335,0.4584,0.045
Lung_Cancer||Sjögrens_Syndrome,PEG3,concordant,0.4897959183673469,4.89795918367347,196,0.5350357639826808,0.8867141162514828,8,blood|lung,0.72015,0.6833333333333335,0.5886,0.032
Lung_Cancer||Sjögrens_Syndrome,IRX4,concordant,0.4336734693877551,4.336734693877552,196,0.7518428807377167,0.8718861209964412,4,blood|lung,0.72015,0.6833333333333335,0.4902,0.014
Lung_Cancer||Sjögrens_Syndrome,ZFPM2,concordant,0.4336734693877551,4.336734693877552,196,0.3646050321532054,0.8653618030842231,11,blood|lung,0.72015,0.6833333333333335,0.7858,0.018
Lung_Cancer||Sjögrens_Syndrome,STOX1,concordant,0.4081632653061224,4.0816326530612255,196,0.5475008630548339,0.8416370106761566,5,blood|lung,0.72015,0.6833333333333335,0.5052,0.018
Lung_Cancer||Sjögrens_Syndrome,PITX2,concordant,0.3826530612244898,3.8265306122448983,196,0.2457376230184859,0.861803084223013,103,blood|lung,0.72015,0.6833333333333335,0.6514,0.032
Lung_Cancer||Sjögrens_Syndrome,HESX1,concordant,0.3775510204081632,3.775510204081633,196,0.2535500909332442,0.8368920521945433,24,blood|lung,0.72015,0.6833333333333335,0.6464,0.014
Lung_Cancer||Sjögrens_Syndrome,HEY1,concordant,0.3724489795918367,3.724489795918368,196,0.2284650748993481,0.7935943060498221,28,blood|lung,0.72015,0.6833333333333335,0.8222,0.027
Lung_Cancer||Sjögrens_Syndrome,MLXIP,concordant,0.3520408163265306,3.520408163265307,196,0.6453452802710302,0.8291814946619217,5,blood|lung,0.72015,0.6833333333333335,0.7276,0.014
Lung_Cancer||Sjögrens_Syndrome,ID4,concordant,0.3520408163265306,3.520408163265307,196,0.2681685099846685,0.7805456702253856,11,blood|lung,0.72015,0.6833333333333335,0.6768,0.027
Lung_Cancer||Stroke,CXXC1,concordant,0.6547619047619048,6.547619047619049,84,0.3861316003013476,0.9211150652431792,16,blood|lung,0.7641,0.6441666666666667,0.5294,0.023
Lung_Cancer||Stroke,PPARG,concordant,0.6309523809523809,6.309523809523811,84,0.142719321371942,0.9199288256227758,319,blood|lung,0.7641,0.6441666666666667,0.6832,0.036
Lung_Cancer||Stroke,ZKSCAN7,concordant,0.5952380952380952,5.952380952380953,84,0.573328607610776,0.957888493475682,11,blood|lung,0.7641,0.6441666666666667,0.6302,0.009
Lung_Cancer||Stroke,PHF20,concordant,0.5952380952380952,5.952380952380953,84,0.5431795395208683,0.9110320284697508,9,blood|lung,0.7641,0.6441666666666667,0.684,0.036
Lung_Cancer||Stroke,PPARD,concordant,0.5952380952380952,5.952380952380953,84,0.1521792396468045,0.928232502965599,90,blood|lung,0.7641,0.6441666666666667,0.8148,0.032
Lung_Cancer||Stroke,ISL1,concordant,0.5476190476190477,5.476190476190478,84,0.3363135546245784,0.9151838671411624,30,blood|lung,0.7641,0.6441666666666667,0.5882,0.054
Lung_Cancer||Stroke,THAP1,concordant,0.5357142857142857,5.3571428571428585,84,0.7816706194081762,0.9068801897983392,3,blood|lung,0.7641,0.6441666666666667,0.5104,0.036
Lung_Cancer||Stroke,ZNF451,concordant,0.5,5.000000000000001,84,0.8642843296947802,0.9009489916963228,3,blood|lung,0.7641,0.6441666666666667,0.5818,0.014
Lung_Cancer||Stroke,CREBL2,concordant,0.4642857142857143,4.642857142857144,84,0.637999906077687,0.8843416370106761,2,blood|lung,0.7641,0.6441666666666667,0.6418,0.032
Lung_Cancer||Stroke,CREB3L1,concordant,0.4642857142857143,4.642857142857144,84,0.3990805242668991,0.8879003558718861,10,blood|lung,0.7641,0.6441666666666667,0.6306,0.023
Lung_Cancer||Stroke,MNT,concordant,0.4642857142857143,4.642857142857144,84,0.2975589437768611,0.8825622775800712,10,blood|lung,0.7641,0.6441666666666667,0.6928,0.023
Lung_Cancer||Stroke,GABPA,concordant,0.4642857142857143,4.642857142857144,84,0.2921216504114645,0.8920521945432978,42,blood|lung,0.7641,0.6441666666666667,0.6434,0.027
Lung_Cancer||lower_grade_glioma_and_glioblastoma,E2F3,concordant,0.3944099378881988,3.944099378881989,644,0.3554522992833414,0.8510542844324809,65,brain|lung,0.61145,0.3145833333333334,0.5732,0.009
Lung_Cancer||lower_grade_glioma_and_glioblastoma,ASCL1,concordant,0.3804347826086957,3.804347826086957,644,0.2140208828461211,0.8627187079407806,54,brain|lung,0.61145,0.3145833333333334,0.5594,0.009
Lung_Cancer||lower_grade_glioma_and_glioblastoma,NCOR1,concordant,0.3633540372670807,3.633540372670808,644,0.0529620318961069,0.724540152534769,76,brain|lung,0.61145,0.3145833333333334,0.3042,0.032
Lung_Cancer||lower_grade_glioma_and_glioblastoma,PPARD,concordant,0.358695652173913,3.5869565217391317,644,0.0970337982426508,0.7510094212651414,90,brain|lung,0.61145,0.3145833333333334,0.5496,0.032
Lung_Cancer||lower_grade_glioma_and_glioblastoma,DNMT3B,concordant,0.3571428571428571,3.5714285714285725,644,0.3114685264969926,0.8461193360251233,63,brain|lung,0.61145,0.3145833333333334,0.4582,0.018
Lung_Cancer||lower_grade_glioma_and_glioblastoma,HES6,concordant,0.3555900621118012,3.555900621118013,644,0.655528418550899,0.8245850157021085,8,brain|lung,0.61145,0.3145833333333334,0.7084,0.005
Lung_Cancer||lower_grade_glioma_and_glioblastoma,ISL1,concordant,0.3509316770186335,3.509316770186336,644,0.3146611152117861,0.8434275459847466,30,brain|lung,0.61145,0.3145833333333334,0.4146,0.054
Lung_Cancer||lower_grade_glioma_and_glioblastoma,E2F2,concordant,0.3416149068322981,3.416149068322982,644,0.569675528127132,0.8429789143113504,47,brain|lung,0.61145,0.3145833333333334,0.4654,0.014
Lung_Cancer||lower_grade_glioma_and_glioblastoma,IRF2,concordant,0.3400621118012422,3.400621118012423,644,0.3436405491747999,0.82907133243607,53,brain|lung,0.61145,0.3145833333333334,0.5442,0.018
Lung_Cancer||lower_grade_glioma_and_glioblastoma,HBP1,concordant,0.3338509316770186,3.338509316770187,644,0.0967781514458438,0.6787797218483625,43,brain|lung,0.61145,0.3145833333333334,0.7126,0.032
Lung_Cancer||lower_grade_glioma_and_glioblastoma,CREB3,concordant,0.3307453416149068,3.3074534161490687,644,0.010917249452393,0.62673844773441,11,brain|lung,0.61145,0.3145833333333334,0.56,0.036
Lung_Cancer||lower_grade_glioma_and_glioblastoma,DNMT1,concordant,0.327639751552795,3.2763975155279508,644,0.1442889499593996,0.8075370121130552,164,brain|lung,0.61145,0.3145833333333334,0.4606,0.023
Melanoma||Stroke,GTF3A,concordant,0.925925925925926,9.25925925925926,27,0.5233137751342088,0.9921348314606742,24,blood|skin,0.6078,0.4629166666666667,0.7932,0.054
Melanoma||Stroke,TEAD2,concordant,0.6666666666666666,6.666666666666668,27,0.6418327645538677,0.9337078651685392,5,blood|skin,0.6078,0.4629166666666667,0.5364,0.018
Melanoma||Stroke,TGIF1,concordant,0.6666666666666666,6.666666666666668,27,0.6224813195988159,0.9640449438202248,9,blood|skin,0.6078,0.4629166666666667,0.6346,0.036
Melanoma||Stroke,MEF2D,concordant,0.6666666666666666,6.666666666666668,27,0.5764701667719041,0.9707865168539326,23,blood|skin,0.6078,0.4629166666666667,0.6716,0.027
Melanoma||Stroke,RBCK1,concordant,0.5555555555555556,5.555555555555557,27,0.9754754772393824,0.90561797752809,2,blood|skin,0.6078,0.4629166666666667,0.4624,0.009
Melanoma||Stroke,EGR4,concordant,0.5555555555555556,5.555555555555557,27,0.5285182279362503,0.9101123595505618,12,blood|skin,0.6078,0.4629166666666667,0.5556,0.018
Melanoma||Stroke,HEYL,concordant,0.5185185185185185,5.185185185185186,27,0.7464715808740469,0.904494382022472,5,blood|skin,0.6078,0.4629166666666667,0.7246,0.041
Melanoma||Stroke,ZNF281,concordant,0.5185185185185185,5.185185185185186,27,0.7386090793985545,0.9179775280898876,3,blood|skin,0.6078,0.4629166666666667,0.7054,0.036
Melanoma||Stroke,NPAS2,concordant,0.5185185185185185,5.185185185185186,27,0.4692455363802575,0.9191011235955056,9,blood|skin,0.6078,0.4629166666666667,0.673,0.032
Melanoma||Stroke,KLF14,concordant,0.4814814814814814,4.814814814814816,27,0.6787686984994914,0.8887640449438202,4,blood|skin,0.6078,0.4629166666666667,0.4648,0.018
Melanoma||Stroke,BTG2,concordant,0.4814814814814814,4.814814814814816,27,0.5387622399773837,0.8651685393258427,7,blood|skin,0.6078,0.4629166666666667,0.5644,0.023
Melanoma||Stroke,HOXD1,concordant,0.4814814814814814,4.814814814814816,27,0.5333572096229922,0.898876404494382,6,blood|skin,0.6078,0.4629166666666667,0.6272,0.018
Melanoma||lower_grade_glioma_and_glioblastoma,CEBPA,concordant,0.5797101449275363,5.797101449275364,207,0.3961521869662783,0.9125188536953244,196,brain|skin,0.71525,0.4370833333333332,0.7034,0.014
Melanoma||lower_grade_glioma_and_glioblastoma,ASCL2,concordant,0.5748792270531401,5.7487922705314025,207,0.5284096251701162,0.9177978883861236,9,brain|skin,0.71525,0.4370833333333332,0.4738,0.023
Melanoma||lower_grade_glioma_and_glioblastoma,FOXO4,concordant,0.5169082125603864,5.1690821256038655,207,0.3124408343203797,0.9049773755656108,28,brain|skin,0.71525,0.4370833333333332,0.4894,0.009
Melanoma||lower_grade_glioma_and_glioblastoma,TET1,concordant,0.5072463768115942,5.072463768115943,207,0.4726431874452496,0.9019607843137256,10,brain|skin,0.71525,0.4370833333333332,0.447,0.041
Melanoma||lower_grade_glioma_and_glioblastoma,SOX4,concordant,0.4975845410628019,4.97584541062802,207,0.3367044019570263,0.8981900452488688,22,brain|skin,0.71525,0.4370833333333332,0.491,0.023
Melanoma||lower_grade_glioma_and_glioblastoma,PHF20,concordant,0.4879227053140096,4.879227053140098,207,0.6406932366335792,0.8951734539969834,9,brain|skin,0.71525,0.4370833333333332,0.47,0.036
Melanoma||lower_grade_glioma_and_glioblastoma,ATF5,concordant,0.4734299516908212,4.734299516908213,207,0.4385100589090148,0.8944193061840121,26,brain|skin,0.71525,0.4370833333333332,0.3964,0.023
Melanoma||lower_grade_glioma_and_glioblastoma,ZBTB10,concordant,0.463768115942029,4.637681159420291,207,0.9620215339553472,0.8861236802413273,2,brain|skin,0.71525,0.4370833333333332,0.5718,0.014
Melanoma||lower_grade_glioma_and_glioblastoma,CITED2,concordant,0.463768115942029,4.637681159420291,207,0.8624049997999548,0.8929110105580694,4,brain|skin,0.71525,0.4370833333333332,0.4236,0.005
Melanoma||lower_grade_glioma_and_glioblastoma,PPARG,concordant,0.4589371980676328,4.589371980676329,207,0.3293781082734025,0.8838612368024132,319,brain|skin,0.71525,0.4370833333333332,0.6516,0.036
Melanoma||lower_grade_glioma_and_glioblastoma,JUNB,concordant,0.4541062801932367,4.541062801932369,207,0.2224134257983634,0.8823529411764706,534,brain|skin,0.71525,0.4370833333333332,0.5822,0.005
Melanoma||lower_grade_glioma_and_glioblastoma,HNF1A,concordant,0.4492753623188406,4.492753623188407,207,0.5568186332848398,0.8808446455505279,119,brain|skin,0.71525,0.4370833333333332,0.3962,0.005
Metabolic_Rate||Stroke,RAX,concordant,0.5333333333333333,5.333333333333335,15,0.9771888072158476,0.9170909090909092,2,blood|blood,0.3635,0.2383333333333333,0.4592,0.023
Metabolic_Rate||Stroke,ZNF521,concordant,0.5333333333333333,5.333333333333335,15,0.9372197232427252,0.9047272727272728,3,blood|blood,0.3635,0.2383333333333333,0.8088,0.014
Metabolic_Rate||Stroke,TLX2,concordant,0.5333333333333333,5.333333333333335,15,0.9179598621034124,0.9549090909090908,4,blood|blood,0.3635,0.2383333333333333,0.5538,0.014
Metabolic_Rate||Stroke,CEBPE,concordant,0.5333333333333333,5.333333333333335,15,0.5537345812767862,0.9076363636363636,32,blood|blood,0.3635,0.2383333333333333,0.8378,0.023
Metabolic_Rate||Stroke,LHX9,concordant,0.4666666666666667,4.666666666666668,15,0.8938042612858242,0.858909090909091,2,blood|blood,0.3635,0.2383333333333333,0.507,0.009
Metabolic_Rate||Stroke,IRX3,concordant,0.4,4.000000000000001,15,0.815886388735081,0.885090909090909,3,blood|blood,0.3635,0.2383333333333333,0.5204,0.014
Metabolic_Rate||Stroke,TEAD2,concordant,0.4,4.000000000000001,15,0.5486962581513046,0.8567272727272728,5,blood|blood,0.3635,0.2383333333333333,0.5364,0.018
Metabolic_Rate||Stroke,SFPQ,concordant,0.4,4.000000000000001,15,0.4363729253826238,0.858909090909091,27,blood|blood,0.3635,0.2383333333333333,0.6382,0.014
Metabolic_Rate||Stroke,MIXL1,concordant,0.4,4.000000000000001,15,0.3997156663524739,0.6676363636363636,3,blood|blood,0.3635,0.2383333333333333,0.5202,0.009
Metabolic_Rate||Stroke,FOXP2,concordant,0.4,4.000000000000001,15,0.2830190428983576,0.6218181818181818,11,blood|blood,0.3635,0.2383333333333333,0.6742,0.014
Metabolic_Rate||Stroke,MYF6,concordant,0.4,4.000000000000001,15,0.1852825884785423,0.5650909090909091,9,blood|blood,0.3635,0.2383333333333333,0.5928,0.023
Metabolic_Rate||Stroke,CDX1,concordant,0.4,4.000000000000001,15,0.0671851155053254,0.4625454545454545,28,blood|blood,0.3635,0.2383333333333333,0.6678,0.041
Multiple_sclerosis||Pancreatic_Cancer,SMARCC1,concordant,0.3916083916083916,3.916083916083917,286,0.3866344265579406,0.8466557911908646,7,brain|pancreas,0.58405,0.27625,0.5616,0.027
Multiple_sclerosis||Pancreatic_Cancer,DLX6,concordant,0.3846153846153846,3.846153846153847,286,0.9017186523665912,0.867862969004894,2,brain|pancreas,0.58405,0.27625,0.4336,0.014
Multiple_sclerosis||Pancreatic_Cancer,EBF2,concordant,0.3776223776223776,3.7762237762237767,286,0.7290640302487509,0.8482871125611745,2,brain|pancreas,0.58405,0.27625,0.7274,0.027
Multiple_sclerosis||Pancreatic_Cancer,KDM2B,concordant,0.3671328671328671,3.671328671328672,286,0.634158055473182,0.8580750407830342,3,brain|pancreas,0.58405,0.27625,0.631,0.036
Multiple_sclerosis||Pancreatic_Cancer,ZHX3,concordant,0.3601398601398601,3.6013986013986026,286,0.6102741713415593,0.8189233278955954,2,brain|pancreas,0.58405,0.27625,0.64,0.009
Multiple_sclerosis||Pancreatic_Cancer,SKI,concordant,0.3531468531468531,3.531468531468532,286,0.2924375460680464,0.8401305057096248,4,brain|pancreas,0.58405,0.27625,0.6772,0.023
Multiple_sclerosis||Pancreatic_Cancer,ZNF300,concordant,0.3461538461538461,3.461538461538462,286,0.3886429827719989,0.8580750407830342,8,brain|pancreas,0.58405,0.27625,0.8454,0.014
Multiple_sclerosis||Pancreatic_Cancer,CREB3,concordant,0.3461538461538461,3.461538461538462,286,0.222636866687086,0.6867862969004894,11,brain|pancreas,0.58405,0.27625,0.5424,0.036
Multiple_sclerosis||Pancreatic_Cancer,KCNIP3,concordant,0.3391608391608391,3.391608391608393,286,0.3412194061786083,0.8401305057096248,11,brain|pancreas,0.58405,0.27625,0.667,0.023
Multiple_sclerosis||Pancreatic_Cancer,TET1,discordant,0.3391608391608391,3.391608391608393,286,-0.0591232709564248,0.8042414355628059,10,brain|pancreas,0.58405,0.27625,0.8744,0.041
Multiple_sclerosis||Pancreatic_Cancer,TFAP2A,concordant,0.3356643356643357,3.3566433566433576,286,0.060000012482309,0.8368678629690048,270,brain|pancreas,0.58405,0.27625,0.8992,0.036
Multiple_sclerosis||Pancreatic_Cancer,SOX8,concordant,0.3321678321678322,3.3216783216783226,286,0.4593415927342807,0.8172920065252854,4,brain|pancreas,0.58405,0.27625,0.5718,0.023
Multiple_sclerosis||Parkinsons_Disease,HOXB13,concordant,0.97008547008547,9.700854700854704,234,0.6159686150634477,0.9783333333333334,13,blood|brain,0.78755,0.8116666666666665,0.733,0.009
Multiple_sclerosis||Parkinsons_Disease,HOXB3,concordant,0.9401709401709402,9.401709401709404,234,0.7245008024630069,0.9376666666666666,5,blood|brain,0.78755,0.8116666666666665,0.6908,0.041
Multiple_sclerosis||Parkinsons_Disease,NR1I3,concordant,0.9230769230769232,9.230769230769234,234,0.4656698088833568,0.981,48,blood|brain,0.78755,0.8116666666666665,0.6072,0.014
Multiple_sclerosis||Parkinsons_Disease,FOXA1,concordant,0.8888888888888888,8.888888888888891,234,0.4524271897973539,0.9636666666666668,61,blood|brain,0.78755,0.8116666666666665,0.8602,0.014
Multiple_sclerosis||Parkinsons_Disease,HOXB7,concordant,0.8803418803418803,8.803418803418806,234,0.5089755258070776,0.9636666666666668,17,blood|brain,0.78755,0.8116666666666665,0.6488,0.036
Multiple_sclerosis||Parkinsons_Disease,PAX8,concordant,0.8589743589743589,8.589743589743591,234,0.4076885554675841,0.9556666666666668,28,blood|brain,0.78755,0.8116666666666665,0.6354,0.023
Multiple_sclerosis||Parkinsons_Disease,HAND1,concordant,0.8461538461538461,8.461538461538463,234,0.7031387614413099,0.9623333333333334,12,blood|brain,0.78755,0.8116666666666665,0.5044,0.018
Multiple_sclerosis||Parkinsons_Disease,FOXA2,concordant,0.8333333333333334,8.333333333333336,234,0.3210012521594522,0.939,111,blood|brain,0.78755,0.8116666666666665,0.7528,0.018
Multiple_sclerosis||Parkinsons_Disease,WT1,concordant,0.8290598290598291,8.290598290598293,234,0.2558805973174138,0.9496666666666668,136,blood|brain,0.78755,0.8116666666666665,0.7704,0.009
Multiple_sclerosis||Parkinsons_Disease,NCOA3,concordant,0.7264957264957265,7.264957264957267,234,0.4194869893332763,0.9566666666666668,67,blood|brain,0.78755,0.8116666666666665,0.7766,0.009
Multiple_sclerosis||Parkinsons_Disease,ONECUT1,concordant,0.7222222222222222,7.222222222222224,234,0.5150242853365166,0.945,27,blood|brain,0.78755,0.8116666666666665,0.6732,0.023
Multiple_sclerosis||Parkinsons_Disease,DNMT1,concordant,0.7094017094017094,7.094017094017096,234,0.2416235875245515,0.9673333333333334,164,blood|brain,0.78755,0.8116666666666665,0.8966,0.023
Multiple_sclerosis||Pheochromocytoma_and_Paraganglioma,HOXB3,concordant,0.4461538461538462,4.461538461538463,260,0.8044835382520226,0.883495145631068,5,adrenal|brain,0.6148,0.3783333333333333,0.434,0.041
Multiple_sclerosis||Pheochromocytoma_and_Paraganglioma,TFAP2C,concordant,0.4346153846153846,4.346153846153848,260,0.3888920272940412,0.8821081830790569,30,adrenal|brain,0.6148,0.3783333333333333,0.8034,0.032
Multiple_sclerosis||Pheochromocytoma_and_Paraganglioma,NR1H3,concordant,0.3807692307692307,3.807692307692309,260,0.1868592618547266,0.8626907073509015,122,adrenal|brain,0.6148,0.3783333333333333,0.7274,0.023
Multiple_sclerosis||Pheochromocytoma_and_Paraganglioma,GBX2,concordant,0.3653846153846153,3.653846153846154,260,0.4312144128807966,0.8640776699029126,6,adrenal|brain,0.6148,0.3783333333333333,0.8016,0.023
Multiple_sclerosis||Pheochromocytoma_and_Paraganglioma,PATZ1,concordant,0.3615384615384615,3.615384615384616,260,0.3598047381227772,0.8474341192787794,9,adrenal|brain,0.6148,0.3783333333333333,0.6416,0.032
Multiple_sclerosis||Pheochromocytoma_and_Paraganglioma,PHOX2B,concordant,0.3423076923076923,3.423076923076924,260,0.4966389250932272,0.8307905686546463,12,adrenal|brain,0.6148,0.3783333333333333,0.7154,0.014
Multiple_sclerosis||Pheochromocytoma_and_Paraganglioma,THRA,concordant,0.3423076923076923,3.423076923076924,260,0.2713402180560095,0.7933425797503467,69,adrenal|brain,0.6148,0.3783333333333333,0.7216,0.023
Multiple_sclerosis||Pheochromocytoma_and_Paraganglioma,NPAS1,concordant,0.3384615384615385,3.384615384615385,260,0.6875823809434962,0.8155339805825242,4,adrenal|brain,0.6148,0.3783333333333333,0.4746,0.027
Multiple_sclerosis||Pheochromocytoma_and_Paraganglioma,FOXO1,concordant,0.3346153846153846,3.3461538461538467,260,0.1766582865653283,0.7642163661581137,251,adrenal|brain,0.6148,0.3783333333333333,0.8424,0.009
Multiple_sclerosis||Pheochromocytoma_and_Paraganglioma,BCL6,concordant,0.3230769230769231,3.230769230769232,260,0.1654851050088622,0.7350901525658807,89,adrenal|brain,0.6148,0.3783333333333333,0.825,0.014
Multiple_sclerosis||Pheochromocytoma_and_Paraganglioma,HOXD11,concordant,0.3192307692307692,3.192307692307693,260,0.5358249021359475,0.7988904299583911,4,adrenal|brain,0.6148,0.3783333333333333,0.3416,0.018
Multiple_sclerosis||Pheochromocytoma_and_Paraganglioma,SMARCC1,concordant,0.3153846153846154,3.153846153846154,260,0.328027242242875,0.841886269070735,7,adrenal|brain,0.6148,0.3783333333333333,0.5616,0.027
Multiple_sclerosis||Psoriasis,NR2F1,concordant,0.7403846153846154,7.403846153846156,208,0.5461284350250823,0.947209653092006,53,brain|skin,0.7288,0.7470833333333334,0.8982,0.014
Multiple_sclerosis||Psoriasis,POU3F4,concordant,0.6971153846153846,6.971153846153848,208,0.9841098736198712,0.9351432880844646,2,brain|skin,0.7288,0.7470833333333334,0.5916,0.005
Multiple_sclerosis||Psoriasis,WT1,concordant,0.6971153846153846,6.971153846153848,208,0.2929148860723645,0.9457013574660632,136,brain|skin,0.7288,0.7470833333333334,0.7704,0.009
Multiple_sclerosis||Psoriasis,PPARA,concordant,0.6875,6.875000000000002,208,0.3223643164277732,0.9411764705882352,232,brain|skin,0.7288,0.7470833333333334,0.7478,0.009
Multiple_sclerosis||Psoriasis,POU4F2,concordant,0.6682692307692307,6.682692307692308,208,0.4692763537336405,0.94947209653092,27,brain|skin,0.7288,0.7470833333333334,0.7666,0.027
Multiple_sclerosis||Psoriasis,EGR1,concordant,0.6634615384615384,6.634615384615386,208,0.3043720828545368,0.9374057315233786,323,brain|skin,0.7288,0.7470833333333334,0.5464,0.032
Multiple_sclerosis||Psoriasis,NR1H3,concordant,0.6586538461538461,6.586538461538463,208,0.2513783122491633,0.9291101055806938,122,brain|skin,0.7288,0.7470833333333334,0.7274,0.023
Multiple_sclerosis||Psoriasis,GFI1,concordant,0.6490384615384616,6.490384615384617,208,0.2551377761860238,0.9253393665158371,50,brain|skin,0.7288,0.7470833333333334,0.6668,0.014
Multiple_sclerosis||Psoriasis,MTF2,concordant,0.6298076923076923,6.298076923076924,208,0.5901168235645149,0.9268476621417798,6,brain|skin,0.7288,0.7470833333333334,0.7938,0.014
Multiple_sclerosis||Psoriasis,EBF2,concordant,0.6201923076923077,6.201923076923078,208,0.9090577189865632,0.9291101055806938,2,brain|skin,0.7288,0.7470833333333334,0.7274,0.027
Multiple_sclerosis||Psoriasis,FOXA2,concordant,0.5673076923076923,5.673076923076924,208,0.3916315275829773,0.9079939668174962,111,brain|skin,0.7288,0.7470833333333334,0.7528,0.018
Multiple_sclerosis||Psoriasis,RORA,concordant,0.5673076923076923,5.673076923076924,208,0.3492173824991673,0.920814479638009,70,brain|skin,0.7288,0.7470833333333334,0.7742,0.005
Multiple_sclerosis||Rectal_Cancer,HHEX,concordant,0.4096153846153846,4.096153846153847,520,0.2013095417581435,0.8352842809364549,25,brain|colorectal,0.5286500000000001,0.3174999999999999,0.7284,0.018
Multiple_sclerosis||Rectal_Cancer,IRF3,concordant,0.3730769230769231,3.730769230769232,520,0.2311347392192298,0.8269230769230769,65,brain|colorectal,0.5286500000000001,0.3174999999999999,0.6708,0.018
Multiple_sclerosis||Rectal_Cancer,STAT5A,concordant,0.3653846153846153,3.653846153846154,520,0.0975571442663397,0.8168896321070234,189,brain|colorectal,0.5286500000000001,0.3174999999999999,0.7322,0.009
Multiple_sclerosis||Rectal_Cancer,ATF2,concordant,0.3615384615384615,3.615384615384616,520,0.1455018539949688,0.8578595317725752,107,brain|colorectal,0.5286500000000001,0.3174999999999999,0.551,0.027
Multiple_sclerosis||Rectal_Cancer,ZBTB14,concordant,0.3596153846153846,3.596153846153847,520,0.4291644588874689,0.8357023411371237,6,brain|colorectal,0.5286500000000001,0.3174999999999999,0.5996,0.005
Multiple_sclerosis||Rectal_Cancer,DBP,concordant,0.35,3.5000000000000004,520,0.1531500409268444,0.8035117056856187,33,brain|colorectal,0.5286500000000001,0.3174999999999999,0.5976,0.018
Multiple_sclerosis||Rectal_Cancer,KAT6A,concordant,0.3442307692307692,3.442307692307693,520,0.3256447508330601,0.8482441471571907,10,brain|colorectal,0.5286500000000001,0.3174999999999999,0.5106,0.018
Multiple_sclerosis||Rectal_Cancer,ELF4,discordant,0.3288461538461538,3.288461538461539,520,-0.052908400893847,0.8039297658862876,38,brain|colorectal,0.5286500000000001,0.3174999999999999,0.8766,0.014
Multiple_sclerosis||Rectal_Cancer,ETS1,concordant,0.3269230769230769,3.26923076923077,520,0.0352504317930369,0.8336120401337793,210,brain|colorectal,0.5286500000000001,0.3174999999999999,0.7392,0.018
Multiple_sclerosis||Rectal_Cancer,PBRM1,concordant,0.325,3.250000000000001,520,0.221702999926603,0.8193979933110368,9,brain|colorectal,0.5286500000000001,0.3174999999999999,0.6548,0.014
Multiple_sclerosis||Rectal_Cancer,ARID4B,concordant,0.325,3.250000000000001,520,0.1563724353811499,0.7930602006688964,9,brain|colorectal,0.5286500000000001,0.3174999999999999,0.5888,0.014
Multiple_sclerosis||Rectal_Cancer,NR1D2,concordant,0.3173076923076923,3.173076923076924,520,0.5414758245398372,0.8056020066889632,5,brain|colorectal,0.5286500000000001,0.3174999999999999,0.5076,0.009
Multiple_sclerosis||Sjögrens_Syndrome,TFAP2A,concordant,0.6483516483516484,6.483516483516485,182,0.2452876286722932,0.9476666666666668,270,blood|brain,0.7612000000000001,0.6466666666666666,0.8992,0.036
Multiple_sclerosis||Sjögrens_Syndrome,NCOA3,concordant,0.6263736263736264,6.2637362637362655,182,0.4470476524443096,0.9636666666666668,67,blood|brain,0.7612000000000001,0.6466666666666666,0.7972,0.009
Multiple_sclerosis||Sjögrens_Syndrome,PAX9,concordant,0.5989010989010989,5.98901098901099,182,0.700675800138614,0.9643333333333334,8,blood|brain,0.7612000000000001,0.6466666666666666,0.515,0.027
Multiple_sclerosis||Sjögrens_Syndrome,SMAD1,concordant,0.5989010989010989,5.98901098901099,182,0.2959653217063579,0.933,66,blood|brain,0.7612000000000001,0.6466666666666666,0.77,0.005
Multiple_sclerosis||Sjögrens_Syndrome,NR1H3,concordant,0.5824175824175825,5.824175824175826,182,0.2918682020509409,0.9276666666666666,122,blood|brain,0.7612000000000001,0.6466666666666666,0.7686,0.023
Multiple_sclerosis||Sjögrens_Syndrome,DNMT3B,concordant,0.5659340659340659,5.6593406593406606,182,0.2223413445183044,0.917,63,blood|brain,0.7612000000000001,0.6466666666666666,0.7902,0.018
Multiple_sclerosis||Sjögrens_Syndrome,AR,concordant,0.554945054945055,5.549450549450551,182,0.318732021532886,0.9093333333333332,446,blood|brain,0.7612000000000001,0.6466666666666666,0.8858,0.014
Multiple_sclerosis||Sjögrens_Syndrome,HOXC8,concordant,0.5439560439560439,5.439560439560441,182,0.412410839332552,0.9123333333333332,12,blood|brain,0.7612000000000001,0.6466666666666666,0.7128,0.014
Multiple_sclerosis||Sjögrens_Syndrome,TAF1,concordant,0.5384615384615384,5.384615384615386,182,0.4883892571705635,0.9266666666666666,39,blood|brain,0.7612000000000001,0.6466666666666666,0.739,0.014
Multiple_sclerosis||Sjögrens_Syndrome,SNAI2,concordant,0.5164835164835165,5.164835164835167,182,0.4579156882406223,0.9063333333333332,44,blood|brain,0.7612000000000001,0.6466666666666666,0.8848,0.009
Multiple_sclerosis||Sjögrens_Syndrome,YBX1,concordant,0.5164835164835165,5.164835164835167,182,0.3028331923969342,0.9053333333333332,84,blood|brain,0.7612000000000001,0.6466666666666666,0.8252,0.032
Multiple_sclerosis||Sjögrens_Syndrome,JUN,concordant,0.510989010989011,5.10989010989011,182,0.1948536500822938,0.9046666666666666,772,blood|brain,0.7612000000000001,0.6466666666666666,0.8204,0.018
Multiple_sclerosis||Stomach_Cancer,EBF2,concordant,0.4205128205128205,4.205128205128206,780,0.6108453999747483,0.8736710444027517,2,brain|stomach,0.5740000000000001,0.2545833333333333,0.7274,0.027
Multiple_sclerosis||Stomach_Cancer,HLX,concordant,0.3705128205128205,3.705128205128206,780,0.1229310546149829,0.8624140087554721,14,brain|stomach,0.5740000000000001,0.2545833333333333,0.8266,0.018
Multiple_sclerosis||Stomach_Cancer,HEYL,discordant,0.3576923076923077,3.576923076923078,780,-0.2364735884462586,0.83364602876798,5,brain|stomach,0.5740000000000001,0.2545833333333333,0.8462,0.041
Multiple_sclerosis||Stomach_Cancer,SOX6,concordant,0.3564102564102564,3.564102564102565,780,0.0981909818815414,0.8492808005003127,20,brain|stomach,0.5740000000000001,0.2545833333333333,0.7422,0.023
Multiple_sclerosis||Stomach_Cancer,ATOH8,concordant,0.3551282051282051,3.5512820512820524,780,0.3280960265407919,0.8405253283302064,3,brain|stomach,0.5740000000000001,0.2545833333333333,0.7326,0.018
Multiple_sclerosis||Stomach_Cancer,ZNF354C,discordant,0.3551282051282051,3.5512820512820524,780,-0.0412583044321945,0.8555347091932458,22,brain|stomach,0.5740000000000001,0.2545833333333333,0.8394,0.023
Multiple_sclerosis||Stomach_Cancer,CEBPB,discordant,0.3448717948717948,3.4487179487179493,780,-0.0641198410413089,0.8455284552845529,395,brain|stomach,0.5740000000000001,0.2545833333333333,0.8916,0.018
Multiple_sclerosis||Stomach_Cancer,MLXIPL,concordant,0.3435897435897436,3.435897435897437,780,0.1854548474985642,0.8311444652908068,16,brain|stomach,0.5740000000000001,0.2545833333333333,0.8502,0.018
Multiple_sclerosis||Stomach_Cancer,ZNF300,concordant,0.3423076923076923,3.423076923076924,780,0.3080581993210242,0.8555347091932458,8,brain|stomach,0.5740000000000001,0.2545833333333333,0.8454,0.014
Multiple_sclerosis||Stomach_Cancer,INSM1,concordant,0.341025641025641,3.410256410256411,780,0.5661353537650395,0.8486554096310194,5,brain|stomach,0.5740000000000001,0.2545833333333333,0.6866,0.027
Multiple_sclerosis||Stomach_Cancer,TET1,concordant,0.3384615384615385,3.384615384615385,780,0.0575193628114391,0.8424015009380863,10,brain|stomach,0.5740000000000001,0.2545833333333333,0.8744,0.041
Multiple_sclerosis||Stomach_Cancer,TCFL5,concordant,0.332051282051282,3.320512820512821,780,0.498379204495255,0.83364602876798,3,brain|stomach,0.5740000000000001,0.2545833333333333,0.73,0.041
Multiple_sclerosis||Stroke,GTF3A,concordant,0.717948717948718,7.1794871794871815,78,0.4912913866645252,0.9923333333333332,24,blood|brain,0.6732499999999999,0.55375,0.7932,0.054
Multiple_sclerosis||Stroke,CTCF,concordant,0.717948717948718,7.1794871794871815,78,0.270991648499113,0.9406666666666668,126,blood|brain,0.6732499999999999,0.55375,0.7554,0.023
Multiple_sclerosis||Stroke,GABPA,concordant,0.7051282051282052,7.051282051282054,78,0.4294077615927289,0.961,42,blood|brain,0.6732499999999999,0.55375,0.6434,0.027
Multiple_sclerosis||Stroke,ARID1B,concordant,0.6153846153846154,6.153846153846156,78,0.675479776753092,0.963,5,blood|brain,0.6732499999999999,0.55375,0.5464,0.009
Multiple_sclerosis||Stroke,TCF20,concordant,0.5769230769230769,5.76923076923077,78,0.655387404660054,0.906,3,blood|brain,0.6732499999999999,0.55375,0.8156,0.023
Multiple_sclerosis||Stroke,NCOA2,concordant,0.5641025641025641,5.641025641025642,78,0.4283457885442954,0.9273333333333332,56,blood|brain,0.6732499999999999,0.55375,0.7946,0.009
Multiple_sclerosis||Stroke,NFYA,concordant,0.5641025641025641,5.641025641025642,78,0.1788852317407622,0.9273333333333332,78,blood|brain,0.6732499999999999,0.55375,0.8734,0.005
Multiple_sclerosis||Stroke,DMAP1,concordant,0.5512820512820513,5.5128205128205146,78,0.6792404510133054,0.9143333333333332,5,blood|brain,0.6732499999999999,0.55375,0.7042,0.023
Multiple_sclerosis||Stroke,HSF1,concordant,0.5384615384615384,5.384615384615386,78,0.2282670744352849,0.9266666666666666,85,blood|brain,0.6732499999999999,0.55375,0.6304,0.009
Multiple_sclerosis||Stroke,ZNF274,concordant,0.5128205128205128,5.128205128205129,78,0.5973099582752305,0.9126666666666666,4,blood|brain,0.6732499999999999,0.55375,0.704,0.005
Multiple_sclerosis||Stroke,TFAP4,concordant,0.5128205128205128,5.128205128205129,78,0.2797500835928013,0.914,31,blood|brain,0.6732499999999999,0.55375,0.774,0.023
Multiple_sclerosis||Stroke,ATF2,concordant,0.5128205128205128,5.128205128205129,78,0.2665640332594065,0.936,107,blood|brain,0.6732499999999999,0.55375,0.7314,0.027
Multiple_sclerosis||Testicular_Cancer,SALL1,concordant,0.4545454545454545,4.545454545454547,286,0.4595386206675997,0.8853046594982079,5,brain|testis,0.59055,0.35875,0.7488,0.018
Multiple_sclerosis||Testicular_Cancer,PAX7,concordant,0.451048951048951,4.510489510489512,286,0.3659553079547191,0.8817204301075269,13,brain|testis,0.59055,0.35875,0.4594,0.018
Multiple_sclerosis||Testicular_Cancer,POU4F1,concordant,0.451048951048951,4.510489510489512,286,0.299343541791716,0.8763440860215054,26,brain|testis,0.59055,0.35875,0.8426,0.005
Multiple_sclerosis||Testicular_Cancer,HOXD8,concordant,0.444055944055944,4.440559440559442,286,0.5725423898948524,0.8691756272401434,4,brain|testis,0.59055,0.35875,0.6088,0.009
Multiple_sclerosis||Testicular_Cancer,ZBTB32,concordant,0.43006993006993,4.300699300699302,286,0.4668921767611264,0.8655913978494624,4,brain|testis,0.59055,0.35875,0.6122,0.014
Multiple_sclerosis||Testicular_Cancer,HEYL,concordant,0.4090909090909091,4.090909090909092,286,0.6202930119982719,0.8046594982078853,5,brain|testis,0.59055,0.35875,0.8462,0.041
Multiple_sclerosis||Testicular_Cancer,INSM1,concordant,0.4055944055944055,4.055944055944057,286,0.5237669360885009,0.8691756272401434,5,brain|testis,0.59055,0.35875,0.6866,0.027
Multiple_sclerosis||Testicular_Cancer,CDX2,concordant,0.4020979020979021,4.020979020979022,286,0.3305890491599739,0.8548387096774194,59,brain|testis,0.59055,0.35875,0.5968,0.018
Multiple_sclerosis||Testicular_Cancer,ONECUT1,concordant,0.3986013986013986,3.9860139860139863,286,0.401585278976049,0.8727598566308243,27,brain|testis,0.59055,0.35875,0.6732,0.023
Multiple_sclerosis||Testicular_Cancer,DEAF1,concordant,0.3951048951048951,3.951048951048952,286,0.5450550055114052,0.8637992831541219,9,brain|testis,0.59055,0.35875,0.4484,0.023
Multiple_sclerosis||Testicular_Cancer,KLF4,concordant,0.3846153846153846,3.846153846153847,286,0.1257695498349488,0.8494623655913979,114,brain|testis,0.59055,0.35875,0.8212,0.023
Multiple_sclerosis||Testicular_Cancer,ZBTB2,concordant,0.3776223776223776,3.7762237762237767,286,0.3543846291904022,0.8333333333333334,4,brain|testis,0.59055,0.35875,0.6112,0.018
Multiple_sclerosis||Thymoma,HOXA2,concordant,0.4192307692307692,4.192307692307693,260,0.7716777904431296,0.8621323529411765,3,brain|thymus,0.5793,0.2233333333333333,0.7144,0.014
Multiple_sclerosis||Thymoma,OSR1,concordant,0.4153846153846154,4.153846153846155,260,0.0808129249588358,0.875,4,brain|thymus,0.5793,0.2233333333333333,0.7942,0.005
Multiple_sclerosis||Thymoma,KAT6B,concordant,0.3730769230769231,3.730769230769232,260,0.5805603071760522,0.8511029411764706,5,brain|thymus,0.5793,0.2233333333333333,0.6958,0.027
Multiple_sclerosis||Thymoma,SIX4,concordant,0.3730769230769231,3.730769230769232,260,0.3179708615404249,0.8547794117647058,6,brain|thymus,0.5793,0.2233333333333333,0.7492,0.018
Multiple_sclerosis||Thymoma,RUNX2,concordant,0.3653846153846153,3.653846153846154,260,0.10957337061671,0.8584558823529411,112,brain|thymus,0.5793,0.2233333333333333,0.8294,0.014
Multiple_sclerosis||Thymoma,SKI,concordant,0.3615384615384615,3.615384615384616,260,0.784154291886086,0.8566176470588235,4,brain|thymus,0.5793,0.2233333333333333,0.6772,0.023
Multiple_sclerosis||Thymoma,NAB2,concordant,0.3615384615384615,3.615384615384616,260,0.6755902063416398,0.8547794117647058,7,brain|thymus,0.5793,0.2233333333333333,0.3922,0.014
Multiple_sclerosis||Thymoma,KLF7,concordant,0.3615384615384615,3.615384615384616,260,0.3199135566391391,0.8069852941176471,8,brain|thymus,0.5793,0.2233333333333333,0.502,0.05
Multiple_sclerosis||Thymoma,ONECUT1,concordant,0.3615384615384615,3.615384615384616,260,0.2073415455706353,0.8584558823529411,27,brain|thymus,0.5793,0.2233333333333333,0.6732,0.023
Multiple_sclerosis||Thymoma,HMGB2,concordant,0.3576923076923077,3.576923076923078,260,0.2900362888402529,0.8602941176470589,8,brain|thymus,0.5793,0.2233333333333333,0.6916,0.014
Multiple_sclerosis||Thymoma,HEYL,concordant,0.3538461538461538,3.53846153846154,260,0.4885862739843123,0.8290441176470589,5,brain|thymus,0.5793,0.2233333333333333,0.8462,0.041
Multiple_sclerosis||Thymoma,NFKB1,concordant,0.3538461538461538,3.53846153846154,260,0.0353461197185141,0.8455882352941176,816,brain|thymus,0.5793,0.2233333333333333,0.7938,0.018
Multiple_sclerosis||Thyroid_Cancer,ARX,concordant,0.411371237458194,4.113712374581941,598,0.2290705723760751,0.8670427074939565,23,brain|thyroid,0.5938,0.3420833333333333,0.7712,0.027
Multiple_sclerosis||Thyroid_Cancer,PATZ1,concordant,0.4096989966555184,4.096989966555185,598,0.5326066114600247,0.8694601128122482,9,brain|thyroid,0.5938,0.3420833333333333,0.6416,0.032
Multiple_sclerosis||Thyroid_Cancer,ZNF217,concordant,0.3963210702341137,3.963210702341138,598,0.4748094725724333,0.863013698630137,6,brain|thyroid,0.5938,0.3420833333333333,0.757,0.014
Multiple_sclerosis||Thyroid_Cancer,E2F3,concordant,0.3862876254180602,3.862876254180603,598,0.1345216278327663,0.8589846897663175,65,brain|thyroid,0.5938,0.3420833333333333,0.6592,0.009
Multiple_sclerosis||Thyroid_Cancer,TOX,concordant,0.3812709030100334,3.812709030100336,598,0.1971661698610071,0.8614020950846092,4,brain|thyroid,0.5938,0.3420833333333333,0.8674,0.032
Multiple_sclerosis||Thyroid_Cancer,GMEB1,concordant,0.3745819397993311,3.745819397993312,598,0.551246163445326,0.8477034649476228,2,brain|thyroid,0.5938,0.3420833333333333,0.7054,0.005
Multiple_sclerosis||Thyroid_Cancer,EBF2,concordant,0.3729096989966555,3.729096989966556,598,0.8286158510638402,0.8638195004029009,2,brain|thyroid,0.5938,0.3420833333333333,0.7274,0.027
Multiple_sclerosis||Thyroid_Cancer,KAT6B,concordant,0.3461538461538461,3.461538461538462,598,0.3864861169861951,0.8428686543110395,5,brain|thyroid,0.5938,0.3420833333333333,0.6958,0.027
Multiple_sclerosis||Thyroid_Cancer,CAMTA1,discordant,0.334448160535117,3.3444816053511714,598,-0.4713195193422996,0.8138597904915391,3,brain|thyroid,0.5938,0.3420833333333333,0.8776,0.018
Multiple_sclerosis||Thyroid_Cancer,ZNF24,concordant,0.3311036789297659,3.31103678929766,598,0.2337136795584763,0.7969379532634971,5,brain|thyroid,0.5938,0.3420833333333333,0.4774,0.018
Multiple_sclerosis||Thyroid_Cancer,RARG,concordant,0.3311036789297659,3.31103678929766,598,0.118108866686649,0.7945205479452054,28,brain|thyroid,0.5938,0.3420833333333333,0.7272,0.036
Multiple_sclerosis||Thyroid_Cancer,KLF12,concordant,0.3294314381270903,3.294314381270904,598,0.077336323168398,0.8396454472199839,8,brain|thyroid,0.5938,0.3420833333333333,0.8126,0.018
Multiple_sclerosis||Uterine_Corpus_Endometrial_Carcinoma,PPARD,concordant,0.5064102564102564,5.064102564102565,156,0.1605168263818381,0.9047619047619048,90,brain|uterus_endometrium,0.6489499999999999,0.5570833333333334,0.7934,0.032
Multiple_sclerosis||Uterine_Corpus_Endometrial_Carcinoma,GBX2,concordant,0.5,5.000000000000001,156,0.2489355676575113,0.8591691995947315,6,brain|uterus_endometrium,0.6489499999999999,0.5570833333333334,0.8016,0.023
Multiple_sclerosis||Uterine_Corpus_Endometrial_Carcinoma,GLIS3,concordant,0.4743589743589743,4.7435897435897445,156,0.5124424697355205,0.8844984802431611,6,brain|uterus_endometrium,0.6489499999999999,0.5570833333333334,0.5652,0.032
Multiple_sclerosis||Uterine_Corpus_Endometrial_Carcinoma,SALL1,concordant,0.4423076923076923,4.423076923076924,156,0.459457248240586,0.8834853090172239,5,brain|uterus_endometrium,0.6489499999999999,0.5570833333333334,0.7488,0.018
Multiple_sclerosis||Uterine_Corpus_Endometrial_Carcinoma,MAFG,concordant,0.4294871794871794,4.294871794871796,156,0.56146135563824,0.8743667679837892,7,brain|uterus_endometrium,0.6489499999999999,0.5570833333333334,0.6018,0.014
Multiple_sclerosis||Uterine_Corpus_Endometrial_Carcinoma,FOXO4,concordant,0.4166666666666667,4.166666666666668,156,0.1315278595906218,0.867274569402229,28,brain|uterus_endometrium,0.6489499999999999,0.5570833333333334,0.5342,0.009
Multiple_sclerosis||Uterine_Corpus_Endometrial_Carcinoma,HIVEP2,concordant,0.4102564102564102,4.102564102564103,156,0.3854376695606287,0.8774062816616008,8,brain|uterus_endometrium,0.6489499999999999,0.5570833333333334,0.728,0.014
Multiple_sclerosis||Uterine_Corpus_Endometrial_Carcinoma,ID2,concordant,0.3782051282051282,3.782051282051283,156,0.0899597692685123,0.6220871327254306,58,brain|uterus_endometrium,0.6489499999999999,0.5570833333333334,0.8708,0.023
Multiple_sclerosis||Uterine_Corpus_Endometrial_Carcinoma,ZNF77,concordant,0.3717948717948718,3.717948717948719,156,0.8079195974491887,0.8439716312056738,2,brain|uterus_endometrium,0.6489499999999999,0.5570833333333334,0.4618,0.005
Multiple_sclerosis||Uterine_Corpus_Endometrial_Carcinoma,ZNF436,concordant,0.3717948717948718,3.717948717948719,156,0.2311819178455604,0.828774062816616,6,brain|uterus_endometrium,0.6489499999999999,0.5570833333333334,0.5982,0.032
Multiple_sclerosis||Uterine_Corpus_Endometrial_Carcinoma,DMTF1,concordant,0.3653846153846153,3.653846153846154,156,0.3463628379638188,0.8470111448834853,15,brain|uterus_endometrium,0.6489499999999999,0.5570833333333334,0.6014,0.036
Multiple_sclerosis||Uterine_Corpus_Endometrial_Carcinoma,NONO,concordant,0.3525641025641026,3.525641025641027,156,0.2021474320541093,0.8459979736575481,15,brain|uterus_endometrium,0.6489499999999999,0.5570833333333334,0.6152,0.009
Ovarian_Cancer||Stroke,THAP1,concordant,0.7083333333333334,7.083333333333336,48,0.8838043242411693,0.9655172413793104,3,blood|ovary,0.5111,0.4208333333333333,0.5104,0.036
Ovarian_Cancer||Stroke,KAT5,concordant,0.6041666666666666,6.041666666666668,48,0.2182004148209512,0.926332288401254,53,blood|ovary,0.5111,0.4208333333333333,0.6112,0.036
Ovarian_Cancer||Stroke,HSF4,concordant,0.5625,5.625000000000001,48,0.4763796143875899,0.9216300940438872,10,blood|ovary,0.5111,0.4208333333333333,0.663,0.027
Ovarian_Cancer||Stroke,GTF3A,concordant,0.5625,5.625000000000001,48,0.3250028926243415,0.9043887147335424,24,blood|ovary,0.5111,0.4208333333333333,0.7932,0.054
Ovarian_Cancer||Stroke,ZFP90,concordant,0.5208333333333334,5.208333333333335,48,0.5751127848569768,0.9106583072100314,2,blood|ovary,0.5111,0.4208333333333333,0.7212,0.018
Ovarian_Cancer||Stroke,TBX3,concordant,0.5208333333333334,5.208333333333335,48,0.2871900397179535,0.9075235109717869,18,blood|ovary,0.5111,0.4208333333333333,0.6226,0.023
Ovarian_Cancer||Stroke,MEIS1,concordant,0.5,5.000000000000001,48,0.2744124925302135,0.8918495297805643,15,blood|ovary,0.5111,0.4208333333333333,0.7704,0.023
Ovarian_Cancer||Stroke,NR1H2,concordant,0.5,5.000000000000001,48,0.2707848256541273,0.8949843260188087,44,blood|ovary,0.5111,0.4208333333333333,0.681,0.023
Ovarian_Cancer||Stroke,PPARG,concordant,0.4791666666666667,4.791666666666668,48,0.086556118507826,0.890282131661442,319,blood|ovary,0.5111,0.4208333333333333,0.6832,0.036
Ovarian_Cancer||Stroke,LHX3,concordant,0.4583333333333333,4.583333333333334,48,0.403173510257457,0.8746081504702194,8,blood|ovary,0.5111,0.4208333333333333,0.5306,0.023
Ovarian_Cancer||Stroke,ISL1,concordant,0.4583333333333333,4.583333333333334,48,0.2765118353650116,0.8448275862068966,30,blood|ovary,0.5111,0.4208333333333333,0.5882,0.054
Ovarian_Cancer||Stroke,ATF2,concordant,0.4583333333333333,4.583333333333334,48,0.2330276675542116,0.8150470219435737,107,blood|ovary,0.5111,0.4208333333333333,0.7314,0.027
Pancreatic_Cancer||Stroke,PPARD,concordant,0.8181818181818182,8.181818181818183,33,0.1639399825635186,0.9772209567198178,90,blood|pancreas,0.5535,0.4179166666666667,0.8148,0.032
Pancreatic_Cancer||Stroke,SIM1,concordant,0.696969696969697,6.969696969696972,33,0.791398903579411,0.9430523917995444,4,blood|pancreas,0.5535,0.4179166666666667,0.5476,0.014
Pancreatic_Cancer||Stroke,ZNF135,concordant,0.6666666666666666,6.666666666666668,33,0.9756312243638224,0.9703872437357632,2,blood|pancreas,0.5535,0.4179166666666667,0.5884,0.036
Pancreatic_Cancer||Stroke,NFYB,concordant,0.5757575757575758,5.75757575757576,33,0.2819508229318206,0.9157175398633256,30,blood|pancreas,0.5535,0.4179166666666667,0.6316,0.014
Pancreatic_Cancer||Stroke,ARX,concordant,0.5757575757575758,5.75757575757576,33,0.2314482560097344,0.9453302961275628,23,blood|pancreas,0.5535,0.4179166666666667,0.644,0.027
Pancreatic_Cancer||Stroke,ZNF277,concordant,0.5454545454545454,5.454545454545455,33,0.7685396226258135,0.917995444191344,2,blood|pancreas,0.5535,0.4179166666666667,0.703,0.009
Pancreatic_Cancer||Stroke,ELF2,concordant,0.5454545454545454,5.454545454545455,33,0.2664235673469504,0.929384965831435,11,blood|pancreas,0.5535,0.4179166666666667,0.7778,0.014
Pancreatic_Cancer||Stroke,UTF1,concordant,0.5151515151515151,5.151515151515152,33,0.6165529761109455,0.9066059225512528,4,blood|pancreas,0.5535,0.4179166666666667,0.4924,0.014
Pancreatic_Cancer||Stroke,HOXA11,concordant,0.5151515151515151,5.151515151515152,33,0.5956720895225771,0.9066059225512528,4,blood|pancreas,0.5535,0.4179166666666667,0.7984,0.063
Pancreatic_Cancer||Stroke,RERE,concordant,0.5151515151515151,5.151515151515152,33,0.5781703926828343,0.9020501138952164,3,blood|pancreas,0.5535,0.4179166666666667,0.6984,0.036
Pancreatic_Cancer||Stroke,NKX2-5,concordant,0.5151515151515151,5.151515151515152,33,0.1967803523002552,0.9111617312072892,61,blood|pancreas,0.5535,0.4179166666666667,0.5584,0.014
Pancreatic_Cancer||Stroke,AKNA,discordant,0.5151515151515151,5.151515151515152,33,-0.0787183637871464,0.908883826879271,2,blood|pancreas,0.5535,0.4179166666666667,0.791,0.032
Parkinsons_Disease||Stomach_Cancer,HAND2,concordant,0.6851851851851852,6.851851851851854,270,0.1544037949691659,0.9238578680203046,34,blood|stomach,0.7492,0.62375,0.6738,0.027
Parkinsons_Disease||Stomach_Cancer,SOX5,concordant,0.6444444444444445,6.444444444444446,270,0.4668666813137168,0.919627749576988,15,blood|stomach,0.7492,0.62375,0.7558,0.023
Parkinsons_Disease||Stomach_Cancer,NEUROD1,concordant,0.6370370370370371,6.370370370370372,270,0.3569438113625871,0.9272419627749576,58,blood|stomach,0.7492,0.62375,0.7868,0.023
Parkinsons_Disease||Stomach_Cancer,NFIA,concordant,0.6111111111111112,6.111111111111113,270,0.30896522915289,0.9297800338409477,48,blood|stomach,0.7492,0.62375,0.6456,0.041
Parkinsons_Disease||Stomach_Cancer,GLI3,concordant,0.6074074074074074,6.074074074074075,270,0.1101738085501309,0.916243654822335,36,blood|stomach,0.7492,0.62375,0.897,0.023
Parkinsons_Disease||Stomach_Cancer,HOXA5,concordant,0.5777777777777777,5.777777777777779,270,0.4071702164591629,0.9213197969543148,15,blood|stomach,0.7492,0.62375,0.8082,0.032
Parkinsons_Disease||Stomach_Cancer,CAMTA1,concordant,0.5703703703703704,5.703703703703705,270,0.6390133336270655,0.919627749576988,3,blood|stomach,0.7492,0.62375,0.674,0.018
Parkinsons_Disease||Stomach_Cancer,PLAG1,concordant,0.5592592592592592,5.5925925925925934,270,0.4464500993565984,0.9187817258883249,6,blood|stomach,0.7492,0.62375,0.8302,0.027
Parkinsons_Disease||Stomach_Cancer,PITX2,concordant,0.5555555555555556,5.555555555555557,270,0.1836933642537606,0.9187817258883249,103,blood|stomach,0.7492,0.62375,0.711,0.032
Parkinsons_Disease||Stomach_Cancer,ESR1,discordant,0.5481481481481482,5.481481481481483,270,-0.0501452585691981,0.9153976311336718,555,blood|stomach,0.7492,0.62375,0.8972,0.018
Parkinsons_Disease||Stomach_Cancer,DMRT1,concordant,0.5407407407407407,5.407407407407408,270,0.7883596261372292,0.9069373942470388,3,blood|stomach,0.7492,0.62375,0.5278,0.009
Parkinsons_Disease||Stomach_Cancer,SOX10,concordant,0.5148148148148148,5.14814814814815,270,0.2450583748579168,0.9052453468697124,27,blood|stomach,0.7492,0.62375,0.6144,0.023
Parkinsons_Disease||Stroke,ARID4A,concordant,0.7037037037037037,7.037037037037039,27,0.799916632041991,0.952,5,blood|blood,0.5024500000000001,0.4029166666666666,0.5648,0.032
Parkinsons_Disease||Stroke,SALL3,concordant,0.5555555555555556,5.555555555555557,27,0.5536607466145491,0.9221818181818182,8,blood|blood,0.5024500000000001,0.4029166666666666,0.5046,0.018
Parkinsons_Disease||Stroke,BHLHE40,concordant,0.5555555555555556,5.555555555555557,27,0.4072425172070193,0.901818181818182,39,blood|blood,0.5024500000000001,0.4029166666666666,0.762,0.014
Parkinsons_Disease||Stroke,IRF3,concordant,0.5185185185185185,5.185185185185186,27,0.4825987777814299,0.912,65,blood|blood,0.5024500000000001,0.4029166666666666,0.7076,0.018
Parkinsons_Disease||Stroke,SND1,concordant,0.4814814814814814,4.814814814814816,27,0.956301890073644,0.8887272727272727,2,blood|blood,0.5024500000000001,0.4029166666666666,0.6714,0.005
Parkinsons_Disease||Stroke,BCL11A,concordant,0.4814814814814814,4.814814814814816,27,0.6570257378555795,0.8349090909090909,11,blood|blood,0.5024500000000001,0.4029166666666666,0.8238,0.023
Parkinsons_Disease||Stroke,RAX,concordant,0.4444444444444444,4.4444444444444455,27,0.9561070275004142,0.8821818181818182,2,blood|blood,0.5024500000000001,0.4029166666666666,0.4644,0.023
Parkinsons_Disease||Stroke,TLX1,concordant,0.4074074074074074,4.074074074074074,27,0.6107512146645432,0.8901818181818182,9,blood|blood,0.5024500000000001,0.4029166666666666,0.5662,0.023
Parkinsons_Disease||Stroke,BMAL2,concordant,0.4074074074074074,4.074074074074074,27,0.5478220765293563,0.8407272727272728,9,blood|blood,0.5024500000000001,0.4029166666666666,0.804,0.027
Parkinsons_Disease||Stroke,LYL1,concordant,0.3703703703703703,3.703703703703704,27,0.5857876774073194,0.8727272727272727,13,blood|blood,0.5024500000000001,0.4029166666666666,0.771,0.014
Parkinsons_Disease||Stroke,ZNF331,concordant,0.3703703703703703,3.703703703703704,27,0.4761227451752067,0.7323636363636363,15,blood|blood,0.5024500000000001,0.4029166666666666,0.654,0.032
Parkinsons_Disease||Stroke,NFKB1,concordant,0.3703703703703703,3.703703703703704,27,0.3837862343895415,0.8654545454545455,816,blood|blood,0.5024500000000001,0.4029166666666666,0.7986,0.018
Parkinsons_Disease||lower_grade_glioma_and_glioblastoma,NR4A2,concordant,0.6811594202898551,6.8115942028985526,207,0.3100605601742788,0.9536666666666668,54,blood|brain,0.7267,0.56625,0.7068,0.018
Parkinsons_Disease||lower_grade_glioma_and_glioblastoma,PLAGL2,concordant,0.4589371980676328,4.589371980676329,207,0.3491167376399897,0.867,7,blood|brain,0.7267,0.56625,0.775,0.023
Parkinsons_Disease||lower_grade_glioma_and_glioblastoma,ID2,concordant,0.4589371980676328,4.589371980676329,207,0.2271435616957179,0.874,58,blood|brain,0.7267,0.56625,0.8976,0.023
Parkinsons_Disease||lower_grade_glioma_and_glioblastoma,HHEX,concordant,0.4444444444444444,4.4444444444444455,207,0.3368869566988188,0.8716666666666667,25,blood|brain,0.7267,0.56625,0.8756,0.018
Parkinsons_Disease||lower_grade_glioma_and_glioblastoma,NPAS2,concordant,0.429951690821256,4.299516908212562,207,0.3322348017587246,0.8773333333333333,9,blood|brain,0.7267,0.56625,0.8312,0.032
Parkinsons_Disease||lower_grade_glioma_and_glioblastoma,MECOM,concordant,0.4106280193236715,4.1062801932367154,207,0.1718041890832728,0.7916666666666666,18,blood|brain,0.7267,0.56625,0.7912,0.041
Parkinsons_Disease||lower_grade_glioma_and_glioblastoma,ZFP90,concordant,0.4057971014492754,4.057971014492755,207,0.5746332098645875,0.792,2,blood|brain,0.7267,0.56625,0.7452,0.018
Parkinsons_Disease||lower_grade_glioma_and_glioblastoma,ZGPAT,concordant,0.4057971014492754,4.057971014492755,207,0.516255474820512,0.8666666666666667,10,blood|brain,0.7267,0.56625,0.5774,0.018
Parkinsons_Disease||lower_grade_glioma_and_glioblastoma,ELK1,concordant,0.391304347826087,3.9130434782608714,207,0.0739659437191268,0.772,59,blood|brain,0.7267,0.56625,0.763,0.014
Parkinsons_Disease||lower_grade_glioma_and_glioblastoma,TGIF1,discordant,0.3864734299516908,3.864734299516909,207,-0.1886917646777766,0.6073333333333333,9,blood|brain,0.7267,0.56625,0.7348,0.036
Parkinsons_Disease||lower_grade_glioma_and_glioblastoma,BPTF,concordant,0.3816425120772946,3.8164251207729474,207,0.1722390537008619,0.536,4,blood|brain,0.7267,0.56625,0.5208,0.009
Parkinsons_Disease||lower_grade_glioma_and_glioblastoma,SOX3,concordant,0.3768115942028985,3.768115942028986,207,0.3490802821515242,0.7716666666666666,4,blood|brain,0.7267,0.56625,0.5972,0.005
Pheochromocytoma_and_Paraganglioma||Stroke,MEIS1,concordant,0.6,6.000000000000001,30,0.3552091647830248,0.9372822299651568,15,adrenal|blood,0.4742,0.3566666666666667,0.7704,0.023
Pheochromocytoma_and_Paraganglioma||Stroke,ASH1L,concordant,0.5666666666666667,5.666666666666668,30,0.6107532222395666,0.9529616724738676,4,adrenal|blood,0.4742,0.3566666666666667,0.7352,0.032
Pheochromocytoma_and_Paraganglioma||Stroke,TEAD2,concordant,0.5666666666666667,5.666666666666668,30,0.5532545187584605,0.921602787456446,5,adrenal|blood,0.4742,0.3566666666666667,0.5364,0.018
Pheochromocytoma_and_Paraganglioma||Stroke,MSX1,concordant,0.5666666666666667,5.666666666666668,30,0.3465757472541134,0.9146341463414634,18,adrenal|blood,0.4742,0.3566666666666667,0.6542,0.023
Pheochromocytoma_and_Paraganglioma||Stroke,HMX1,concordant,0.5333333333333333,5.333333333333335,30,0.8009953918392848,0.9076655052264808,3,adrenal|blood,0.4742,0.3566666666666667,0.6394,0.018
Pheochromocytoma_and_Paraganglioma||Stroke,NPAS1,concordant,0.5333333333333333,5.333333333333335,30,0.7139565272654584,0.9076655052264808,4,adrenal|blood,0.4742,0.3566666666666667,0.6124,0.027
Pheochromocytoma_and_Paraganglioma||Stroke,MECP2,concordant,0.5333333333333333,5.333333333333335,30,0.2985878815032622,0.921602787456446,33,adrenal|blood,0.4742,0.3566666666666667,0.609,0.027
Pheochromocytoma_and_Paraganglioma||Stroke,ETV1,concordant,0.5,5.000000000000001,30,0.3859525904423593,0.8972125435540069,20,adrenal|blood,0.4742,0.3566666666666667,0.7556,0.027
Pheochromocytoma_and_Paraganglioma||Stroke,HOXC8,concordant,0.5,5.000000000000001,30,0.3650942335437612,0.9059233449477352,12,adrenal|blood,0.4742,0.3566666666666667,0.5892,0.014
Pheochromocytoma_and_Paraganglioma||Stroke,HOXC6,concordant,0.5,5.000000000000001,30,0.3153326356446078,0.8972125435540069,12,adrenal|blood,0.4742,0.3566666666666667,0.6906,0.023
Pheochromocytoma_and_Paraganglioma||Stroke,THAP1,concordant,0.4666666666666667,4.666666666666668,30,0.5087183211767935,0.8832752613240418,3,adrenal|blood,0.4742,0.3566666666666667,0.5104,0.036
Pheochromocytoma_and_Paraganglioma||Stroke,MEIS3,concordant,0.4666666666666667,4.666666666666668,30,0.4689867078915566,0.7264808362369338,3,adrenal|blood,0.4742,0.3566666666666667,0.622,0.023
Prostate_Cancer||Stroke,HOXB2,concordant,0.6470588235294118,6.47058823529412,51,0.031690644367578,0.9453471196454948,8,blood|prostate,0.5194,0.4316666666666667,0.894,0.014
Prostate_Cancer||Stroke,NCOA4,concordant,0.5686274509803921,5.686274509803923,51,0.5352188409781538,0.9187592319054652,3,blood|prostate,0.5194,0.4316666666666667,0.7026,0.027
Prostate_Cancer||Stroke,ZNF335,concordant,0.5098039215686274,5.098039215686275,51,0.690662280853706,0.9542097488921714,7,blood|prostate,0.5194,0.4316666666666667,0.4472,0.041
Prostate_Cancer||Stroke,NFATC3,concordant,0.4705882352941176,4.7058823529411775,51,0.1397439048222959,0.8714918759231906,37,blood|prostate,0.5194,0.4316666666666667,0.7632,0.009
Prostate_Cancer||Stroke,TCFL5,concordant,0.4313725490196078,4.31372549019608,51,0.6976917097361294,0.8581979320531757,3,blood|prostate,0.5194,0.4316666666666667,0.596,0.041
Prostate_Cancer||Stroke,BARX2,concordant,0.4313725490196078,4.31372549019608,51,0.2168475072052481,0.7843426883308715,12,blood|prostate,0.5194,0.4316666666666667,0.6916,0.023
Prostate_Cancer||Stroke,GTF3A,discordant,0.4313725490196078,4.31372549019608,51,-0.4917621828010299,0.0221565731166912,24,blood|prostate,0.5194,0.4316666666666667,0.7932,0.054
Prostate_Cancer||Stroke,NRG1,discordant,0.4117647058823529,4.11764705882353,51,-0.0503686440171322,0.552437223042836,31,blood|prostate,0.5194,0.4316666666666667,0.6676,0.027
Prostate_Cancer||Stroke,SIM2,concordant,0.392156862745098,3.921568627450981,51,0.3626003139926378,0.8375184638109305,10,blood|prostate,0.5194,0.4316666666666667,0.672,0.032
Prostate_Cancer||Stroke,IRF9,concordant,0.392156862745098,3.921568627450981,51,0.096965569822961,0.7680945347119645,21,blood|prostate,0.5194,0.4316666666666667,0.809,0.032
Prostate_Cancer||Stroke,ZNF395,concordant,0.3725490196078431,3.725490196078432,51,0.5011369971827664,0.8685376661742984,6,blood|prostate,0.5194,0.4316666666666667,0.6942,0.009
Prostate_Cancer||Stroke,TLX1,discordant,0.3529411764705882,3.529411764705884,51,-0.0850183955286177,0.5258493353028065,9,blood|prostate,0.5194,0.4316666666666667,0.563,0.023
Psoriasis||Stroke,SMARCA5,concordant,0.6666666666666666,6.666666666666668,24,0.613736340466523,0.9426966292134832,13,blood|skin,0.42395,0.2654166666666667,0.7322,0.009
Psoriasis||Stroke,ARNT,concordant,0.5833333333333334,5.833333333333335,24,0.3848602896370938,0.9348314606741572,63,blood|skin,0.42395,0.2654166666666667,0.8034,0.005
Psoriasis||Stroke,TFDP2,concordant,0.5416666666666666,5.416666666666668,24,0.6208261963765684,0.9101123595505618,5,blood|skin,0.42395,0.2654166666666667,0.507,0.027
Psoriasis||Stroke,CBFA2T3,concordant,0.5,5.000000000000001,24,0.8302590622829096,0.8808988764044944,3,blood|skin,0.42395,0.2654166666666667,0.6272,0.009
Psoriasis||Stroke,E2F5,concordant,0.5,5.000000000000001,24,0.5429492755840555,0.9067415730337078,12,blood|skin,0.42395,0.2654166666666667,0.77,0.023
Psoriasis||Stroke,HLF,concordant,0.5,5.000000000000001,24,0.3080565691879899,0.8775280898876404,18,blood|skin,0.42395,0.2654166666666667,0.8674,0.014
Psoriasis||Stroke,PAX5,concordant,0.5,5.000000000000001,24,0.0905974164081477,0.7820224719101123,57,blood|skin,0.42395,0.2654166666666667,0.697,0.023
Psoriasis||Stroke,PRDM10,concordant,0.4583333333333333,4.583333333333334,24,0.8747755596940353,0.8573033707865169,2,blood|skin,0.42395,0.2654166666666667,0.5068,0.009
Psoriasis||Stroke,TLX2,concordant,0.4583333333333333,4.583333333333334,24,0.5900442568323867,0.7528089887640449,4,blood|skin,0.42395,0.2654166666666667,0.5538,0.014
Psoriasis||Stroke,CEBPE,concordant,0.4583333333333333,4.583333333333334,24,0.318890645250042,0.8876404494382022,32,blood|skin,0.42395,0.2654166666666667,0.8406,0.023
Psoriasis||Stroke,EHF,concordant,0.4583333333333333,4.583333333333334,24,0.2850514242129573,0.801123595505618,11,blood|skin,0.42395,0.2654166666666667,0.684,0.009
Psoriasis||Stroke,ZXDA,concordant,0.4166666666666667,4.166666666666668,24,0.8808504747335721,0.852808988764045,2,blood|skin,0.42395,0.2654166666666667,0.5566,0.009
Rectal_Cancer||Stroke,PML,concordant,0.5666666666666667,5.666666666666668,60,0.3543012305225683,0.9283058948486458,17,blood|colorectal,0.5642,0.4833333333333333,0.7004,0.036
Rectal_Cancer||Stroke,GTF3A,concordant,0.55,5.500000000000002,60,0.3293091148131042,0.9006903876792353,24,blood|colorectal,0.5642,0.4833333333333333,0.7932,0.054
Rectal_Cancer||Stroke,ZNF24,concordant,0.5333333333333333,5.333333333333335,60,0.4857306303418848,0.9028146574614976,5,blood|colorectal,0.5642,0.4833333333333333,0.6216,0.018
Rectal_Cancer||Stroke,ID4,concordant,0.5333333333333333,5.333333333333335,60,0.2693715146894762,0.9214020180562932,11,blood|colorectal,0.5642,0.4833333333333333,0.6938,0.027
Rectal_Cancer||Stroke,IKZF3,concordant,0.5166666666666667,5.166666666666669,60,0.4298179707865697,0.9107806691449816,6,blood|colorectal,0.5642,0.4833333333333333,0.7086,0.018
Rectal_Cancer||Stroke,CDX1,concordant,0.5,5.000000000000001,60,0.2396491046715045,0.893255443441317,28,blood|colorectal,0.5642,0.4833333333333333,0.6712,0.041
Rectal_Cancer||Stroke,MYCN,concordant,0.4666666666666667,4.666666666666668,60,0.1995784504890631,0.8884758364312267,130,blood|colorectal,0.5642,0.4833333333333333,0.75,0.023
Rectal_Cancer||Stroke,ZNF135,concordant,0.4333333333333333,4.333333333333335,60,0.8217761826345218,0.8746680828465215,2,blood|colorectal,0.5642,0.4833333333333333,0.5884,0.036
Rectal_Cancer||Stroke,MECP2,concordant,0.4333333333333333,4.333333333333335,60,0.1479106588644912,0.7530536378120021,33,blood|colorectal,0.5642,0.4833333333333333,0.609,0.027
Rectal_Cancer||Stroke,FOXN1,concordant,0.4333333333333333,4.333333333333335,60,0.102346177760657,0.7748274030801912,50,blood|colorectal,0.5642,0.4833333333333333,0.686,0.036
Rectal_Cancer||Stroke,SALL1,concordant,0.4166666666666667,4.166666666666668,60,0.4087625433069862,0.8321826872012745,5,blood|colorectal,0.5642,0.4833333333333333,0.6524,0.018
Rectal_Cancer||Stroke,CDX2,concordant,0.4166666666666667,4.166666666666668,60,0.1440384722408045,0.8507700477960701,59,blood|colorectal,0.5642,0.4833333333333333,0.5658,0.018
Sarcoma||Stroke,GTF3A,concordant,0.8333333333333334,8.333333333333336,30,0.5229179817286658,0.97459584295612,24,blood|soft_tissue,0.4975499999999999,0.3408333333333334,0.7932,0.054
Sarcoma||Stroke,KAT6A,concordant,0.7,7.000000000000001,30,0.5983342820066815,0.9653579676674364,10,blood|soft_tissue,0.4975499999999999,0.3408333333333334,0.6774,0.018
Sarcoma||Stroke,GTF2I,concordant,0.6,6.000000000000001,30,0.4432241678912746,0.9214780600461894,22,blood|soft_tissue,0.4975499999999999,0.3408333333333334,0.754,0.014
Sarcoma||Stroke,SIRT1,concordant,0.5666666666666667,5.666666666666668,30,0.3223172954858803,0.9099307159353348,58,blood|soft_tissue,0.4975499999999999,0.3408333333333334,0.8564,0.009
Sarcoma||Stroke,BMAL1,concordant,0.5666666666666667,5.666666666666668,30,0.234577499895602,0.9491916859122402,53,blood|soft_tissue,0.4975499999999999,0.3408333333333334,0.8762,0.009
Sarcoma||Stroke,THAP1,concordant,0.5333333333333333,5.333333333333335,30,0.7182051039754545,0.9260969976905312,3,blood|soft_tissue,0.4975499999999999,0.3408333333333334,0.5104,0.036
Sarcoma||Stroke,E2F8,concordant,0.5333333333333333,5.333333333333335,30,0.5118264661861398,0.9214780600461894,3,blood|soft_tissue,0.4975499999999999,0.3408333333333334,0.7014,0.036
Sarcoma||Stroke,KDM2B,concordant,0.5,5.000000000000001,30,0.6777726069919432,0.8891454965357968,3,blood|soft_tissue,0.4975499999999999,0.3408333333333334,0.6008,0.036
Sarcoma||Stroke,IKZF3,concordant,0.5,5.000000000000001,30,0.4933163781082788,0.8960739030023095,6,blood|soft_tissue,0.4975499999999999,0.3408333333333334,0.7086,0.018
Sarcoma||Stroke,SMARCE1,concordant,0.4666666666666667,4.666666666666668,30,0.8561054122024996,0.8822170900692841,3,blood|soft_tissue,0.4975499999999999,0.3408333333333334,0.5658,0.023
Sarcoma||Stroke,HOXD10,concordant,0.4666666666666667,4.666666666666668,30,0.4843998884145002,0.8060046189376443,5,blood|soft_tissue,0.4975499999999999,0.3408333333333334,0.7246,0.023
Sarcoma||Stroke,DMTF1,concordant,0.4666666666666667,4.666666666666668,30,0.3067786449093037,0.8383371824480369,15,blood|soft_tissue,0.4975499999999999,0.3408333333333334,0.6364,0.036
Sjögrens_Syndrome||Stroke,FOXL1,concordant,0.6666666666666666,6.666666666666668,21,0.9827394417476856,0.9309090909090908,2,blood|blood,0.5759,0.3691666666666667,0.5482,0.009
Sjögrens_Syndrome||Stroke,TFEC,concordant,0.6666666666666666,6.666666666666668,21,0.976182688733248,0.9592727272727272,4,blood|blood,0.5759,0.3691666666666667,0.855,0.009
Sjögrens_Syndrome||Stroke,BCL3,concordant,0.6666666666666666,6.666666666666668,21,0.679226450168352,0.96,26,blood|blood,0.5759,0.3691666666666667,0.8966,0.009
Sjögrens_Syndrome||Stroke,SP2,concordant,0.6666666666666666,6.666666666666668,21,0.6062887325549351,0.9512727272727272,23,blood|blood,0.5759,0.3691666666666667,0.7344,0.018
Sjögrens_Syndrome||Stroke,BRD4,concordant,0.6190476190476191,6.1904761904761925,21,0.6938036276857877,0.936,10,blood|blood,0.5759,0.3691666666666667,0.6502,0.027
Sjögrens_Syndrome||Stroke,TCF7L2,concordant,0.6190476190476191,6.1904761904761925,21,0.4027924825353812,0.9512727272727272,106,blood|blood,0.5759,0.3691666666666667,0.698,0.018
Sjögrens_Syndrome||Stroke,ARID5A,concordant,0.5714285714285714,5.714285714285715,21,0.8577397853991928,0.9061818181818182,4,blood|blood,0.5759,0.3691666666666667,0.7448,0.018
Sjögrens_Syndrome||Stroke,ELK4,concordant,0.5714285714285714,5.714285714285715,21,0.7853141984099052,0.9170909090909092,6,blood|blood,0.5759,0.3691666666666667,0.6784,0.023
Sjögrens_Syndrome||Stroke,POU2F2,concordant,0.5714285714285714,5.714285714285715,21,0.6289923927800765,0.9432727272727272,42,blood|blood,0.5759,0.3691666666666667,0.8576,0.014
Sjögrens_Syndrome||Stroke,KLF6,concordant,0.5714285714285714,5.714285714285715,21,0.5876816529315152,0.9381818181818182,51,blood|blood,0.5759,0.3691666666666667,0.8664,0.018
Sjögrens_Syndrome||Stroke,ATF3,concordant,0.5714285714285714,5.714285714285715,21,0.5700019734921152,0.925818181818182,97,blood|blood,0.5759,0.3691666666666667,0.742,0.005
Sjögrens_Syndrome||Stroke,E2F4,concordant,0.5714285714285714,5.714285714285715,21,0.4222049930213425,0.9134545454545454,162,blood|blood,0.5759,0.3691666666666667,0.6968,0.009
Stomach_Cancer||Stroke,HSF4,concordant,0.7555555555555555,7.555555555555557,90,0.4733799694033486,0.961082910321489,10,blood|stomach,0.6936500000000001,0.6633333333333334,0.663,0.027
Stomach_Cancer||Stroke,PHF20,concordant,0.6888888888888889,6.88888888888889,90,0.6257002879939415,0.9297800338409477,9,blood|stomach,0.6936500000000001,0.6633333333333334,0.684,0.036
Stomach_Cancer||Stroke,NFYB,concordant,0.6777777777777778,6.77777777777778,90,0.2659497141906257,0.9323181049069372,30,blood|stomach,0.6936500000000001,0.6633333333333334,0.6316,0.014
Stomach_Cancer||Stroke,TFDP2,concordant,0.6666666666666666,6.666666666666668,90,0.7577397108694272,0.9331641285956008,5,blood|stomach,0.6936500000000001,0.6633333333333334,0.507,0.027
Stomach_Cancer||Stroke,THAP1,concordant,0.6,6.000000000000001,90,0.793546377064339,0.916243654822335,3,blood|stomach,0.6936500000000001,0.6633333333333334,0.5104,0.036
Stomach_Cancer||Stroke,ZNF135,concordant,0.5888888888888889,5.88888888888889,90,0.853226800977183,0.9187817258883249,2,blood|stomach,0.6936500000000001,0.6633333333333334,0.5884,0.036
Stomach_Cancer||Stroke,AKNA,discordant,0.5666666666666667,5.666666666666668,90,-0.3515009402261571,0.910321489001692,2,blood|stomach,0.6936500000000001,0.6633333333333334,0.791,0.032
Stomach_Cancer||Stroke,ZBTB16,discordant,0.5444444444444444,5.4444444444444455,90,-0.0750790134431706,0.9120135363790186,48,blood|stomach,0.6936500000000001,0.6633333333333334,0.8324,0.018
Stomach_Cancer||Stroke,HOXD10,concordant,0.5222222222222223,5.222222222222224,90,0.5534377189963442,0.910321489001692,5,blood|stomach,0.6936500000000001,0.6633333333333334,0.7246,0.023
Stomach_Cancer||Stroke,KDM5B,concordant,0.5111111111111111,5.111111111111112,90,0.2140295773359855,0.9035532994923858,29,blood|stomach,0.6936500000000001,0.6633333333333334,0.879,0.009
Stomach_Cancer||Stroke,EP300,concordant,0.5111111111111111,5.111111111111112,90,0.2090451251612177,0.9001692047377327,65,blood|stomach,0.6936500000000001,0.6633333333333334,0.825,0.018
Stomach_Cancer||Stroke,HES1,concordant,0.5111111111111111,5.111111111111112,90,0.1245281129507027,0.9043993231810492,84,blood|stomach,0.6936500000000001,0.6633333333333334,0.6892,0.014
Stroke||Testicular_Cancer,BMAL1,concordant,0.8484848484848485,8.484848484848486,33,0.190361799814898,0.9678800856531048,53,blood|testis,0.5417000000000001,0.6204166666666667,0.8762,0.009
Stroke||Testicular_Cancer,NKX2-2,concordant,0.7878787878787878,7.87878787878788,33,0.3412038822956389,0.9764453961456104,20,blood|testis,0.5417000000000001,0.6204166666666667,0.5836,0.005
Stroke||Testicular_Cancer,OVOL1,concordant,0.7575757575757576,7.575757575757577,33,0.3429653376903447,0.9507494646680942,9,blood|testis,0.5417000000000001,0.6204166666666667,0.7918,0.014
Stroke||Testicular_Cancer,ZNF281,concordant,0.6666666666666666,6.666666666666668,33,0.7885795124460186,0.9678800856531048,3,blood|testis,0.5417000000000001,0.6204166666666667,0.7054,0.036
Stroke||Testicular_Cancer,TADA2A,concordant,0.6363636363636364,6.363636363636365,33,0.7261962819616221,0.9657387580299786,7,blood|testis,0.5417000000000001,0.6204166666666667,0.609,0.009
Stroke||Testicular_Cancer,SOX17,concordant,0.6363636363636364,6.363636363636365,33,0.5605532884979949,0.9443254817987152,42,blood|testis,0.5417000000000001,0.6204166666666667,0.892,0.041
Stroke||Testicular_Cancer,FUS,concordant,0.6363636363636364,6.363636363636365,33,0.4791191457360201,0.9507494646680942,4,blood|testis,0.5417000000000001,0.6204166666666667,0.6082,0.005
Stroke||Testicular_Cancer,ZBTB7A,concordant,0.6363636363636364,6.363636363636365,33,0.1793408510276682,0.925053533190578,36,blood|testis,0.5417000000000001,0.6204166666666667,0.6984,0.023
Stroke||Testicular_Cancer,UTF1,concordant,0.6060606060606061,6.060606060606062,33,0.7564728036316302,0.9464668094218416,4,blood|testis,0.5417000000000001,0.6204166666666667,0.4924,0.014
Stroke||Testicular_Cancer,ARID1B,concordant,0.6060606060606061,6.060606060606062,33,0.5764766282384359,0.9207708779443254,5,blood|testis,0.5417000000000001,0.6204166666666667,0.5464,0.009
Stroke||Testicular_Cancer,ZBTB33,concordant,0.6060606060606061,6.060606060606062,33,0.0817546958308315,0.9079229122055674,11,blood|testis,0.5417000000000001,0.6204166666666667,0.7692,0.018
Stroke||Testicular_Cancer,ID4,concordant,0.5757575757575758,5.75757575757576,33,0.5508930005543787,0.9464668094218416,11,blood|testis,0.5417000000000001,0.6204166666666667,0.6938,0.027
Stroke||Thymoma,RERE,concordant,0.9666666666666668,9.66666666666667,30,0.8653882018117338,0.9822335025380712,3,blood|thymus,0.5759000000000001,0.6616666666666666,0.6984,0.036
Stroke||Thymoma,RBPJ,concordant,0.9,9.000000000000002,30,0.0100856585240099,0.9289340101522844,134,blood|thymus,0.5759000000000001,0.6616666666666666,0.8768,0.054
Stroke||Thymoma,GFI1B,concordant,0.8333333333333334,8.333333333333336,30,0.3732840436508251,0.9365482233502538,12,blood|thymus,0.5759000000000001,0.6616666666666666,0.8886,0.009
Stroke||Thymoma,ZBTB18,concordant,0.7666666666666667,7.666666666666669,30,0.7283086476528836,0.9796954314720812,8,blood|thymus,0.5759000000000001,0.6616666666666666,0.7034,0.032
Stroke||Thymoma,AKNA,concordant,0.6666666666666666,6.666666666666668,30,0.9394381707495024,0.9467005076142132,2,blood|thymus,0.5759000000000001,0.6616666666666666,0.791,0.032
Stroke||Thymoma,ZNF277,concordant,0.6666666666666666,6.666666666666668,30,0.8211125643112529,0.949238578680203,2,blood|thymus,0.5759000000000001,0.6616666666666666,0.703,0.009
Stroke||Thymoma,FOXS1,concordant,0.6666666666666666,6.666666666666668,30,0.706049094573867,0.9467005076142132,3,blood|thymus,0.5759000000000001,0.6616666666666666,0.791,0.023
Stroke||Thymoma,ISL1,concordant,0.6666666666666666,6.666666666666668,30,0.5311324365784442,0.9619289340101524,30,blood|thymus,0.5759000000000001,0.6616666666666666,0.5882,0.054
Stroke||Thymoma,NCOA4,concordant,0.6666666666666666,6.666666666666668,30,0.3304078621725316,0.9263959390862944,3,blood|thymus,0.5759000000000001,0.6616666666666666,0.7026,0.027
Stroke||Thymoma,PITX1,concordant,0.6333333333333333,6.333333333333335,30,0.3104256854405864,0.9416243654822336,26,blood|thymus,0.5759000000000001,0.6616666666666666,0.6252,0.014
Stroke||Thymoma,HMX1,concordant,0.6,6.000000000000001,30,0.8448647502148496,0.931472081218274,3,blood|thymus,0.5759000000000001,0.6616666666666666,0.6394,0.018
Stroke||Thymoma,NR2E1,concordant,0.6,6.000000000000001,30,0.3156145157979191,0.9289340101522844,12,blood|thymus,0.5759000000000001,0.6616666666666666,0.5466,0.014
Stroke||Thyroid_Cancer,ZFHX3,concordant,0.7391304347826086,7.391304347826088,69,0.3701710102442455,0.9520333680917622,11,blood|thyroid,0.6563499999999999,0.57,0.5526,0.018
Stroke||Thyroid_Cancer,ZFP64,concordant,0.6811594202898551,6.8115942028985526,69,0.5209301057162548,0.9395203336809176,4,blood|thyroid,0.6563499999999999,0.57,0.7544,0.018
Stroke||Thyroid_Cancer,TFAP2C,concordant,0.6521739130434783,6.521739130434784,69,0.1839896209014102,0.9687174139728884,30,blood|thyroid,0.6563499999999999,0.57,0.6848,0.032
Stroke||Thyroid_Cancer,E2F5,concordant,0.6376811594202898,6.376811594202899,69,0.4607672876031538,0.9322210636079248,12,blood|thyroid,0.6563499999999999,0.57,0.77,0.023
Stroke||Thyroid_Cancer,HOXA4,concordant,0.5507246376811594,5.507246376811596,69,0.452788163255092,0.9280500521376434,4,blood|thyroid,0.6563499999999999,0.57,0.8346,0.014
Stroke||Thyroid_Cancer,NKX2-1,concordant,0.5507246376811594,5.507246376811596,69,0.200021105640667,0.9228362877997914,51,blood|thyroid,0.6563499999999999,0.57,0.6028,0.023
Stroke||Thyroid_Cancer,RBPJ,concordant,0.5507246376811594,5.507246376811596,69,0.1059386303879517,0.9197080291970804,134,blood|thyroid,0.6563499999999999,0.57,0.8768,0.054
Stroke||Thyroid_Cancer,ZNF281,concordant,0.5217391304347826,5.217391304347827,69,0.6728019268831441,0.908237747653806,3,blood|thyroid,0.6563499999999999,0.57,0.7054,0.036
Stroke||Thyroid_Cancer,LBX1,concordant,0.5072463768115942,5.072463768115943,69,0.6774882328350144,0.903023983315954,3,blood|thyroid,0.6563499999999999,0.57,0.6382,0.018
Stroke||Thyroid_Cancer,ST18,concordant,0.5072463768115942,5.072463768115943,69,0.5160722475021838,0.899895724713243,2,blood|thyroid,0.6563499999999999,0.57,0.6394,0.023
Stroke||Thyroid_Cancer,NSD2,concordant,0.4927536231884058,4.927536231884059,69,0.3077144572178936,0.8644421272158499,8,blood|thyroid,0.6563499999999999,0.57,0.5816,0.009
Stroke||Thyroid_Cancer,SREBF1,concordant,0.4927536231884058,4.927536231884059,69,0.1404051084009136,0.8988529718456726,118,blood|thyroid,0.6563499999999999,0.57,0.7814,0.009
Stroke||Uterine_Corpus_Endometrial_Carcinoma,E2F8,concordant,0.6666666666666666,6.666666666666668,18,0.9135247508789122,0.9629629629629628,3,blood|uterus_endometrium,0.45665,0.4020833333333333,0.7014,0.036
Stroke||Uterine_Corpus_Endometrial_Carcinoma,HMBOX1,concordant,0.6666666666666666,6.666666666666668,18,0.9073864343238338,0.951058201058201,3,blood|uterus_endometrium,0.45665,0.4020833333333333,0.5508,0.014
Stroke||Uterine_Corpus_Endometrial_Carcinoma,LHX3,concordant,0.6111111111111112,6.111111111111113,18,0.4955973888171291,0.9272486772486772,8,blood|uterus_endometrium,0.45665,0.4020833333333333,0.5306,0.023
Stroke||Uterine_Corpus_Endometrial_Carcinoma,SOX10,concordant,0.6111111111111112,6.111111111111113,18,0.4728941352069479,0.9417989417989416,27,blood|uterus_endometrium,0.45665,0.4020833333333333,0.5876,0.023
Stroke||Uterine_Corpus_Endometrial_Carcinoma,SOX17,concordant,0.6111111111111112,6.111111111111113,18,0.4630844656278168,0.9126984126984128,42,blood|uterus_endometrium,0.45665,0.4020833333333333,0.892,0.041
Stroke||Uterine_Corpus_Endometrial_Carcinoma,GLIS3,concordant,0.5,5.000000000000001,18,0.6073370320026785,0.8981481481481481,6,blood|uterus_endometrium,0.45665,0.4020833333333333,0.6572,0.032
Stroke||Uterine_Corpus_Endometrial_Carcinoma,ZFHX3,concordant,0.5,5.000000000000001,18,0.3132471690417477,0.9047619047619048,11,blood|uterus_endometrium,0.45665,0.4020833333333333,0.5526,0.018
Stroke||Uterine_Corpus_Endometrial_Carcinoma,RFXANK,concordant,0.4444444444444444,4.4444444444444455,18,0.5345223765749323,0.8664021164021164,12,blood|uterus_endometrium,0.45665,0.4020833333333333,0.5196,0.032
Stroke||Uterine_Corpus_Endometrial_Carcinoma,ONECUT2,concordant,0.4444444444444444,4.4444444444444455,18,0.5182927328320017,0.8571428571428571,4,blood|uterus_endometrium,0.45665,0.4020833333333333,0.5276,0.014
Stroke||Uterine_Corpus_Endometrial_Carcinoma,KLF15,concordant,0.4444444444444444,4.4444444444444455,18,0.2482943543181364,0.8716931216931217,22,blood|uterus_endometrium,0.45665,0.4020833333333333,0.7434,0.023
Stroke||Uterine_Corpus_Endometrial_Carcinoma,TP73,concordant,0.4444444444444444,4.4444444444444455,18,0.2422543980804717,0.8835978835978836,110,blood|uterus_endometrium,0.45665,0.4020833333333333,0.653,0.041
Stroke||Uterine_Corpus_Endometrial_Carcinoma,ETV4,concordant,0.4444444444444444,4.4444444444444455,18,0.12262932413426,0.8888888888888888,60,blood|uterus_endometrium,0.45665,0.4020833333333333,0.6634,0.027
Stroke||lower_grade_glioma_and_glioblastoma,FOXS1,concordant,0.6521739130434783,6.521739130434784,69,0.9076090905957104,0.9723333333333334,3,blood|brain,0.7374,0.58125,0.791,0.023
Stroke||lower_grade_glioma_and_glioblastoma,ISL1,concordant,0.6086956521739131,6.086956521739133,69,0.5435418546035763,0.971,30,blood|brain,0.7374,0.58125,0.5882,0.054
Stroke||lower_grade_glioma_and_glioblastoma,ZBTB20,concordant,0.5652173913043478,5.652173913043479,69,0.8548629308127803,0.926,3,blood|brain,0.7374,0.58125,0.6198,0.014
Stroke||lower_grade_glioma_and_glioblastoma,MEIS1,concordant,0.5507246376811594,5.507246376811596,69,0.4671224359895791,0.9316666666666666,15,blood|brain,0.7374,0.58125,0.7704,0.023
Stroke||lower_grade_glioma_and_glioblastoma,POU4F2,concordant,0.5362318840579711,5.362318840579712,69,0.3134339168254386,0.9296666666666666,27,blood|brain,0.7374,0.58125,0.4846,0.027
Stroke||lower_grade_glioma_and_glioblastoma,ZNF281,concordant,0.5217391304347826,5.217391304347827,69,0.6807264407993359,0.9116666666666666,3,blood|brain,0.7374,0.58125,0.7054,0.036
Stroke||lower_grade_glioma_and_glioblastoma,ETV1,concordant,0.5217391304347826,5.217391304347827,69,0.4607004649455767,0.9146666666666666,20,blood|brain,0.7374,0.58125,0.7726,0.027
Stroke||lower_grade_glioma_and_glioblastoma,CDX2,concordant,0.5217391304347826,5.217391304347827,69,0.4339842999520663,0.9083333333333332,59,blood|brain,0.7374,0.58125,0.5658,0.018
Stroke||lower_grade_glioma_and_glioblastoma,FOXN1,concordant,0.5217391304347826,5.217391304347827,69,0.377159668284288,0.948,50,blood|brain,0.7374,0.58125,0.686,0.036
Stroke||lower_grade_glioma_and_glioblastoma,RFX3,concordant,0.5072463768115942,5.072463768115943,69,0.5792536442635612,0.9036666666666666,6,blood|brain,0.7374,0.58125,0.7386,0.014
Stroke||lower_grade_glioma_and_glioblastoma,FOXA3,concordant,0.5072463768115942,5.072463768115943,69,0.4418480393245471,0.9076666666666666,12,blood|brain,0.7374,0.58125,0.5186,0.018
Stroke||lower_grade_glioma_and_glioblastoma,TBPL1,concordant,0.5072463768115942,5.072463768115943,69,0.2275941471565805,0.9003333333333333,36,blood|brain,0.7374,0.58125,0.613,0.027
